; GeoPIXE tabulated mass attenuation coefficients.
; Total photoelectric cross sections from the EGSnrc distribution
; of the Sabbatucci & Salvat renormalized MCDF calculation
; (HEN_HOUSE/data/photo_shellwise.data), converted from
; barns/atom to cm^2/g via mu/rho = sigma N_A 1e-24 / A.
; Photoabsorption only; excludes coherent/incoherent scattering.
; As distributed by EGSnrc the grid starts at 1 keV, so this set
; does NOT cover the sub-keV region.
;
Dataset    SabbatucciSalvat2016
Reference  L. Sabbatucci, F. Salvat, Radiat. Phys. Chem. 121 (2016) 122-140
Quantity   photoelectric mass attenuation coefficient
Units      keV cm2/g
Elements   92
;
; Edge discontinuities are encoded as repeated abscissae:
; two rows with identical energy bracket a jump. Never
; interpolate across such a pair.
;
Element    H     1     1.007900
Range      1.000000E+00 1.000000E+06
Npoints    158
Data
  1.000000E+00  6.821468E+00
  1.100000E+00  4.960974E+00
  1.250000E+00  3.233410E+00
  1.400000E+00  2.210082E+00
  1.500000E+00  1.752575E+00
  1.620190E+00  1.350414E+00
  1.750000E+00  1.042716E+00
  2.000000E+00  6.641085E-01
  2.200000E+00  4.810483E-01
  2.500000E+00  3.119091E-01
  2.738610E+00  2.284297E-01
  2.866330E+00  1.957342E-01
  3.000000E+00  1.679173E-01
  3.500000E+00  9.936204E-02
  4.000000E+00  6.301648E-02
  4.500000E+00  4.214877E-02
  5.000000E+00  2.939987E-02
  5.500000E+00  2.121695E-02
  6.000000E+00  1.574910E-02
  6.480740E+00  1.207738E-02
  7.000000E+00  9.283322E-03
  8.000000E+00  5.870019E-03
  9.000000E+00  3.916297E-03
  1.000000E+01  2.726060E-03
  1.100000E+01  1.963861E-03
  1.250000E+01  1.264656E-03
  1.400000E+01  8.558861E-04
  1.500000E+01  6.747678E-04
  1.620190E+01  5.166243E-04
  1.750000E+01  3.965955E-04
  2.000000E+01  2.502191E-04
  2.200000E+01  1.801008E-04
  2.500000E+01  1.158660E-04
  2.738610E+01  8.441274E-05
  2.866330E+01  7.215695E-05
  3.000000E+01  6.176473E-05
  3.500000E+01  3.628998E-05
  3.741660E+01  2.880906E-05
  4.000000E+01  2.289919E-05
  4.500000E+01  1.525976E-05
  5.000000E+01  1.061645E-05
  5.500000E+01  7.648280E-06
  6.000000E+01  5.671227E-06
  6.480740E+01  4.346893E-06
  7.000000E+01  3.341383E-06
  8.000000E+01  2.115379E-06
  9.000000E+01  1.414943E-06
  1.000000E+02  9.884759E-07
  1.100000E+02  7.153137E-07
  1.172600E+02  5.759053E-07
  1.250000E+02  4.644069E-07
  1.400000E+02  3.173290E-07
  1.500000E+02  2.519548E-07
  1.620190E+02  1.946946E-07
  1.750000E+02  1.510464E-07
  1.870830E+02  1.212488E-07
  2.000000E+02  9.745842E-08
  2.200000E+02  7.153316E-08
  2.345210E+02  5.822441E-08
  2.500000E+02  4.750178E-08
  2.738610E+02  3.556475E-08
  2.866330E+02  3.085996E-08
  3.000000E+02  2.683698E-08
  3.240370E+02  2.119699E-08
  3.367680E+02  1.886037E-08
  3.500000E+02  1.680135E-08
  3.741660E+02  1.377636E-08
  3.868670E+02  1.249384E-08
  4.000000E+02  1.134258E-08
  4.242640E+02  9.577767E-09
  4.500000E+02  8.111457E-09
  4.743420E+02  7.006990E-09
  5.000000E+02  6.069223E-09
  5.244040E+02  5.340119E-09
  5.500000E+02  4.709225E-09
  5.744560E+02  4.206333E-09
  6.000000E+02  3.763895E-09
  6.235740E+02  3.415072E-09
  6.480740E+02  3.103419E-09
  6.735370E+02  2.825883E-09
  7.000000E+02  2.577887E-09
  7.483310E+02  2.204531E-09
  7.737350E+02  2.042061E-09
  8.000000E+02  1.893858E-09
  8.485280E+02  1.662353E-09
  9.000000E+02  1.464673E-09
  9.486830E+02  1.311415E-09
  1.000000E+03  1.177445E-09
  1.048810E+03  1.070428E-09
  1.100000E+03  9.752236E-10
  1.172600E+03  8.632711E-10
  1.250000E+03  7.671224E-10
  1.322880E+03  6.926866E-10
  1.400000E+03  6.271116E-10
  1.500000E+03  5.573626E-10
  1.558930E+03  5.225162E-10
  1.620190E+03  4.903692E-10
  1.683840E+03  4.607454E-10
  1.750000E+03  4.333659E-10
  1.870830E+03  3.904049E-10
  2.000000E+03  3.526044E-10
  2.097620E+03  3.283516E-10
  2.200000E+03  3.061194E-10
  2.345210E+03  2.790978E-10
  2.500000E+03  2.549483E-10
  2.738610E+03  2.246422E-10
  3.000000E+03  1.986661E-10
  3.240370E+03  1.794077E-10
  3.500000E+03  1.623188E-10
  3.741660E+03  1.490305E-10
  4.000000E+03  1.370053E-10
  4.500000E+03  1.184072E-10
  5.000000E+03  1.041868E-10
  5.500000E+03  9.297244E-11
  6.000000E+03  8.390965E-11
  6.480740E+03  7.669372E-11
  7.000000E+03  7.017386E-11
  8.000000E+03  6.026861E-11
  9.000000E+03  5.279438E-11
  1.000000E+04  4.695812E-11
  1.100000E+04  4.227657E-11
  1.250000E+04  3.676899E-11
  1.400000E+04  3.252536E-11
  1.500000E+04  3.019955E-11
  1.750000E+04  2.561552E-11
  2.000000E+04  2.223663E-11
  2.200000E+04  2.011272E-11
  2.500000E+04  1.759100E-11
  3.000000E+04  1.454886E-11
  3.500000E+04  1.240278E-11
  4.000000E+04  1.080801E-11
  4.500000E+04  9.576333E-12
  5.000000E+04  8.596503E-12
  5.500000E+04  7.798490E-12
  6.000000E+04  7.135989E-12
  7.000000E+04  6.099516E-12
  8.000000E+04  5.325899E-12
  9.000000E+04  4.726386E-12
  1.000000E+05  4.248164E-12
  1.100000E+05  3.857809E-12
  1.250000E+05  3.390479E-12
  1.400000E+05  3.024126E-12
  1.500000E+05  2.820918E-12
  1.750000E+05  2.415184E-12
  2.000000E+05  2.111484E-12
  2.200000E+05  1.918481E-12
  2.500000E+05  1.687161E-12
  3.000000E+05  1.404846E-12
  3.500000E+05  1.203460E-12
  4.000000E+05  1.052575E-12
  4.500000E+05  9.353109E-13
  5.000000E+05  8.415522E-13
  5.500000E+05  7.648818E-13
  6.000000E+05  7.010156E-13
  7.000000E+05  6.006964E-13
  8.000000E+05  5.254953E-13
  9.000000E+05  4.670287E-13
  1.000000E+06  4.202694E-13
EndElement
Element    He    2     4.002600
Range      1.000000E+00 1.000000E+06
Npoints    157
Data
  1.000000E+00  5.657331E+01
  1.100000E+00  4.172588E+01
  1.250000E+00  2.768445E+01
  1.400000E+00  1.920853E+01
  1.500000E+00  1.536559E+01
  1.620190E+00  1.195181E+01
  1.750000E+00  9.309027E+00
  2.000000E+00  6.017732E+00
  2.200000E+00  4.402259E+00
  2.500000E+00  2.890600E+00
  2.738610E+00  2.135433E+00
  3.000000E+00  1.582147E+00
  3.500000E+00  9.483766E-01
  4.000000E+00  6.078532E-01
  4.500000E+00  4.101197E-01
  5.000000E+00  2.881904E-01
  5.500000E+00  2.093215E-01
  6.000000E+00  1.562483E-01
  6.480740E+00  1.204040E-01
  7.000000E+00  9.297216E-02
  8.000000E+00  5.923637E-02
  9.000000E+00  3.977237E-02
  1.000000E+01  2.783431E-02
  1.100000E+01  2.014602E-02
  1.250000E+01  1.305054E-02
  1.400000E+01  8.876361E-03
  1.500000E+01  7.018308E-03
  1.620190E+01  5.390588E-03
  1.750000E+01  4.150456E-03
  2.000000E+01  2.631711E-03
  2.200000E+01  1.900632E-03
  2.500000E+01  1.228008E-03
  2.738610E+01  8.973119E-04
  2.866330E+01  7.681006E-04
  3.000000E+01  6.583431E-04
  3.500000E+01  3.885308E-04
  3.741660E+01  3.090060E-04
  4.000000E+01  2.460433E-04
  4.500000E+01  1.644451E-04
  5.000000E+01  1.146939E-04
  5.500000E+01  8.280572E-05
  6.000000E+01  6.151533E-05
  6.480740E+01  4.722670E-05
  7.000000E+01  3.635732E-05
  8.000000E+01  2.307494E-05
  9.000000E+01  1.546625E-05
  1.000000E+02  1.082351E-05
  1.100000E+02  7.844190E-06
  1.172600E+02  6.321503E-06
  1.250000E+02  5.102285E-06
  1.400000E+02  3.491791E-06
  1.500000E+02  2.774930E-06
  1.620190E+02  2.146371E-06
  1.750000E+02  1.666673E-06
  1.870830E+02  1.338893E-06
  2.000000E+02  1.076974E-06
  2.200000E+02  7.912572E-07
  2.345210E+02  6.444440E-07
  2.500000E+02  5.260730E-07
  2.738610E+02  3.941925E-07
  2.866330E+02  3.421739E-07
  3.000000E+02  2.976706E-07
  3.240370E+02  2.352481E-07
  3.367680E+02  2.093742E-07
  3.500000E+02  1.865651E-07
  3.741660E+02  1.530421E-07
  3.868670E+02  1.388225E-07
  4.000000E+02  1.260547E-07
  4.242640E+02  1.064762E-07
  4.500000E+02  9.020182E-08
  4.743420E+02  7.793968E-08
  5.000000E+02  6.752377E-08
  5.244040E+02  5.942294E-08
  5.500000E+02  5.241095E-08
  5.744560E+02  4.682047E-08
  6.000000E+02  4.190117E-08
  6.235740E+02  3.802197E-08
  6.480740E+02  3.455516E-08
  6.735370E+02  3.146721E-08
  7.000000E+02  2.870740E-08
  7.483310E+02  2.455182E-08
  7.737350E+02  2.274304E-08
  8.000000E+02  2.109299E-08
  8.485280E+02  1.851508E-08
  9.000000E+02  1.631331E-08
  9.486830E+02  1.460603E-08
  1.000000E+03  1.311348E-08
  1.048810E+03  1.192122E-08
  1.100000E+03  1.086041E-08
  1.172600E+03  9.612857E-09
  1.250000E+03  8.541281E-09
  1.322880E+03  7.711743E-09
  1.400000E+03  6.980935E-09
  1.500000E+03  6.203515E-09
  1.558930E+03  5.815144E-09
  1.620190E+03  5.456879E-09
  1.683840E+03  5.126764E-09
  1.750000E+03  4.821670E-09
  1.870830E+03  4.342965E-09
  2.000000E+03  3.921779E-09
  2.097620E+03  3.651576E-09
  2.200000E+03  3.403895E-09
  2.345210E+03  3.102909E-09
  2.500000E+03  2.833939E-09
  2.738610E+03  2.496452E-09
  3.000000E+03  2.207246E-09
  3.240370E+03  1.992891E-09
  3.500000E+03  1.802700E-09
  3.741660E+03  1.654847E-09
  4.000000E+03  1.521077E-09
  4.500000E+03  1.314232E-09
  5.000000E+03  1.156120E-09
  5.500000E+03  1.031470E-09
  6.000000E+03  9.307582E-10
  6.480740E+03  8.505864E-10
  7.000000E+03  7.781645E-10
  8.000000E+03  6.681663E-10
  9.000000E+03  5.851930E-10
  1.000000E+04  5.204188E-10
  1.100000E+04  4.684725E-10
  1.250000E+04  4.073739E-10
  1.400000E+04  3.603083E-10
  1.500000E+04  3.345172E-10
  1.750000E+04  2.836963E-10
  2.000000E+04  2.462449E-10
  2.200000E+04  2.227061E-10
  2.500000E+04  1.947649E-10
  3.000000E+04  1.610629E-10
  3.500000E+04  1.372931E-10
  4.000000E+04  1.196313E-10
  4.500000E+04  1.059926E-10
  5.000000E+04  9.514368E-11
  5.500000E+04  8.630848E-11
  6.000000E+04  7.897391E-11
  7.000000E+04  6.750030E-11
  8.000000E+04  5.893666E-11
  9.000000E+04  5.230097E-11
  1.000000E+05  4.700808E-11
  1.100000E+05  4.268775E-11
  1.250000E+05  3.751583E-11
  1.400000E+05  3.346150E-11
  1.500000E+05  3.121264E-11
  1.750000E+05  2.672289E-11
  2.000000E+05  2.336216E-11
  2.200000E+05  2.122659E-11
  2.500000E+05  1.866689E-11
  3.000000E+05  1.554313E-11
  3.500000E+05  1.331493E-11
  4.000000E+05  1.164547E-11
  4.500000E+05  1.034800E-11
  5.000000E+05  9.310667E-12
  5.500000E+05  8.462352E-12
  6.000000E+05  7.755707E-12
  7.000000E+05  6.645810E-12
  8.000000E+05  5.813804E-12
  9.000000E+05  5.166936E-12
  1.000000E+06  4.649608E-12
EndElement
Element    Li    3     6.941000
Range      1.000000E+00 1.000000E+06
Npoints    156
Data
  1.000000E+00  2.151113E+02
  1.100000E+00  1.605077E+02
  1.250000E+00  1.080749E+02
  1.400000E+00  7.591160E+01
  1.500000E+00  6.119392E+01
  1.750000E+00  3.769751E+01
  2.000000E+00  2.468340E+01
  2.200000E+00  1.821010E+01
  2.500000E+00  1.207881E+01
  2.738610E+00  8.985752E+00
  3.000000E+00  6.702727E+00
  3.500000E+00  4.064082E+00
  4.000000E+00  2.627227E+00
  4.500000E+00  1.784674E+00
  5.000000E+00  1.261648E+00
  5.500000E+00  9.214370E-01
  6.000000E+00  6.909949E-01
  6.480740E+00  5.345225E-01
  7.000000E+00  4.142055E-01
  8.000000E+00  2.655538E-01
  9.000000E+00  1.792335E-01
  1.000000E+01  1.259800E-01
  1.100000E+01  9.152682E-02
  1.250000E+01  5.958284E-02
  1.400000E+01  4.069322E-02
  1.500000E+01  3.225199E-02
  1.620190E+01  2.483758E-02
  1.750000E+01  1.917159E-02
  2.000000E+01  1.220722E-02
  2.200000E+01  8.841294E-03
  2.500000E+01  5.733423E-03
  2.738610E+01  4.200142E-03
  2.866330E+01  3.599654E-03
  3.000000E+01  3.088800E-03
  3.500000E+01  1.829929E-03
  3.741660E+01  1.457712E-03
  4.000000E+01  1.162461E-03
  4.500000E+01  7.789740E-04
  5.000000E+01  5.445148E-04
  5.500000E+01  3.938815E-04
  6.000000E+01  2.931024E-04
  6.480740E+01  2.253492E-04
  7.000000E+01  1.737198E-04
  8.000000E+01  1.105068E-04
  9.000000E+01  7.420837E-05
  1.000000E+02  5.201521E-05
  1.100000E+02  3.774904E-05
  1.172600E+02  3.044838E-05
  1.250000E+02  2.459673E-05
  1.400000E+02  1.685722E-05
  1.500000E+02  1.340766E-05
  1.620190E+02  1.038010E-05
  1.750000E+02  8.067031E-06
  1.870830E+02  6.485085E-06
  2.000000E+02  5.220001E-06
  2.200000E+02  3.838701E-06
  2.345210E+02  3.128294E-06
  2.500000E+02  2.555111E-06
  2.738610E+02  1.916049E-06
  2.866330E+02  1.663789E-06
  3.000000E+02  1.447873E-06
  3.240370E+02  1.144875E-06
  3.367680E+02  1.019218E-06
  3.500000E+02  9.084141E-07
  3.741660E+02  7.454935E-07
  3.868670E+02  6.763556E-07
  4.000000E+02  6.142618E-07
  4.242640E+02  5.190147E-07
  4.500000E+02  4.398098E-07
  4.743420E+02  3.801098E-07
  5.000000E+02  3.293810E-07
  5.244040E+02  2.899147E-07
  5.500000E+02  2.557436E-07
  5.744560E+02  2.284934E-07
  6.000000E+02  2.045090E-07
  6.235740E+02  1.855923E-07
  6.480740E+02  1.686833E-07
  6.735370E+02  1.536197E-07
  7.000000E+02  1.401542E-07
  7.483310E+02  1.198745E-07
  7.737350E+02  1.110465E-07
  8.000000E+02  1.029915E-07
  8.485280E+02  9.040499E-08
  9.000000E+02  7.965355E-08
  9.486830E+02  7.131600E-08
  1.000000E+03  6.402609E-08
  1.048810E+03  5.820194E-08
  1.100000E+03  5.301939E-08
  1.172600E+03  4.692472E-08
  1.250000E+03  4.168942E-08
  1.322880E+03  3.763634E-08
  1.400000E+03  3.406548E-08
  1.500000E+03  3.026731E-08
  1.558930E+03  2.836983E-08
  1.620190E+03  2.661941E-08
  1.683840E+03  2.500650E-08
  1.750000E+03  2.351593E-08
  1.870830E+03  2.117744E-08
  2.000000E+03  1.912032E-08
  2.097620E+03  1.780067E-08
  2.200000E+03  1.659130E-08
  2.345210E+03  1.512164E-08
  2.500000E+03  1.380850E-08
  2.738610E+03  1.216115E-08
  3.000000E+03  1.074979E-08
  3.240370E+03  9.703880E-09
  3.500000E+03  8.776135E-09
  3.741660E+03  8.054962E-09
  4.000000E+03  7.402626E-09
  4.500000E+03  6.394193E-09
  5.000000E+03  5.623591E-09
  5.500000E+03  5.016250E-09
  6.000000E+03  4.525664E-09
  6.480740E+03  4.135209E-09
  7.000000E+03  3.782583E-09
  8.000000E+03  3.247123E-09
  9.000000E+03  2.843351E-09
  1.000000E+04  2.528223E-09
  1.100000E+04  2.275555E-09
  1.250000E+04  1.978439E-09
  1.400000E+04  1.749631E-09
  1.500000E+04  1.624260E-09
  1.750000E+04  1.377284E-09
  2.000000E+04  1.195309E-09
  2.200000E+04  1.080975E-09
  2.500000E+04  9.452531E-10
  3.000000E+04  7.815934E-10
  3.500000E+04  6.661845E-10
  4.000000E+04  5.804455E-10
  4.500000E+04  5.142436E-10
  5.000000E+04  4.615879E-10
  5.500000E+04  4.187084E-10
  6.000000E+04  3.831152E-10
  7.000000E+04  3.274384E-10
  8.000000E+04  2.858873E-10
  9.000000E+04  2.536917E-10
  1.000000E+05  2.280128E-10
  1.100000E+05  2.070528E-10
  1.250000E+05  1.819630E-10
  1.400000E+05  1.622950E-10
  1.500000E+05  1.513864E-10
  1.750000E+05  1.296075E-10
  2.000000E+05  1.133067E-10
  2.200000E+05  1.029482E-10
  2.500000E+05  9.053253E-11
  3.000000E+05  7.538139E-11
  3.500000E+05  6.457434E-11
  4.000000E+05  5.647737E-11
  4.500000E+05  5.018471E-11
  5.000000E+05  4.515373E-11
  5.500000E+05  4.103958E-11
  6.000000E+05  3.761248E-11
  7.000000E+05  3.222960E-11
  8.000000E+05  2.819465E-11
  9.000000E+05  2.505752E-11
  1.000000E+06  2.254863E-11
EndElement
Element    Be    4     9.012200
Range      1.000000E+00 1.000000E+06
Npoints    155
Data
  1.000000E+00  5.652274E+02
  1.100000E+00  4.264452E+02
  1.250000E+00  2.912895E+02
  1.400000E+00  2.073029E+02
  1.500000E+00  1.682914E+02
  1.750000E+00  1.052461E+02
  2.000000E+00  6.983443E+01
  2.200000E+00  5.199567E+01
  2.500000E+00  3.491822E+01
  2.738610E+00  2.620027E+01
  3.000000E+00  1.969140E+01
  3.500000E+00  1.208023E+01
  4.000000E+00  7.889484E+00
  4.500000E+00  5.406729E+00
  5.000000E+00  3.849801E+00
  5.500000E+00  2.828198E+00
  6.000000E+00  2.131979E+00
  6.480740E+00  1.656947E+00
  7.000000E+00  1.289740E+00
  8.000000E+00  8.327837E-01
  9.000000E+00  5.653897E-01
  1.000000E+01  3.994210E-01
  1.100000E+01  2.914439E-01
  1.250000E+01  1.907610E-01
  1.400000E+01  1.308791E-01
  1.500000E+01  1.040106E-01
  1.620190E+01  8.033419E-02
  1.750000E+01  6.217522E-02
  2.000000E+01  3.977010E-02
  2.200000E+01  2.889327E-02
  2.500000E+01  1.881002E-02
  2.738610E+01  1.381700E-02
  2.866330E+01  1.185678E-02
  3.000000E+01  1.018643E-02
  3.500000E+01  6.059367E-03
  4.000000E+01  3.861856E-03
  4.500000E+01  2.594923E-03
  5.000000E+01  1.818069E-03
  5.500000E+01  1.317745E-03
  6.000000E+01  9.822915E-04
  6.480740E+01  7.563660E-04
  7.000000E+01  5.838901E-04
  8.000000E+01  3.722933E-04
  9.000000E+01  2.504906E-04
  1.000000E+02  1.758644E-04
  1.100000E+02  1.278100E-04
  1.172600E+02  1.031847E-04
  1.250000E+02  8.342671E-05
  1.400000E+02  5.726012E-05
  1.500000E+02  4.558129E-05
  1.620190E+02  3.532149E-05
  1.750000E+02  2.747404E-05
  1.870830E+02  2.210234E-05
  2.000000E+02  1.780308E-05
  2.200000E+02  1.310435E-05
  2.345210E+02  1.068559E-05
  2.500000E+02  8.732646E-06
  2.738610E+02  6.553657E-06
  2.866330E+02  5.692888E-06
  3.000000E+02  4.955780E-06
  3.240370E+02  3.920860E-06
  3.367680E+02  3.491461E-06
  3.500000E+02  3.112680E-06
  3.741660E+02  2.555511E-06
  3.868670E+02  2.318967E-06
  4.000000E+02  2.106460E-06
  4.242640E+02  1.780395E-06
  4.500000E+02  1.509130E-06
  4.743420E+02  1.304588E-06
  5.000000E+02  1.130730E-06
  5.244040E+02  9.954220E-07
  5.500000E+02  8.782361E-07
  5.744560E+02  7.847654E-07
  6.000000E+02  7.024739E-07
  6.235740E+02  6.375556E-07
  6.480740E+02  5.795186E-07
  6.735370E+02  5.278037E-07
  7.000000E+02  4.815661E-07
  7.483310E+02  4.119215E-07
  7.737350E+02  3.815983E-07
  8.000000E+02  3.539272E-07
  8.485280E+02  3.106813E-07
  9.000000E+02  2.737327E-07
  9.486830E+02  2.450754E-07
  1.000000E+03  2.200171E-07
  1.048810E+03  1.999959E-07
  1.100000E+03  1.821784E-07
  1.172600E+03  1.612237E-07
  1.250000E+03  1.432211E-07
  1.322880E+03  1.292834E-07
  1.400000E+03  1.170042E-07
  1.500000E+03  1.039431E-07
  1.558930E+03  9.741859E-08
  1.620190E+03  9.139993E-08
  1.683840E+03  8.585369E-08
  1.750000E+03  8.072911E-08
  1.870830E+03  7.268841E-08
  2.000000E+03  6.561522E-08
  2.097620E+03  6.107914E-08
  2.200000E+03  5.692240E-08
  2.345210E+03  5.187159E-08
  2.500000E+03  4.735916E-08
  2.738610E+03  4.169912E-08
  3.000000E+03  3.685098E-08
  3.240370E+03  3.325889E-08
  3.500000E+03  3.007328E-08
  3.741660E+03  2.759753E-08
  4.000000E+03  2.535845E-08
  4.500000E+03  2.189787E-08
  5.000000E+03  1.925432E-08
  5.500000E+03  1.717134E-08
  6.000000E+03  1.548923E-08
  6.480740E+03  1.415078E-08
  7.000000E+03  1.294217E-08
  8.000000E+03  1.110750E-08
  9.000000E+03  9.724419E-09
  1.000000E+04  8.645242E-09
  1.100000E+04  7.780230E-09
  1.250000E+04  6.763198E-09
  1.400000E+04  5.980223E-09
  1.500000E+04  5.551299E-09
  1.750000E+04  4.706427E-09
  2.000000E+04  4.084100E-09
  2.200000E+04  3.693123E-09
  2.500000E+04  3.229138E-09
  3.000000E+04  2.669716E-09
  3.500000E+04  2.275306E-09
  4.000000E+04  1.982331E-09
  4.500000E+04  1.756145E-09
  5.000000E+04  1.576253E-09
  5.500000E+04  1.429779E-09
  6.000000E+04  1.308196E-09
  7.000000E+04  1.118027E-09
  8.000000E+04  9.761171E-10
  9.000000E+04  8.661614E-10
  1.000000E+05  7.784707E-10
  1.100000E+05  7.068976E-10
  1.250000E+05  6.212243E-10
  1.400000E+05  5.540695E-10
  1.500000E+05  5.168228E-10
  1.750000E+05  4.424611E-10
  2.000000E+05  3.868050E-10
  2.200000E+05  3.514394E-10
  2.500000E+05  3.090542E-10
  3.000000E+05  2.573279E-10
  3.500000E+05  2.204341E-10
  4.000000E+05  1.927924E-10
  4.500000E+05  1.713105E-10
  5.000000E+05  1.541358E-10
  5.500000E+05  1.400912E-10
  6.000000E+05  1.283920E-10
  7.000000E+05  1.100172E-10
  8.000000E+05  9.624319E-11
  9.000000E+05  8.553428E-11
  1.000000E+06  7.696970E-11
EndElement
Element    B     5    10.810000
Range      1.000000E+00 1.000000E+06
Npoints    155
Data
  1.000000E+00  1.162546E+03
  1.100000E+00  8.835723E+02
  1.250000E+00  6.098852E+02
  1.400000E+00  4.375038E+02
  1.500000E+00  3.569564E+02
  1.750000E+00  2.258303E+02
  2.000000E+00  1.513190E+02
  2.200000E+00  1.134770E+02
  2.500000E+00  7.696028E+01
  2.738610E+00  5.814792E+01
  3.000000E+00  4.399305E+01
  3.500000E+00  2.729166E+01
  4.000000E+00  1.798793E+01
  4.500000E+00  1.242121E+01
  5.000000E+00  8.902685E+00
  5.500000E+00  6.577281E+00
  6.000000E+00  4.983257E+00
  6.480740E+00  3.889913E+00
  7.000000E+00  3.040167E+00
  8.000000E+00  1.976622E+00
  9.000000E+00  1.349634E+00
  1.000000E+01  9.581165E-01
  1.100000E+01  7.020446E-01
  1.250000E+01  4.619617E-01
  1.400000E+01  3.183629E-01
  1.500000E+01  2.536569E-01
  1.620190E+01  1.964733E-01
  1.750000E+01  1.524671E-01
  2.000000E+01  9.795978E-02
  2.200000E+01  7.138159E-02
  2.500000E+01  4.664858E-02
  2.738610E+01  3.435662E-02
  2.866330E+01  2.951902E-02
  3.000000E+01  2.539032E-02
  3.500000E+01  1.516304E-02
  4.000000E+01  9.694866E-03
  4.500000E+01  6.531600E-03
  5.000000E+01  4.586543E-03
  5.500000E+01  3.330790E-03
  6.000000E+01  2.487100E-03
  6.480740E+01  1.917871E-03
  7.000000E+01  1.482561E-03
  8.000000E+01  9.474594E-04
  9.000000E+01  6.386812E-04
  1.000000E+02  4.491241E-04
  1.100000E+02  3.268496E-04
  1.172600E+02  2.641118E-04
  1.250000E+02  2.137191E-04
  1.400000E+02  1.468990E-04
  1.500000E+02  1.170351E-04
  1.620190E+02  9.077444E-05
  1.750000E+02  7.066628E-05
  1.870830E+02  5.689001E-05
  2.000000E+02  4.585507E-05
  2.200000E+02  3.378393E-05
  2.345210E+02  2.756458E-05
  2.500000E+02  2.253941E-05
  2.738610E+02  1.692829E-05
  2.866330E+02  1.471018E-05
  3.000000E+02  1.280978E-05
  3.240370E+02  1.014026E-05
  3.367680E+02  9.032152E-06
  3.500000E+02  8.054293E-06
  3.741660E+02  6.615330E-06
  3.868670E+02  6.004147E-06
  4.000000E+02  5.454956E-06
  4.242640E+02  4.612007E-06
  4.500000E+02  3.910442E-06
  4.743420E+02  3.381251E-06
  5.000000E+02  2.931262E-06
  5.244040E+02  2.580964E-06
  5.500000E+02  2.277500E-06
  5.744560E+02  2.035367E-06
  6.000000E+02  1.822152E-06
  6.235740E+02  1.653916E-06
  6.480740E+02  1.503491E-06
  6.735370E+02  1.369421E-06
  7.000000E+02  1.249530E-06
  7.483310E+02  1.068905E-06
  7.737350E+02  9.902494E-07
  8.000000E+02  9.184572E-07
  8.485280E+02  8.062538E-07
  9.000000E+02  7.103731E-07
  9.486830E+02  6.359905E-07
  1.000000E+03  5.709446E-07
  1.048810E+03  5.189665E-07
  1.100000E+03  4.727102E-07
  1.172600E+03  4.183003E-07
  1.250000E+03  3.715544E-07
  1.322880E+03  3.353630E-07
  1.400000E+03  3.034780E-07
  1.500000E+03  2.695596E-07
  1.558930E+03  2.526157E-07
  1.620190E+03  2.369866E-07
  1.683840E+03  2.225863E-07
  1.750000E+03  2.092786E-07
  1.870830E+03  1.884016E-07
  2.000000E+03  1.700394E-07
  2.097620E+03  1.582648E-07
  2.200000E+03  1.474762E-07
  2.345210E+03  1.343678E-07
  2.500000E+03  1.226584E-07
  2.738610E+03  1.079729E-07
  3.000000E+03  9.539717E-08
  3.240370E+03  8.608096E-08
  3.500000E+03  7.782099E-08
  3.741660E+03  7.140275E-08
  4.000000E+03  6.559844E-08
  4.500000E+03  5.663096E-08
  5.000000E+03  4.978255E-08
  5.500000E+03  4.438797E-08
  6.000000E+03  4.003253E-08
  6.480740E+03  3.656765E-08
  7.000000E+03  3.343965E-08
  8.000000E+03  2.869241E-08
  9.000000E+03  2.511483E-08
  1.000000E+04  2.232415E-08
  1.100000E+04  2.008766E-08
  1.250000E+04  1.745897E-08
  1.400000E+04  1.543557E-08
  1.500000E+04  1.432735E-08
  1.750000E+04  1.214484E-08
  2.000000E+04  1.053763E-08
  2.200000E+04  9.528074E-09
  2.500000E+04  8.330164E-09
  3.000000E+04  6.886187E-09
  3.500000E+04  5.868328E-09
  4.000000E+04  5.112358E-09
  4.500000E+04  4.528778E-09
  5.000000E+04  4.064700E-09
  5.500000E+04  3.686842E-09
  6.000000E+04  3.373224E-09
  7.000000E+04  2.882728E-09
  8.000000E+04  2.516731E-09
  9.000000E+04  2.233178E-09
  1.000000E+05  2.007039E-09
  1.100000E+05  1.822480E-09
  1.250000E+05  1.601561E-09
  1.400000E+05  1.428401E-09
  1.500000E+05  1.332364E-09
  1.750000E+05  1.140641E-09
  2.000000E+05  9.971462E-10
  2.200000E+05  9.059673E-10
  2.500000E+05  7.966941E-10
  3.000000E+05  6.633435E-10
  3.500000E+05  5.682316E-10
  4.000000E+05  4.969726E-10
  4.500000E+05  4.415951E-10
  5.000000E+05  3.973215E-10
  5.500000E+05  3.611168E-10
  6.000000E+05  3.309587E-10
  7.000000E+05  2.835916E-10
  8.000000E+05  2.480849E-10
  9.000000E+05  2.204805E-10
  1.000000E+06  1.984036E-10
EndElement
Element    C     6    12.011000
Range      1.000000E+00 1.000000E+06
Npoints    153
Data
  1.000000E+00  2.113169E+03
  1.100000E+00  1.619590E+03
  1.250000E+00  1.129637E+03
  1.400000E+00  8.173185E+02
  1.500000E+00  6.703273E+02
  1.750000E+00  4.285391E+02
  2.000000E+00  2.896228E+02
  2.200000E+00  2.183819E+02
  2.500000E+00  1.491953E+02
  3.000000E+00  8.617162E+01
  3.500000E+00  5.393002E+01
  4.000000E+00  3.581497E+01
  4.500000E+00  2.490000E+01
  5.000000E+00  1.795331E+01
  5.500000E+00  1.333329E+01
  6.000000E+00  1.014920E+01
  7.000000E+00  6.240595E+00
  8.000000E+00  4.083524E+00
  9.000000E+00  2.803176E+00
  1.000000E+01  1.999204E+00
  1.100000E+01  1.470724E+00
  1.250000E+01  9.727530E-01
  1.400000E+01  6.732454E-01
  1.500000E+01  5.377710E-01
  1.620190E+01  4.176927E-01
  1.750000E+01  3.249680E-01
  2.000000E+01  2.096929E-01
  2.200000E+01  1.532485E-01
  2.500000E+01  1.005218E-01
  2.738610E+01  7.422410E-02
  2.866330E+01  6.385044E-02
  3.000000E+01  5.498293E-02
  3.500000E+01  3.296243E-02
  4.000000E+01  2.114117E-02
  4.500000E+01  1.428021E-02
  5.000000E+01  1.004977E-02
  5.500000E+01  7.312005E-03
  6.000000E+01  5.468912E-03
  6.480740E+01  4.223275E-03
  7.000000E+01  3.269068E-03
  8.000000E+01  2.093831E-03
  9.000000E+01  1.414077E-03
  1.000000E+02  9.959420E-04
  1.100000E+02  7.257705E-04
  1.172600E+02  5.869720E-04
  1.250000E+02  4.753736E-04
  1.400000E+02  3.272092E-04
  1.500000E+02  2.609024E-04
  1.620190E+02  2.025412E-04
  1.750000E+02  1.578056E-04
  1.870830E+02  1.271303E-04
  2.000000E+02  1.025398E-04
  2.200000E+02  7.561545E-05
  2.345210E+02  6.173158E-05
  2.500000E+02  5.050506E-05
  2.738610E+02  3.796115E-05
  2.866330E+02  3.299863E-05
  3.000000E+02  2.874508E-05
  3.240370E+02  2.276716E-05
  3.367680E+02  2.028440E-05
  3.500000E+02  1.809289E-05
  3.741660E+02  1.486658E-05
  3.868670E+02  1.349574E-05
  4.000000E+02  1.226354E-05
  4.242640E+02  1.037171E-05
  4.500000E+02  8.796507E-06
  4.743420E+02  7.607872E-06
  5.000000E+02  6.596778E-06
  5.244040E+02  5.809453E-06
  5.500000E+02  5.127218E-06
  5.744560E+02  4.582738E-06
  6.000000E+02  4.103178E-06
  6.235740E+02  3.724697E-06
  6.480740E+02  3.386212E-06
  6.735370E+02  3.084473E-06
  7.000000E+02  2.814597E-06
  7.483310E+02  2.407944E-06
  7.737350E+02  2.230814E-06
  8.000000E+02  2.069148E-06
  8.485280E+02  1.816409E-06
  9.000000E+02  1.600397E-06
  9.486830E+02  1.432809E-06
  1.000000E+03  1.286229E-06
  1.048810E+03  1.169090E-06
  1.100000E+03  1.064827E-06
  1.172600E+03  9.421835E-07
  1.250000E+03  8.368074E-07
  1.322880E+03  7.552169E-07
  1.400000E+03  6.833382E-07
  1.500000E+03  6.068820E-07
  1.558930E+03  5.686864E-07
  1.620190E+03  5.334541E-07
  1.683840E+03  5.009884E-07
  1.750000E+03  4.709895E-07
  1.870830E+03  4.239325E-07
  2.000000E+03  3.825506E-07
  2.097620E+03  3.560173E-07
  2.200000E+03  3.317071E-07
  2.345210E+03  3.021735E-07
  2.500000E+03  2.757946E-07
  2.738610E+03  2.427172E-07
  3.000000E+03  2.143964E-07
  3.240370E+03  1.934210E-07
  3.500000E+03  1.748266E-07
  3.741660E+03  1.603812E-07
  4.000000E+03  1.473211E-07
  4.500000E+03  1.271463E-07
  5.000000E+03  1.117438E-07
  5.500000E+03  9.961426E-08
  6.000000E+03  8.982421E-08
  6.480740E+03  8.203719E-08
  7.000000E+03  7.500877E-08
  8.000000E+03  6.434480E-08
  9.000000E+03  5.631060E-08
  1.000000E+04  5.004564E-08
  1.100000E+04  4.502572E-08
  1.250000E+04  3.912697E-08
  1.400000E+04  3.458752E-08
  1.500000E+04  3.210176E-08
  1.750000E+04  2.720728E-08
  2.000000E+04  2.360377E-08
  2.200000E+04  2.134072E-08
  2.500000E+04  1.865580E-08
  3.000000E+04  1.542001E-08
  3.500000E+04  1.313956E-08
  4.000000E+04  1.144608E-08
  4.500000E+04  1.013892E-08
  5.000000E+04  9.099545E-09
  5.500000E+04  8.253356E-09
  6.000000E+04  7.551065E-09
  7.000000E+04  6.452731E-09
  8.000000E+04  5.633266E-09
  9.000000E+04  4.998452E-09
  1.000000E+05  4.492183E-09
  1.100000E+05  4.079021E-09
  1.250000E+05  3.584480E-09
  1.400000E+05  3.196879E-09
  1.500000E+05  2.981910E-09
  1.750000E+05  2.552764E-09
  2.000000E+05  2.231591E-09
  2.200000E+05  2.027518E-09
  2.500000E+05  1.782942E-09
  3.000000E+05  1.484492E-09
  3.500000E+05  1.271629E-09
  4.000000E+05  1.112153E-09
  4.500000E+05  9.882207E-10
  5.000000E+05  8.891369E-10
  5.500000E+05  8.081130E-10
  6.000000E+05  7.406215E-10
  7.000000E+05  6.346186E-10
  8.000000E+05  5.551641E-10
  9.000000E+05  4.933874E-10
  1.000000E+06  4.439838E-10
EndElement
Element    N     7    14.006700
Range      1.000000E+00 1.000000E+06
Npoints    152
Data
  1.000000E+00  3.193716E+03
  1.100000E+00  2.468438E+03
  1.172600E+00  2.072135E+03
  1.250000E+00  1.737279E+03
  1.400000E+00  1.267845E+03
  1.500000E+00  1.044995E+03
  1.750000E+00  6.749955E+02
  2.000000E+00  4.601595E+02
  2.200000E+00  3.490496E+02
  2.500000E+00  2.402420E+02
  3.000000E+00  1.401073E+02
  3.500000E+00  8.835543E+01
  4.000000E+00  5.904636E+01
  4.500000E+00  4.127407E+01
  5.000000E+00  2.990656E+01
  5.500000E+00  2.230686E+01
  6.000000E+00  1.704779E+01
  7.000000E+00  1.055679E+01
  8.000000E+00  6.948849E+00
  9.000000E+00  4.794642E+00
  1.000000E+01  3.434289E+00
  1.100000E+01  2.536121E+00
  1.250000E+01  1.685530E+00
  1.400000E+01  1.171369E+00
  1.500000E+01  9.379039E-01
  1.620190E+01  7.304028E-01
  1.750000E+01  5.696714E-01
  2.000000E+01  3.691303E-01
  2.200000E+01  2.705369E-01
  2.500000E+01  1.780974E-01
  2.738610E+01  1.318343E-01
  3.000000E+01  9.788478E-02
  3.500000E+01  5.890319E-02
  4.000000E+01  3.789417E-02
  4.500000E+01  2.566135E-02
  5.000000E+01  1.809815E-02
  5.500000E+01  1.319237E-02
  6.000000E+01  9.883109E-03
  6.480740E+01  7.642784E-03
  7.000000E+01  5.923683E-03
  8.000000E+01  3.802435E-03
  9.000000E+01  2.572666E-03
  1.000000E+02  1.814729E-03
  1.100000E+02  1.324194E-03
  1.172600E+02  1.071867E-03
  1.250000E+02  8.687856E-04
  1.400000E+02  5.988390E-04
  1.500000E+02  4.778733E-04
  1.620190E+02  3.713067E-04
  1.750000E+02  2.895307E-04
  1.870830E+02  2.334093E-04
  2.000000E+02  1.883878E-04
  2.200000E+02  1.390471E-04
  2.345210E+02  1.135813E-04
  2.500000E+02  9.297650E-05
  2.738610E+02  6.993649E-05
  2.866330E+02  6.081517E-05
  3.000000E+02  5.299314E-05
  3.240370E+02  4.199526E-05
  3.367680E+02  3.742544E-05
  3.500000E+02  3.339034E-05
  3.741660E+02  2.744752E-05
  4.000000E+02  2.265005E-05
  4.242640E+02  1.916180E-05
  4.500000E+02  1.625622E-05
  4.743420E+02  1.406288E-05
  5.000000E+02  1.219657E-05
  5.244040E+02  1.074287E-05
  5.500000E+02  9.482828E-06
  5.744560E+02  8.476881E-06
  6.000000E+02  7.590717E-06
  6.235740E+02  6.891193E-06
  6.480740E+02  6.265491E-06
  6.735370E+02  5.707591E-06
  7.000000E+02  5.208552E-06
  7.483310E+02  4.456402E-06
  7.737350E+02  4.128709E-06
  8.000000E+02  3.829582E-06
  8.485280E+02  3.361894E-06
  9.000000E+02  2.962091E-06
  9.486830E+02  2.651880E-06
  1.000000E+03  2.380518E-06
  1.048810E+03  2.163627E-06
  1.100000E+03  1.970568E-06
  1.172600E+03  1.743457E-06
  1.250000E+03  1.548321E-06
  1.322880E+03  1.397225E-06
  1.400000E+03  1.264101E-06
  1.500000E+03  1.122493E-06
  1.558930E+03  1.051754E-06
  1.620190E+03  9.865051E-07
  1.683840E+03  9.263900E-07
  1.750000E+03  8.708364E-07
  1.870830E+03  7.836862E-07
  2.000000E+03  7.070567E-07
  2.097620E+03  6.579309E-07
  2.200000E+03  6.129327E-07
  2.345210E+03  5.582692E-07
  2.500000E+03  5.094487E-07
  2.738610E+03  4.482414E-07
  3.000000E+03  3.958455E-07
  3.240370E+03  3.570474E-07
  3.500000E+03  3.226599E-07
  3.741660E+03  2.959507E-07
  4.000000E+03  2.718066E-07
  4.500000E+03  2.345194E-07
  5.000000E+03  2.060608E-07
  5.500000E+03  1.836558E-07
  6.000000E+03  1.655756E-07
  6.480740E+03  1.511987E-07
  7.000000E+03  1.382250E-07
  8.000000E+03  1.185450E-07
  9.000000E+03  1.037235E-07
  1.000000E+04  9.216820E-08
  1.100000E+04  8.291144E-08
  1.250000E+04  7.203722E-08
  1.400000E+04  6.367087E-08
  1.500000E+04  5.908978E-08
  1.750000E+04  5.007251E-08
  2.000000E+04  4.343498E-08
  2.200000E+04  3.926746E-08
  2.500000E+04  3.432376E-08
  3.000000E+04  2.836680E-08
  3.500000E+04  2.416939E-08
  4.000000E+04  2.105288E-08
  4.500000E+04  1.864763E-08
  5.000000E+04  1.673522E-08
  5.500000E+04  1.517838E-08
  6.000000E+04  1.388639E-08
  7.000000E+04  1.186602E-08
  8.000000E+04  1.035872E-08
  9.000000E+04  9.191066E-09
  1.000000E+05  8.259973E-09
  1.100000E+05  7.500127E-09
  1.250000E+05  6.590660E-09
  1.400000E+05  5.877850E-09
  1.500000E+05  5.482557E-09
  1.750000E+05  4.693432E-09
  2.000000E+05  4.102870E-09
  2.200000E+05  3.727633E-09
  2.500000E+05  3.277943E-09
  3.000000E+05  2.729197E-09
  3.500000E+05  2.337829E-09
  4.000000E+05  2.044622E-09
  4.500000E+05  1.816772E-09
  5.000000E+05  1.634607E-09
  5.500000E+05  1.485644E-09
  6.000000E+05  1.361565E-09
  7.000000E+05  1.166683E-09
  8.000000E+05  1.020604E-09
  9.000000E+05  9.070337E-10
  1.000000E+06  8.162117E-10
EndElement
Element    O     8    15.999400
Range      1.000000E+00 1.000000E+06
Npoints    154
Data
  1.000000E+00  4.474731E+03
  1.048810E+00  3.952140E+03
  1.100000E+00  3.485580E+03
  1.250000E+00  2.476762E+03
  1.400000E+00  1.823324E+03
  1.500000E+00  1.508942E+03
  1.750000E+00  9.843445E+02
  1.870830E+00  8.163581E+02
  2.000000E+00  6.761875E+02
  2.200000E+00  5.159324E+02
  2.500000E+00  3.575701E+02
  3.000000E+00  2.105547E+02
  3.240370E+00  1.679521E+02
  3.500000E+00  1.337970E+02
  4.000000E+00  8.995384E+01
  4.500000E+00  6.320097E+01
  5.000000E+00  4.599169E+01
  5.500000E+00  3.443427E+01
  6.000000E+00  2.640627E+01
  7.000000E+00  1.644908E+01
  8.000000E+00  1.088249E+01
  9.000000E+00  7.542224E+00
  1.000000E+01  5.423706E+00
  1.100000E+01  4.019102E+00
  1.250000E+01  2.683450E+00
  1.400000E+01  1.872094E+00
  1.500000E+01  1.502377E+00
  1.620190E+01  1.172935E+00
  1.750000E+01  9.169881E-01
  2.000000E+01  5.965644E-01
  2.200000E+01  4.384019E-01
  2.500000E+01  2.896145E-01
  2.738610E+01  2.149033E-01
  3.000000E+01  1.599153E-01
  3.500000E+01  9.658220E-02
  4.000000E+01  6.231832E-02
  4.500000E+01  4.230524E-02
  5.000000E+01  2.989909E-02
  5.500000E+01  2.183413E-02
  6.000000E+01  1.638295E-02
  6.480740E+01  1.268653E-02
  7.000000E+01  9.845591E-03
  8.000000E+01  6.333459E-03
  9.000000E+01  4.292743E-03
  1.000000E+02  3.032634E-03
  1.100000E+02  2.215757E-03
  1.172600E+02  1.795053E-03
  1.250000E+02  1.456122E-03
  1.400000E+02  1.005054E-03
  1.500000E+02  8.026723E-04
  1.620190E+02  6.242146E-04
  1.750000E+02  4.871304E-04
  1.870830E+02  3.929745E-04
  2.000000E+02  3.173810E-04
  2.200000E+02  2.344628E-04
  2.345210E+02  1.916306E-04
  2.500000E+02  1.569519E-04
  2.738610E+02  1.181464E-04
  2.866330E+02  1.027728E-04
  3.000000E+02  8.958308E-05
  3.240370E+02  7.102930E-05
  3.367680E+02  6.331653E-05
  3.500000E+02  5.650372E-05
  3.741660E+02  4.646594E-05
  4.000000E+02  3.835871E-05
  4.242640E+02  3.246112E-05
  4.500000E+02  2.754676E-05
  4.743420E+02  2.383570E-05
  5.000000E+02  2.067678E-05
  5.244040E+02  1.821548E-05
  5.500000E+02  1.608145E-05
  5.744560E+02  1.437753E-05
  6.000000E+02  1.287608E-05
  6.235740E+02  1.169066E-05
  6.480740E+02  1.063008E-05
  6.735370E+02  9.684266E-06
  7.000000E+02  8.838011E-06
  7.483310E+02  7.562323E-06
  7.737350E+02  7.006497E-06
  8.000000E+02  6.499037E-06
  8.485280E+02  5.705515E-06
  9.000000E+02  5.027020E-06
  9.486830E+02  4.500477E-06
  1.000000E+03  4.039841E-06
  1.048810E+03  3.671622E-06
  1.100000E+03  3.343847E-06
  1.172600E+03  2.958239E-06
  1.250000E+03  2.626877E-06
  1.322880E+03  2.370275E-06
  1.400000E+03  2.144185E-06
  1.500000E+03  1.903723E-06
  1.558930E+03  1.783603E-06
  1.620190E+03  1.672795E-06
  1.683840E+03  1.570701E-06
  1.750000E+03  1.476364E-06
  1.870830E+03  1.328399E-06
  2.000000E+03  1.198308E-06
  2.097620E+03  1.114921E-06
  2.200000E+03  1.038542E-06
  2.345210E+03  9.457637E-07
  2.500000E+03  8.629110E-07
  2.738610E+03  7.590553E-07
  3.000000E+03  6.701727E-07
  3.240370E+03  6.043671E-07
  3.500000E+03  5.460555E-07
  3.741660E+03  5.007711E-07
  4.000000E+03  4.598416E-07
  4.500000E+03  3.966481E-07
  5.000000E+03  3.484330E-07
  5.500000E+03  3.104843E-07
  6.000000E+03  2.798680E-07
  6.480740E+03  2.555275E-07
  7.000000E+03  2.335673E-07
  8.000000E+03  2.002648E-07
  9.000000E+03  1.751918E-07
  1.000000E+04  1.556488E-07
  1.100000E+04  1.399974E-07
  1.250000E+04  1.216145E-07
  1.400000E+04  1.074752E-07
  1.500000E+04  9.973491E-08
  1.750000E+04  8.450095E-08
  2.000000E+04  7.329069E-08
  2.200000E+04  6.625281E-08
  2.500000E+04  5.790581E-08
  3.000000E+04  4.784996E-08
  3.500000E+04  4.076578E-08
  4.000000E+04  3.550682E-08
  4.500000E+04  3.144846E-08
  5.000000E+04  2.822201E-08
  5.500000E+04  2.559562E-08
  6.000000E+04  2.341617E-08
  7.000000E+04  2.000826E-08
  8.000000E+04  1.746599E-08
  9.000000E+04  1.549679E-08
  1.000000E+05  1.392653E-08
  1.100000E+05  1.264516E-08
  1.250000E+05  1.111153E-08
  1.400000E+05  9.909654E-09
  1.500000E+05  9.243091E-09
  1.750000E+05  7.912524E-09
  2.000000E+05  6.916801E-09
  2.200000E+05  6.284152E-09
  2.500000E+05  5.525973E-09
  3.000000E+05  4.600825E-09
  3.500000E+05  3.941037E-09
  4.000000E+05  3.446725E-09
  4.500000E+05  3.062599E-09
  5.000000E+05  2.755508E-09
  5.500000E+05  2.504386E-09
  6.000000E+05  2.295214E-09
  7.000000E+05  1.966690E-09
  8.000000E+05  1.720436E-09
  9.000000E+05  1.528985E-09
  1.000000E+06  1.375877E-09
EndElement
Element    F     9    18.998400
Range      1.000000E+00 1.000000E+06
Npoints    155
Data
  1.000000E+00  5.606451E+03
  1.048810E+00  4.966244E+03
  1.100000E+00  4.394251E+03
  1.250000E+00  3.162743E+03
  1.322880E+00  2.725755E+03
  1.400000E+00  2.344842E+03
  1.500000E+00  1.949772E+03
  1.620190E+00  1.584777E+03
  1.750000E+00  1.284907E+03
  2.000000E+00  8.891426E+02
  2.200000E+00  6.818398E+02
  2.500000E+00  4.755166E+02
  3.000000E+00  2.825237E+02
  3.240370E+00  2.261755E+02
  3.500000E+00  1.807970E+02
  4.000000E+00  1.222819E+02
  4.500000E+00  8.633973E+01
  5.000000E+00  6.308882E+01
  5.500000E+00  4.740617E+01
  6.000000E+00  3.647284E+01
  7.000000E+00  2.284118E+01
  8.000000E+00  1.517948E+01
  9.000000E+00  1.056100E+01
  1.000000E+01  7.620266E+00
  1.100000E+01  5.664173E+00
  1.250000E+01  3.797121E+00
  1.400000E+01  2.658406E+00
  1.500000E+01  2.137961E+00
  1.620190E+01  1.673088E+00
  1.750000E+01  1.310912E+00
  2.000000E+01  8.560687E-01
  2.200000E+01  6.307456E-01
  2.500000E+01  4.180573E-01
  2.738610E+01  3.109240E-01
  3.000000E+01  2.318647E-01
  3.500000E+01  1.405309E-01
  4.000000E+01  9.093438E-02
  4.500000E+01  6.187890E-02
  5.000000E+01  4.382206E-02
  5.500000E+01  3.205760E-02
  6.000000E+01  2.409123E-02
  6.480740E+01  1.868061E-02
  7.000000E+01  1.451541E-02
  8.000000E+01  9.357040E-03
  9.000000E+01  6.353133E-03
  1.000000E+02  4.494797E-03
  1.100000E+02  3.288239E-03
  1.172600E+02  2.666118E-03
  1.250000E+02  2.164416E-03
  1.400000E+02  1.495937E-03
  1.500000E+02  1.195641E-03
  1.620190E+02  9.306069E-04
  1.750000E+02  7.268068E-04
  1.870830E+02  5.867137E-04
  2.000000E+02  4.741599E-04
  2.200000E+02  3.505878E-04
  2.345210E+02  2.867018E-04
  2.500000E+02  2.349435E-04
  2.738610E+02  1.769850E-04
  2.866330E+02  1.540077E-04
  3.000000E+02  1.342851E-04
  3.240370E+02  1.065295E-04
  3.367680E+02  9.498572E-05
  3.500000E+02  8.478621E-05
  3.741660E+02  6.975240E-05
  4.000000E+02  5.760314E-05
  4.242640E+02  4.876158E-05
  4.500000E+02  4.139112E-05
  4.743420E+02  3.582303E-05
  5.000000E+02  3.108216E-05
  5.244040E+02  2.738714E-05
  5.500000E+02  2.418252E-05
  5.744560E+02  2.162302E-05
  6.000000E+02  1.936716E-05
  6.235740E+02  1.758578E-05
  6.480740E+02  1.599178E-05
  6.735370E+02  1.456999E-05
  7.000000E+02  1.329766E-05
  7.483310E+02  1.137929E-05
  7.737350E+02  1.054322E-05
  8.000000E+02  9.779861E-06
  8.485280E+02  8.585950E-06
  9.000000E+02  7.564953E-06
  9.486830E+02  6.772500E-06
  1.000000E+03  6.079134E-06
  1.048810E+03  5.524860E-06
  1.100000E+03  5.031415E-06
  1.172600E+03  4.450800E-06
  1.250000E+03  3.951840E-06
  1.322880E+03  3.565503E-06
  1.400000E+03  3.225064E-06
  1.500000E+03  2.862929E-06
  1.558930E+03  2.682044E-06
  1.620190E+03  2.515204E-06
  1.683840E+03  2.361496E-06
  1.750000E+03  2.219466E-06
  1.870830E+03  1.996666E-06
  2.000000E+03  1.800788E-06
  2.097620E+03  1.675269E-06
  2.200000E+03  1.560319E-06
  2.345210E+03  1.420698E-06
  2.500000E+03  1.296023E-06
  2.738610E+03  1.139767E-06
  3.000000E+03  1.006068E-06
  3.240370E+03  9.071027E-07
  3.500000E+03  8.194193E-07
  3.741660E+03  7.513412E-07
  4.000000E+03  6.898214E-07
  4.500000E+03  5.948601E-07
  5.000000E+03  5.224235E-07
  5.500000E+03  4.654302E-07
  6.000000E+03  4.194584E-07
  6.480740E+03  3.829168E-07
  7.000000E+03  3.499570E-07
  8.000000E+03  2.999887E-07
  9.000000E+03  2.623779E-07
  1.000000E+04  2.330711E-07
  1.100000E+04  2.096049E-07
  1.250000E+04  1.820507E-07
  1.400000E+04  1.608618E-07
  1.500000E+04  1.492650E-07
  1.750000E+04  1.264445E-07
  2.000000E+04  1.096556E-07
  2.200000E+04  9.911757E-08
  2.500000E+04  8.662121E-08
  3.000000E+04  7.156966E-08
  3.500000E+04  6.096822E-08
  4.000000E+04  5.309883E-08
  4.500000E+04  4.702706E-08
  5.000000E+04  4.220038E-08
  5.500000E+04  3.827171E-08
  6.000000E+04  3.501187E-08
  7.000000E+04  2.991487E-08
  8.000000E+04  2.611287E-08
  9.000000E+04  2.316805E-08
  1.000000E+05  2.081998E-08
  1.100000E+05  1.890395E-08
  1.250000E+05  1.661088E-08
  1.400000E+05  1.481384E-08
  1.500000E+05  1.381729E-08
  1.750000E+05  1.182797E-08
  2.000000E+05  1.033937E-08
  2.200000E+05  9.393588E-09
  2.500000E+05  8.260157E-09
  3.000000E+05  6.877167E-09
  3.500000E+05  5.890847E-09
  4.000000E+05  5.151931E-09
  4.500000E+05  4.577751E-09
  5.000000E+05  4.118699E-09
  5.500000E+05  3.743329E-09
  6.000000E+05  3.430690E-09
  7.000000E+05  2.939610E-09
  8.000000E+05  2.571522E-09
  9.000000E+05  2.285357E-09
  1.000000E+06  2.056503E-09
EndElement
Element    Ne   10    20.179000
Range      1.000000E+00 1.000000E+06
Npoints    160
Data
  1.000000E+00  7.465556E+03
  1.024110E+00  6.998623E+03
  1.048810E+00  6.574456E+03
  1.074100E+00  6.190608E+03
  1.100000E+00  5.839319E+03
  1.172600E+00  4.997550E+03
  1.210680E+00  4.614358E+03
  1.250000E+00  4.253609E+03
  1.400000E+00  3.178105E+03
  1.500000E+00  2.659787E+03
  1.558930E+00  2.404717E+03
  1.620190E+00  2.171623E+03
  1.750000E+00  1.768072E+03
  2.000000E+00  1.234123E+03
  2.097620E+00  1.083776E+03
  2.200000E+00  9.506203E+02
  2.500000E+00  6.674373E+02
  2.738610E+00  5.170106E+02
  3.000000E+00  3.997372E+02
  3.500000E+00  2.574936E+02
  4.000000E+00  1.751432E+02
  4.500000E+00  1.242216E+02
  5.000000E+00  9.114386E+01
  5.500000E+00  6.873967E+01
  6.000000E+00  5.304551E+01
  7.000000E+00  3.339350E+01
  8.000000E+00  2.228956E+01
  9.000000E+00  1.556302E+01
  1.000000E+01  1.126471E+01
  1.100000E+01  8.396528E+00
  1.250000E+01  5.649185E+00
  1.400000E+01  3.967588E+00
  1.500000E+01  3.196966E+00
  1.620190E+01  2.507170E+00
  1.750000E+01  1.968439E+00
  2.000000E+01  1.290017E+00
  2.200000E+01  9.528108E-01
  2.500000E+01  6.335290E-01
  2.738610E+01  4.722243E-01
  3.000000E+01  3.528767E-01
  3.500000E+01  2.145997E-01
  4.000000E+01  1.392467E-01
  4.500000E+01  9.497458E-02
  5.000000E+01  6.739223E-02
  5.500000E+01  4.938520E-02
  6.000000E+01  3.716842E-02
  6.480740E+01  2.885808E-02
  7.000000E+01  2.245119E-02
  8.000000E+01  1.450229E-02
  9.000000E+01  9.863311E-03
  1.000000E+02  6.988357E-03
  1.100000E+02  5.118805E-03
  1.172600E+02  4.153692E-03
  1.250000E+02  3.374655E-03
  1.400000E+02  2.335483E-03
  1.500000E+02  1.868090E-03
  1.620190E+02  1.455210E-03
  1.750000E+02  1.137408E-03
  1.870830E+02  9.187741E-04
  2.000000E+02  7.429893E-04
  2.200000E+02  5.498326E-04
  2.345210E+02  4.498863E-04
  2.500000E+02  3.688610E-04
  2.738610E+02  2.780687E-04
  2.866330E+02  2.420492E-04
  3.000000E+02  2.111187E-04
  3.240370E+02  1.675697E-04
  3.367680E+02  1.494490E-04
  3.500000E+02  1.334334E-04
  3.741660E+02  1.098176E-04
  4.000000E+02  9.072306E-05
  4.242640E+02  7.682131E-05
  4.500000E+02  6.522767E-05
  4.743420E+02  5.646619E-05
  5.000000E+02  4.900349E-05
  5.244040E+02  4.318549E-05
  5.500000E+02  3.813863E-05
  5.744560E+02  3.410646E-05
  6.000000E+02  3.055179E-05
  6.235740E+02  2.774425E-05
  6.480740E+02  2.523160E-05
  6.735370E+02  2.299005E-05
  7.000000E+02  2.098375E-05
  7.483310E+02  1.795812E-05
  7.737350E+02  1.663924E-05
  8.000000E+02  1.543484E-05
  8.485280E+02  1.355103E-05
  9.000000E+02  1.193971E-05
  9.486830E+02  1.068881E-05
  1.000000E+03  9.594181E-06
  1.048810E+03  8.719137E-06
  1.100000E+03  7.940070E-06
  1.172600E+03  7.023244E-06
  1.250000E+03  6.235254E-06
  1.322880E+03  5.625101E-06
  1.400000E+03  5.087499E-06
  1.500000E+03  4.515636E-06
  1.558930E+03  4.229943E-06
  1.620190E+03  3.966424E-06
  1.683840E+03  3.723646E-06
  1.750000E+03  3.499342E-06
  1.870830E+03  3.147545E-06
  2.000000E+03  2.838321E-06
  2.097620E+03  2.640174E-06
  2.200000E+03  2.458716E-06
  2.345210E+03  2.238336E-06
  2.500000E+03  2.041574E-06
  2.738610E+03  1.795003E-06
  3.000000E+03  1.584072E-06
  3.240370E+03  1.427969E-06
  3.500000E+03  1.289685E-06
  3.741660E+03  1.182338E-06
  4.000000E+03  1.085355E-06
  4.500000E+03  9.356805E-07
  5.000000E+03  8.215496E-07
  5.500000E+03  7.317682E-07
  6.000000E+03  6.593706E-07
  6.480740E+03  6.018381E-07
  7.000000E+03  5.499549E-07
  8.000000E+03  4.713111E-07
  9.000000E+03  4.121402E-07
  1.000000E+04  3.660437E-07
  1.100000E+04  3.291451E-07
  1.250000E+04  2.858259E-07
  1.400000E+04  2.525226E-07
  1.500000E+04  2.342986E-07
  1.750000E+04  1.984447E-07
  2.000000E+04  1.720737E-07
  2.200000E+04  1.555240E-07
  2.500000E+04  1.359021E-07
  3.000000E+04  1.122728E-07
  3.500000E+04  9.563293E-08
  4.000000E+04  8.328365E-08
  4.500000E+04  7.375608E-08
  5.000000E+04  6.618297E-08
  5.500000E+04  6.001907E-08
  6.000000E+04  5.490507E-08
  7.000000E+04  4.690967E-08
  8.000000E+04  4.094602E-08
  9.000000E+04  3.632742E-08
  1.000000E+05  3.264502E-08
  1.100000E+05  2.964007E-08
  1.250000E+05  2.604403E-08
  1.400000E+05  2.322605E-08
  1.500000E+05  2.166332E-08
  1.750000E+05  1.854404E-08
  2.000000E+05  1.620991E-08
  2.200000E+05  1.472695E-08
  2.500000E+05  1.294986E-08
  3.000000E+05  1.078148E-08
  3.500000E+05  9.235103E-09
  4.000000E+05  8.076664E-09
  4.500000E+05  7.176462E-09
  5.000000E+05  6.456813E-09
  5.500000E+05  5.868327E-09
  6.000000E+05  5.378146E-09
  7.000000E+05  4.608300E-09
  8.000000E+05  4.031244E-09
  9.000000E+05  3.582635E-09
  1.000000E+06  3.223855E-09
EndElement
Element    Na   11    22.989800
Range      1.000000E+00 1.000000E+06
Npoints    185
Data
  1.000000E+00  5.847788E+02
  1.075000E+00  4.826032E+02
  1.075000E+00  5.306891E+03
  1.075770E+00  5.444021E+03
  1.076550E+00  5.571825E+03
  1.077320E+00  5.690540E+03
  1.078090E+00  5.800742E+03
  1.078870E+00  5.903007E+03
  1.079640E+00  5.997858E+03
  1.080420E+00  6.085847E+03
  1.081200E+00  6.167417E+03
  1.081970E+00  6.243016E+03
  1.082750E+00  6.313061E+03
  1.084310E+00  6.437774E+03
  1.085870E+00  6.544178E+03
  1.087430E+00  6.634367E+03
  1.088990E+00  6.710253E+03
  1.090560E+00  6.773409E+03
  1.092130E+00  6.825248E+03
  1.093700E+00  6.866950E+03
  1.095270E+00  6.899668E+03
  1.096840E+00  6.924343E+03
  1.100000E+00  6.952922E+03
  1.102200E+00  6.959052E+03
  1.104400E+00  6.955882E+03
  1.108820E+00  6.927199E+03
  1.113260E+00  6.876512E+03
  1.117720E+00  6.811051E+03
  1.126680E+00  6.656108E+03
  1.135720E+00  6.491159E+03
  1.154020E+00  6.177450E+03
  1.163270E+00  6.037386E+03
  1.172600E+00  5.907984E+03
  1.250000E+00  5.046488E+03
  1.400000E+00  3.792698E+03
  1.500000E+00  3.186707E+03
  1.620190E+00  2.617270E+03
  1.750000E+00  2.145614E+03
  1.870830E+00  1.801998E+03
  2.000000E+00  1.510714E+03
  2.200000E+00  1.170943E+03
  2.500000E+00  8.282546E+02
  2.738610E+00  6.448540E+02
  3.000000E+00  5.009291E+02
  3.500000E+00  3.250308E+02
  4.000000E+00  2.223902E+02
  4.500000E+00  1.585594E+02
  5.000000E+00  1.168305E+02
  5.500000E+00  8.844163E+01
  6.000000E+00  6.848143E+01
  7.000000E+00  4.336136E+01
  8.000000E+00  2.907444E+01
  9.000000E+00  2.038053E+01
  1.000000E+01  1.480121E+01
  1.100000E+01  1.106407E+01
  1.250000E+01  7.471449E+00
  1.400000E+01  5.264272E+00
  1.500000E+01  4.249745E+00
  1.620190E+01  3.339789E+00
  1.750000E+01  2.627421E+00
  2.000000E+01  1.727866E+00
  2.200000E+01  1.279267E+00
  2.500000E+01  8.532733E-01
  2.738610E+01  6.374330E-01
  3.000000E+01  4.773118E-01
  3.500000E+01  2.912683E-01
  4.000000E+01  1.895210E-01
  4.500000E+01  1.295662E-01
  5.000000E+01  9.212070E-02
  5.500000E+01  6.762224E-02
  6.000000E+01  5.097096E-02
  6.480740E+01  3.962650E-02
  7.000000E+01  3.086642E-02
  8.000000E+01  1.997914E-02
  9.000000E+01  1.361157E-02
  1.000000E+02  9.657984E-03
  1.100000E+02  7.083163E-03
  1.172600E+02  5.752334E-03
  1.250000E+02  4.677088E-03
  1.400000E+02  3.241140E-03
  1.500000E+02  2.594497E-03
  1.620190E+02  2.022760E-03
  1.750000E+02  1.582252E-03
  1.870830E+02  1.278958E-03
  2.000000E+02  1.034919E-03
  2.200000E+02  7.665291E-04
  2.345210E+02  6.275418E-04
  2.500000E+02  5.147914E-04
  2.738610E+02  3.883620E-04
  2.866330E+02  3.381701E-04
  3.000000E+02  2.950508E-04
  3.240370E+02  2.343123E-04
  3.367680E+02  2.090270E-04
  3.500000E+02  1.866723E-04
  3.741660E+02  1.536959E-04
  4.000000E+02  1.270188E-04
  4.242640E+02  1.075877E-04
  4.500000E+02  9.137650E-05
  4.743420E+02  7.912151E-05
  5.000000E+02  6.867946E-05
  5.244040E+02  6.053627E-05
  5.500000E+02  5.346995E-05
  5.744560E+02  4.782339E-05
  6.000000E+02  4.284454E-05
  6.235740E+02  3.891138E-05
  6.480740E+02  3.539027E-05
  6.735370E+02  3.224846E-05
  7.000000E+02  2.943592E-05
  7.483310E+02  2.519399E-05
  7.737350E+02  2.334460E-05
  8.000000E+02  2.165553E-05
  8.485280E+02  1.901297E-05
  9.000000E+02  1.675223E-05
  9.486830E+02  1.499712E-05
  1.000000E+03  1.346106E-05
  1.048810E+03  1.223283E-05
  1.100000E+03  1.113917E-05
  1.172600E+03  9.852219E-06
  1.250000E+03  8.746116E-06
  1.322880E+03  7.889492E-06
  1.400000E+03  7.134662E-06
  1.500000E+03  6.331685E-06
  1.558930E+03  5.930590E-06
  1.620190E+03  5.560666E-06
  1.683840E+03  5.219872E-06
  1.750000E+03  4.904957E-06
  1.870830E+03  4.411080E-06
  2.000000E+03  3.977005E-06
  2.097620E+03  3.698921E-06
  2.200000E+03  3.444307E-06
  2.345210E+03  3.135077E-06
  2.500000E+03  2.859009E-06
  2.738610E+03  2.513125E-06
  3.000000E+03  2.217296E-06
  3.240370E+03  1.998402E-06
  3.500000E+03  1.804531E-06
  3.741660E+03  1.654057E-06
  4.000000E+03  1.518135E-06
  4.500000E+03  1.308416E-06
  5.000000E+03  1.148547E-06
  5.500000E+03  1.022819E-06
  6.000000E+03  9.214585E-07
  6.480740E+03  8.409276E-07
  7.000000E+03  7.683182E-07
  8.000000E+03  6.582920E-07
  9.000000E+03  5.755294E-07
  1.000000E+04  5.110744E-07
  1.100000E+04  4.594889E-07
  1.250000E+04  3.989474E-07
  1.400000E+04  3.524123E-07
  1.500000E+04  3.269535E-07
  1.750000E+04  2.768742E-07
  2.000000E+04  2.400500E-07
  2.200000E+04  2.169441E-07
  2.500000E+04  1.895534E-07
  3.000000E+04  1.565755E-07
  3.500000E+04  1.333566E-07
  4.000000E+04  1.161275E-07
  4.500000E+04  1.028367E-07
  5.000000E+04  9.227341E-08
  5.500000E+04  8.367653E-08
  6.000000E+04  7.654420E-08
  7.000000E+04  6.539436E-08
  8.000000E+04  5.707855E-08
  9.000000E+04  5.063855E-08
  1.000000E+05  4.550410E-08
  1.100000E+05  4.131502E-08
  1.250000E+05  3.630159E-08
  1.400000E+05  3.237315E-08
  1.500000E+05  3.019453E-08
  1.750000E+05  2.584634E-08
  2.000000E+05  2.259271E-08
  2.200000E+05  2.052559E-08
  2.500000E+05  1.804856E-08
  3.000000E+05  1.502622E-08
  3.500000E+05  1.287089E-08
  4.000000E+05  1.125629E-08
  4.500000E+05  1.000163E-08
  5.000000E+05  8.998608E-09
  5.500000E+05  8.178421E-09
  6.000000E+05  7.495260E-09
  7.000000E+05  6.422319E-09
  8.000000E+05  5.618086E-09
  9.000000E+05  4.992867E-09
  1.000000E+06  4.492860E-09
EndElement
Element    Mg   12    24.305000
Range      1.000000E+00 1.000000E+06
Npoints    173
Data
  1.000000E+00  8.309662E+02
  1.100000E+00  6.462410E+02
  1.250000E+00  4.599696E+02
  1.308000E+00  4.073945E+02
  1.308000E+00  5.522951E+03
  1.308690E+00  5.505111E+03
  1.309390E+00  5.487420E+03
  1.310780E+00  5.453079E+03
  1.313570E+00  5.392102E+03
  1.316360E+00  5.343414E+03
  1.319160E+00  5.307091E+03
  1.321970E+00  5.281793E+03
  1.324780E+00  5.265489E+03
  1.330420E+00  5.251218E+03
  1.341770E+00  5.245098E+03
  1.347480E+00  5.233626E+03
  1.353220E+00  5.210409E+03
  1.358980E+00  5.175101E+03
  1.364770E+00  5.129412E+03
  1.370580E+00  5.076066E+03
  1.376410E+00  5.018038E+03
  1.400000E+00  4.782752E+03
  1.500000E+00  4.001050E+03
  1.750000E+00  2.711388E+03
  2.000000E+00  1.924989E+03
  2.097620E+00  1.700972E+03
  2.200000E+00  1.501328E+03
  2.345210E+00  1.267796E+03
  2.500000E+00  1.069496E+03
  2.738610E+00  8.366973E+02
  3.000000E+00  6.528863E+02
  3.500000E+00  4.266391E+02
  3.741660E+00  3.540736E+02
  4.000000E+00  2.935252E+02
  4.500000E+00  2.102353E+02
  5.000000E+00  1.555402E+02
  5.500000E+00  1.181650E+02
  6.000000E+00  9.177738E+01
  7.000000E+00  5.841464E+01
  8.000000E+00  3.934474E+01
  9.000000E+00  2.768103E+01
  1.000000E+01  2.016601E+01
  1.100000E+01  1.511630E+01
  1.250000E+01  1.024425E+01
  1.400000E+01  7.239503E+00
  1.500000E+01  5.854546E+00
  1.620190E+01  4.609954E+00
  1.750000E+01  3.633577E+00
  2.000000E+01  2.397129E+00
  2.200000E+01  1.778733E+00
  2.500000E+01  1.189896E+00
  2.738610E+01  8.907318E-01
  3.000000E+01  6.682804E-01
  3.500000E+01  4.091240E-01
  4.000000E+01  2.669192E-01
  4.500000E+01  1.828900E-01
  5.000000E+01  1.302839E-01
  5.500000E+01  9.579577E-02
  6.000000E+01  7.231326E-02
  6.480740E+01  5.628998E-02
  7.000000E+01  4.389857E-02
  8.000000E+01  2.847143E-02
  9.000000E+01  1.942960E-02
  1.000000E+02  1.380573E-02
  1.100000E+02  1.013744E-02
  1.172600E+02  8.239319E-03
  1.250000E+02  6.704311E-03
  1.400000E+02  4.652001E-03
  1.500000E+02  3.726691E-03
  1.620190E+02  2.907873E-03
  1.750000E+02  2.276342E-03
  1.870830E+02  1.841187E-03
  2.000000E+02  1.490805E-03
  2.200000E+02  1.105133E-03
  2.345210E+02  9.052463E-04
  2.500000E+02  7.429867E-04
  2.738610E+02  5.609176E-04
  2.866330E+02  4.885900E-04
  3.000000E+02  4.264236E-04
  3.240370E+02  3.388182E-04
  3.367680E+02  3.023310E-04
  3.500000E+02  2.700610E-04
  3.741660E+02  2.224431E-04
  4.000000E+02  1.839004E-04
  4.242640E+02  1.558150E-04
  4.500000E+02  1.323744E-04
  4.743420E+02  1.146476E-04
  5.000000E+02  9.953790E-05
  5.244040E+02  8.775130E-05
  5.500000E+02  7.752072E-05
  5.744560E+02  6.934369E-05
  6.000000E+02  6.213199E-05
  6.235740E+02  5.643369E-05
  6.480740E+02  5.133154E-05
  6.735370E+02  4.677820E-05
  7.000000E+02  4.270108E-05
  7.483310E+02  3.655084E-05
  7.737350E+02  3.386894E-05
  8.000000E+02  3.141920E-05
  8.485280E+02  2.758614E-05
  9.000000E+02  2.430616E-05
  9.486830E+02  2.175939E-05
  1.000000E+03  1.953027E-05
  1.048810E+03  1.774776E-05
  1.100000E+03  1.616037E-05
  1.172600E+03  1.429214E-05
  1.250000E+03  1.268626E-05
  1.322880E+03  1.144261E-05
  1.400000E+03  1.034681E-05
  1.500000E+03  9.181107E-06
  1.558930E+03  8.598789E-06
  1.620190E+03  8.061666E-06
  1.683840E+03  7.566837E-06
  1.750000E+03  7.109619E-06
  1.870830E+03  6.392637E-06
  2.000000E+03  5.762573E-06
  2.097620E+03  5.359024E-06
  2.200000E+03  4.989544E-06
  2.345210E+03  4.540875E-06
  2.500000E+03  4.140349E-06
  2.738610E+03  3.638582E-06
  3.000000E+03  3.209537E-06
  3.240370E+03  2.892114E-06
  3.500000E+03  2.611040E-06
  3.741660E+03  2.392919E-06
  4.000000E+03  2.195924E-06
  4.500000E+03  1.892050E-06
  5.000000E+03  1.660471E-06
  5.500000E+03  1.478399E-06
  6.000000E+03  1.331650E-06
  6.480740E+03  1.215082E-06
  7.000000E+03  1.109999E-06
  8.000000E+03  9.508119E-07
  9.000000E+03  8.311075E-07
  1.000000E+04  7.379074E-07
  1.100000E+04  6.633324E-07
  1.250000E+04  5.758286E-07
  1.400000E+04  5.085903E-07
  1.500000E+04  4.718107E-07
  1.750000E+04  3.994757E-07
  2.000000E+04  3.463010E-07
  2.200000E+04  3.129407E-07
  2.500000E+04  2.734010E-07
  3.000000E+04  2.258059E-07
  3.500000E+04  1.923024E-07
  4.000000E+04  1.674452E-07
  4.500000E+04  1.482725E-07
  5.000000E+04  1.330359E-07
  5.500000E+04  1.206366E-07
  6.000000E+04  1.103502E-07
  7.000000E+04  9.427122E-08
  8.000000E+04  8.228021E-08
  9.000000E+04  7.299464E-08
  1.000000E+05  6.559166E-08
  1.100000E+05  5.955192E-08
  1.250000E+05  5.232436E-08
  1.400000E+05  4.666100E-08
  1.500000E+05  4.352047E-08
  1.750000E+05  3.725229E-08
  2.000000E+05  3.256242E-08
  2.200000E+05  2.958270E-08
  2.500000E+05  2.601253E-08
  3.000000E+05  2.165614E-08
  3.500000E+05  1.854961E-08
  4.000000E+05  1.622252E-08
  4.500000E+05  1.441421E-08
  5.000000E+05  1.296860E-08
  5.500000E+05  1.178652E-08
  6.000000E+05  1.080192E-08
  7.000000E+05  9.255588E-09
  8.000000E+05  8.096527E-09
  9.000000E+05  7.195474E-09
  1.000000E+06  6.474873E-09
EndElement
Element    Al   13    26.981500
Range      1.000000E+00 1.000000E+06
Npoints    184
Data
  1.000000E+00  1.070449E+03
  1.100000E+00  8.339398E+02
  1.250000E+00  5.950562E+02
  1.400000E+00  4.401030E+02
  1.500000E+00  3.658281E+02
  1.564000E+00  3.268269E+02
  1.564000E+00  4.308872E+03
  1.565370E+00  4.169085E+03
  1.566750E+00  4.068179E+03
  1.568120E+00  3.995819E+03
  1.569500E+00  3.944640E+03
  1.570880E+00  3.909398E+03
  1.572260E+00  3.886252E+03
  1.573640E+00  3.872325E+03
  1.575020E+00  3.865473E+03
  1.576410E+00  3.863866E+03
  1.577790E+00  3.866142E+03
  1.580560E+00  3.878864E+03
  1.586120E+00  3.915223E+03
  1.588910E+00  3.931628E+03
  1.591700E+00  3.944104E+03
  1.594500E+00  3.951872E+03
  1.597300E+00  3.954572E+03
  1.600110E+00  3.952407E+03
  1.602920E+00  3.945935E+03
  1.608560E+00  3.922544E+03
  1.619900E+00  3.856188E+03
  1.631310E+00  3.784631E+03
  1.642810E+00  3.720619E+03
  1.654390E+00  3.663436E+03
  1.666050E+00  3.604870E+03
  1.677790E+00  3.542487E+03
  1.701520E+00  3.410512E+03
  1.725590E+00  3.283090E+03
  1.750000E+00  3.167162E+03
  2.000000E+00  2.255164E+03
  2.097620E+00  1.998032E+03
  2.200000E+00  1.768389E+03
  2.345210E+00  1.498892E+03
  2.500000E+00  1.269057E+03
  2.738610E+00  9.978097E+02
  3.000000E+00  7.822321E+02
  3.240370E+00  6.349747E+02
  3.500000E+00  5.149202E+02
  3.741660E+00  4.286106E+02
  4.000000E+00  3.563289E+02
  4.500000E+00  2.564356E+02
  5.000000E+00  1.904661E+02
  5.500000E+00  1.451956E+02
  6.000000E+00  1.131245E+02
  7.000000E+00  7.238220E+01
  8.000000E+00  4.895786E+01
  9.000000E+00  3.457249E+01
  1.000000E+01  2.526726E+01
  1.100000E+01  1.899159E+01
  1.250000E+01  1.291579E+01
  1.400000E+01  9.154886E+00
  1.500000E+01  7.416597E+00
  1.750000E+01  4.620274E+00
  2.000000E+01  3.057573E+00
  2.200000E+01  2.273689E+00
  2.500000E+01  1.525220E+00
  2.738610E+01  1.143994E+00
  3.000000E+01  8.599108E-01
  3.500000E+01  5.280686E-01
  4.000000E+01  3.454169E-01
  4.500000E+01  2.371940E-01
  5.000000E+01  1.692862E-01
  5.500000E+01  1.246782E-01
  6.000000E+01  9.425086E-02
  6.480740E+01  7.345844E-02
  7.000000E+01  5.735536E-02
  8.000000E+01  3.727248E-02
  9.000000E+01  2.547773E-02
  1.000000E+02  1.812854E-02
  1.100000E+02  1.332774E-02
  1.172600E+02  1.084081E-02
  1.250000E+02  8.827793E-03
  1.400000E+02  6.133314E-03
  1.500000E+02  4.917057E-03
  1.620190E+02  3.839828E-03
  1.750000E+02  3.008180E-03
  1.870830E+02  2.434680E-03
  2.000000E+02  1.972595E-03
  2.200000E+02  1.463518E-03
  2.345210E+02  1.199462E-03
  2.500000E+02  9.849782E-04
  2.738610E+02  7.441439E-04
  2.866330E+02  6.484043E-04
  3.000000E+02  5.660788E-04
  3.240370E+02  4.500150E-04
  3.367680E+02  4.016554E-04
  3.500000E+02  3.588711E-04
  3.741660E+02  2.957113E-04
  4.000000E+02  2.445639E-04
  4.242640E+02  2.072756E-04
  4.500000E+02  1.761425E-04
  4.743420E+02  1.525898E-04
  5.000000E+02  1.325079E-04
  5.244040E+02  1.168384E-04
  5.500000E+02  1.032338E-04
  5.744560E+02  9.235682E-05
  6.000000E+02  8.276122E-05
  6.235740E+02  7.517816E-05
  6.480740E+02  6.838767E-05
  6.735370E+02  6.232636E-05
  7.000000E+02  5.689825E-05
  7.483310E+02  4.870744E-05
  7.737350E+02  4.513498E-05
  8.000000E+02  4.187142E-05
  8.485280E+02  3.676449E-05
  9.000000E+02  3.239388E-05
  9.486830E+02  2.899953E-05
  1.000000E+03  2.602813E-05
  1.048810E+03  2.365155E-05
  1.100000E+03  2.153514E-05
  1.172600E+03  1.904415E-05
  1.250000E+03  1.690286E-05
  1.322880E+03  1.524443E-05
  1.400000E+03  1.378304E-05
  1.500000E+03  1.222844E-05
  1.558930E+03  1.145186E-05
  1.620190E+03  1.073558E-05
  1.683840E+03  1.007568E-05
  1.750000E+03  9.465998E-06
  1.870830E+03  8.509919E-06
  2.000000E+03  7.669857E-06
  2.097620E+03  7.131867E-06
  2.200000E+03  6.639410E-06
  2.345210E+03  6.041425E-06
  2.500000E+03  5.507631E-06
  2.738610E+03  4.839050E-06
  3.000000E+03  4.267469E-06
  3.240370E+03  3.844671E-06
  3.500000E+03  3.470350E-06
  3.741660E+03  3.179929E-06
  4.000000E+03  2.917674E-06
  4.500000E+03  2.513222E-06
  5.000000E+03  2.205095E-06
  5.500000E+03  1.962894E-06
  6.000000E+03  1.767733E-06
  6.480740E+03  1.612739E-06
  7.000000E+03  1.473048E-06
  8.000000E+03  1.261486E-06
  9.000000E+03  1.102450E-06
  1.000000E+04  9.786551E-07
  1.100000E+04  8.796256E-07
  1.250000E+04  7.634547E-07
  1.400000E+04  6.742102E-07
  1.500000E+04  6.253996E-07
  1.750000E+04  5.294301E-07
  2.000000E+04  4.588937E-07
  2.200000E+04  4.146520E-07
  2.500000E+04  3.622235E-07
  3.000000E+04  2.991262E-07
  3.500000E+04  2.547193E-07
  4.000000E+04  2.217779E-07
  4.500000E+04  1.963725E-07
  5.000000E+04  1.761847E-07
  5.500000E+04  1.597578E-07
  6.000000E+04  1.461306E-07
  7.000000E+04  1.248315E-07
  8.000000E+04  1.089489E-07
  9.000000E+04  9.665065E-08
  1.000000E+05  8.684658E-08
  1.100000E+05  7.884794E-08
  1.250000E+05  6.927666E-08
  1.400000E+05  6.177730E-08
  1.500000E+05  5.761895E-08
  1.750000E+05  4.931921E-08
  2.000000E+05  4.310926E-08
  2.200000E+05  3.916406E-08
  2.500000E+05  3.443701E-08
  3.000000E+05  2.866942E-08
  3.500000E+05  2.455660E-08
  4.000000E+05  2.147566E-08
  4.500000E+05  1.908165E-08
  5.000000E+05  1.716786E-08
  5.500000E+05  1.560295E-08
  6.000000E+05  1.429951E-08
  7.000000E+05  1.225241E-08
  8.000000E+05  1.071801E-08
  9.000000E+05  9.525167E-09
  1.000000E+06  8.571253E-09
EndElement
Element    Si   14    28.085500
Range      1.000000E+00 1.000000E+06
Npoints    175
Data
  1.000000E+00  1.426395E+03
  1.100000E+00  1.112392E+03
  1.250000E+00  7.950306E+02
  1.400000E+00  5.889049E+02
  1.500000E+00  4.899793E+02
  1.750000E+00  3.239826E+02
  1.844000E+00  2.812441E+02
  1.844000E+00  3.238968E+03
  1.845170E+00  3.197885E+03
  1.846340E+00  3.165529E+03
  1.847510E+00  3.141600E+03
  1.848690E+00  3.124639E+03
  1.849860E+00  3.113682E+03
  1.851030E+00  3.107571E+03
  1.852210E+00  3.105405E+03
  1.853380E+00  3.106370E+03
  1.855740E+00  3.115011E+03
  1.858090E+00  3.129313E+03
  1.862810E+00  3.162977E+03
  1.867550E+00  3.191646E+03
  1.869920E+00  3.201831E+03
  1.872290E+00  3.208714E+03
  1.877050E+00  3.212830E+03
  1.881820E+00  3.205819E+03
  1.920420E+00  3.051349E+03
  1.940010E+00  2.990668E+03
  1.949880E+00  2.958848E+03
  1.959800E+00  2.923468E+03
  2.000000E+00  2.768034E+03
  2.097620E+00  2.446273E+03
  2.200000E+00  2.166324E+03
  2.500000E+00  1.562738E+03
  2.738610E+00  1.234578E+03
  3.000000E+00  9.723102E+02
  3.240370E+00  7.925540E+02
  3.500000E+00  6.446824E+02
  4.000000E+00  4.486753E+02
  4.500000E+00  3.244372E+02
  5.000000E+00  2.419363E+02
  5.500000E+00  1.850479E+02
  6.000000E+00  1.445901E+02
  7.000000E+00  9.298140E+01
  8.000000E+00  6.315534E+01
  9.000000E+00  4.475110E+01
  1.000000E+01  3.280438E+01
  1.100000E+01  2.472368E+01
  1.250000E+01  1.687186E+01
  1.400000E+01  1.199351E+01
  1.500000E+01  9.732837E+00
  1.750000E+01  6.085566E+00
  2.000000E+01  4.039383E+00
  2.200000E+01  3.009923E+00
  2.500000E+01  2.024535E+00
  2.738610E+01  1.521418E+00
  3.000000E+01  1.145574E+00
  3.500000E+01  7.055804E-01
  4.000000E+01  4.626663E-01
  4.500000E+01  3.183712E-01
  5.000000E+01  2.276387E-01
  5.500000E+01  1.679188E-01
  6.000000E+01  1.271165E-01
  6.480740E+01  9.919470E-02
  7.000000E+01  7.753896E-02
  8.000000E+01  5.048624E-02
  9.000000E+01  3.456585E-02
  1.000000E+02  2.462891E-02
  1.100000E+02  1.812824E-02
  1.172600E+02  1.475693E-02
  1.250000E+02  1.202561E-02
  1.400000E+02  8.365684E-03
  1.500000E+02  6.711657E-03
  1.620190E+02  5.245484E-03
  1.750000E+02  4.112479E-03
  1.870830E+02  3.330591E-03
  2.000000E+02  2.700127E-03
  2.200000E+02  2.004963E-03
  2.345210E+02  1.644100E-03
  2.500000E+02  1.350799E-03
  2.738610E+02  1.021246E-03
  2.866330E+02  8.901481E-04
  3.000000E+02  7.773730E-04
  3.240370E+02  6.183064E-04
  3.367680E+02  5.519965E-04
  3.500000E+02  4.933179E-04
  3.741660E+02  4.066550E-04
  4.000000E+02  3.364384E-04
  4.242640E+02  2.852302E-04
  4.500000E+02  2.424552E-04
  4.743420E+02  2.100857E-04
  5.000000E+02  1.824757E-04
  5.244040E+02  1.609252E-04
  5.500000E+02  1.422098E-04
  5.744560E+02  1.272436E-04
  6.000000E+02  1.140383E-04
  6.235740E+02  1.036000E-04
  6.480740E+02  9.425056E-05
  6.735370E+02  8.590312E-05
  7.000000E+02  7.842645E-05
  7.483310E+02  6.714294E-05
  7.737350E+02  6.222067E-05
  8.000000E+02  5.772383E-05
  8.485280E+02  5.068522E-05
  9.000000E+02  4.466018E-05
  9.486830E+02  3.998000E-05
  1.000000E+03  3.588240E-05
  1.048810E+03  3.260518E-05
  1.100000E+03  2.968668E-05
  1.172600E+03  2.625101E-05
  1.250000E+03  2.329735E-05
  1.322880E+03  2.100932E-05
  1.400000E+03  1.899309E-05
  1.500000E+03  1.684838E-05
  1.558930E+03  1.577713E-05
  1.620190E+03  1.478909E-05
  1.683840E+03  1.387889E-05
  1.750000E+03  1.303791E-05
  1.870830E+03  1.171907E-05
  2.000000E+03  1.056031E-05
  2.097620E+03  9.818434E-06
  2.200000E+03  9.139425E-06
  2.345210E+03  8.314974E-06
  2.500000E+03  7.579100E-06
  2.738610E+03  6.657494E-06
  3.000000E+03  5.869773E-06
  3.240370E+03  5.287232E-06
  3.500000E+03  4.771548E-06
  3.741660E+03  4.371501E-06
  4.000000E+03  4.010329E-06
  4.500000E+03  3.453454E-06
  5.000000E+03  3.029328E-06
  5.500000E+03  2.696031E-06
  6.000000E+03  2.427532E-06
  6.480740E+03  2.214354E-06
  7.000000E+03  2.022243E-06
  8.000000E+03  1.731380E-06
  9.000000E+03  1.512799E-06
  1.000000E+04  1.342700E-06
  1.100000E+04  1.206660E-06
  1.250000E+04  1.047111E-06
  1.400000E+04  9.245735E-07
  1.500000E+04  8.575667E-07
  1.750000E+04  7.258453E-07
  2.000000E+04  6.290597E-07
  2.200000E+04  5.683633E-07
  2.500000E+04  4.964463E-07
  3.000000E+04  4.099121E-07
  3.500000E+04  3.490249E-07
  4.000000E+04  3.038656E-07
  4.500000E+04  2.690392E-07
  5.000000E+04  2.413702E-07
  5.500000E+04  2.188559E-07
  6.000000E+04  2.001820E-07
  7.000000E+04  1.709955E-07
  8.000000E+04  1.492336E-07
  9.000000E+04  1.323837E-07
  1.000000E+05  1.189519E-07
  1.100000E+05  1.079941E-07
  1.250000E+05  9.488246E-08
  1.400000E+05  8.460952E-08
  1.500000E+05  7.891319E-08
  1.750000E+05  6.754455E-08
  2.000000E+05  5.903887E-08
  2.200000E+05  5.363545E-08
  2.500000E+05  4.716098E-08
  3.000000E+05  3.926169E-08
  3.500000E+05  3.362904E-08
  4.000000E+05  2.940965E-08
  4.500000E+05  2.613093E-08
  5.000000E+05  2.351005E-08
  5.500000E+05  2.136695E-08
  6.000000E+05  1.958191E-08
  7.000000E+05  1.677850E-08
  8.000000E+05  1.467723E-08
  9.000000E+05  1.304370E-08
  1.000000E+06  1.173738E-08
EndElement
Element    P    15    30.973800
Range      1.000000E+00 1.000000E+06
Npoints    175
Data
  1.000000E+00  1.748684E+03
  1.100000E+00  1.364910E+03
  1.250000E+00  9.764665E+02
  1.400000E+00  7.238767E+02
  1.500000E+00  6.026865E+02
  1.750000E+00  3.991682E+02
  2.000000E+00  2.784174E+02
  2.148000E+00  2.293965E+02
  2.148000E+00  2.357640E+03
  2.149610E+00  2.364504E+03
  2.151210E+00  2.371406E+03
  2.154430E+00  2.385580E+03
  2.160880E+00  2.416571E+03
  2.167350E+00  2.453337E+03
  2.170600E+00  2.470661E+03
  2.173840E+00  2.482871E+03
  2.177100E+00  2.490376E+03
  2.180350E+00  2.493331E+03
  2.183620E+00  2.492184E+03
  2.186880E+00  2.487654E+03
  2.193430E+00  2.471419E+03
  2.200000E+00  2.450110E+03
  2.208810E+00  2.420635E+03
  2.217650E+00  2.394465E+03
  2.226520E+00  2.372825E+03
  2.235440E+00  2.354413E+03
  2.253370E+00  2.320291E+03
  2.271440E+00  2.280939E+03
  2.345210E+00  2.098391E+03
  2.382980E+00  2.016538E+03
  2.421370E+00  1.935858E+03
  2.500000E+00  1.780439E+03
  3.000000E+00  1.113788E+03
  3.240370E+00  9.111312E+02
  3.500000E+00  7.438113E+02
  4.000000E+00  5.206326E+02
  4.242640E+00  4.439875E+02
  4.500000E+00  3.782226E+02
  5.000000E+00  2.831478E+02
  5.500000E+00  2.173090E+02
  6.000000E+00  1.702962E+02
  7.000000E+00  1.100344E+02
  8.000000E+00  7.503674E+01
  9.000000E+00  5.335366E+01
  1.000000E+01  3.922310E+01
  1.100000E+01  2.963514E+01
  1.250000E+01  2.029117E+01
  1.400000E+01  1.446523E+01
  1.500000E+01  1.175816E+01
  1.750000E+01  7.378094E+00
  2.000000E+01  4.911749E+00
  2.200000E+01  3.667397E+00
  2.500000E+01  2.473091E+00
  2.738610E+01  1.861823E+00
  3.000000E+01  1.404328E+00
  3.500000E+01  8.673968E-01
  4.000000E+01  5.701123E-01
  4.500000E+01  3.931021E-01
  5.000000E+01  2.815574E-01
  5.500000E+01  2.080096E-01
  6.000000E+01  1.576806E-01
  6.480740E+01  1.231908E-01
  7.000000E+01  9.640290E-02
  8.000000E+01  6.288778E-02
  9.000000E+01  4.312448E-02
  1.000000E+02  3.076864E-02
  1.100000E+02  2.267387E-02
  1.172600E+02  1.847128E-02
  1.250000E+02  1.506340E-02
  1.400000E+02  1.049204E-02
  1.500000E+02  8.423722E-03
  1.620190E+02  6.588779E-03
  1.750000E+02  5.169462E-03
  1.870830E+02  4.189239E-03
  2.000000E+02  3.398291E-03
  2.200000E+02  2.525470E-03
  2.345210E+02  2.072027E-03
  2.500000E+02  1.703252E-03
  2.738610E+02  1.288617E-03
  2.866330E+02  1.123564E-03
  3.000000E+02  9.815197E-04
  3.240370E+02  7.810810E-04
  3.367680E+02  6.974872E-04
  3.500000E+02  6.234902E-04
  3.741660E+02  5.141640E-04
  4.000000E+02  4.255364E-04
  4.242640E+02  3.608739E-04
  4.500000E+02  3.068426E-04
  4.743420E+02  2.659372E-04
  5.000000E+02  2.310375E-04
  5.244040E+02  2.037886E-04
  5.500000E+02  1.801163E-04
  5.744560E+02  1.611823E-04
  6.000000E+02  1.444720E-04
  6.235740E+02  1.312613E-04
  6.480740E+02  1.194265E-04
  6.735370E+02  1.088583E-04
  7.000000E+02  9.939046E-05
  7.483310E+02  8.509853E-05
  7.737350E+02  7.886287E-05
  8.000000E+02  7.316480E-05
  8.485280E+02  6.424566E-05
  9.000000E+02  5.660973E-05
  9.486830E+02  5.067757E-05
  1.000000E+03  4.548288E-05
  1.048810E+03  4.132739E-05
  1.100000E+03  3.762608E-05
  1.172600E+03  3.326917E-05
  1.250000E+03  2.952295E-05
  1.322880E+03  2.662132E-05
  1.400000E+03  2.406422E-05
  1.500000E+03  2.134399E-05
  1.558930E+03  1.998534E-05
  1.620190E+03  1.873197E-05
  1.683840E+03  1.757734E-05
  1.750000E+03  1.651058E-05
  1.870830E+03  1.483781E-05
  2.000000E+03  1.336837E-05
  2.097620E+03  1.242777E-05
  2.200000E+03  1.156702E-05
  2.345210E+03  1.052194E-05
  2.500000E+03  9.589194E-06
  2.738610E+03  8.421233E-06
  3.000000E+03  7.423142E-06
  3.240370E+03  6.685117E-06
  3.500000E+03  6.031940E-06
  3.741660E+03  5.525321E-06
  4.000000E+03  5.068010E-06
  4.500000E+03  4.363057E-06
  5.000000E+03  3.826302E-06
  5.500000E+03  3.404610E-06
  6.000000E+03  3.064985E-06
  6.480740E+03  2.795373E-06
  7.000000E+03  2.552495E-06
  8.000000E+03  2.184814E-06
  9.000000E+03  1.908606E-06
  1.000000E+04  1.693715E-06
  1.100000E+04  1.521892E-06
  1.250000E+04  1.320425E-06
  1.400000E+04  1.165731E-06
  1.500000E+04  1.081158E-06
  1.750000E+04  9.149362E-07
  2.000000E+04  7.928302E-07
  2.200000E+04  7.162688E-07
  2.500000E+04  6.255706E-07
  3.000000E+04  5.164601E-07
  3.500000E+04  4.397023E-07
  4.000000E+04  3.827800E-07
  4.500000E+04  3.388920E-07
  5.000000E+04  3.040235E-07
  5.500000E+04  2.756546E-07
  6.000000E+04  2.521251E-07
  7.000000E+04  2.153531E-07
  8.000000E+04  1.879391E-07
  9.000000E+04  1.667137E-07
  1.000000E+05  1.497949E-07
  1.100000E+05  1.359929E-07
  1.250000E+05  1.194788E-07
  1.400000E+05  1.065407E-07
  1.500000E+05  9.936694E-08
  1.750000E+05  8.504972E-08
  2.000000E+05  7.433835E-08
  2.200000E+05  6.753400E-08
  2.500000E+05  5.938090E-08
  3.000000E+05  4.943402E-08
  3.500000E+05  4.234152E-08
  4.000000E+05  3.702861E-08
  4.500000E+05  3.290034E-08
  5.000000E+05  2.960033E-08
  5.500000E+05  2.690188E-08
  6.000000E+05  2.465450E-08
  7.000000E+05  2.112468E-08
  8.000000E+05  1.847906E-08
  9.000000E+05  1.642233E-08
  1.000000E+06  1.477759E-08
EndElement
Element    S    16    32.060000
Range      1.000000E+00 1.000000E+06
Npoints    179
Data
  1.000000E+00  2.237734E+03
  1.100000E+00  1.747957E+03
  1.250000E+00  1.251456E+03
  1.400000E+00  9.282963E+02
  1.500000E+00  7.731539E+02
  1.750000E+00  5.124248E+02
  2.000000E+00  3.578065E+02
  2.200000E+00  2.764174E+02
  2.476000E+00  2.003235E+02
  2.476000E+00  1.873553E+03
  2.477490E+00  1.897219E+03
  2.478990E+00  1.917261E+03
  2.481980E+00  1.946339E+03
  2.484970E+00  1.971321E+03
  2.487970E+00  1.994576E+03
  2.490970E+00  2.016046E+03
  2.493980E+00  2.035149E+03
  2.496990E+00  2.051397E+03
  2.500000E+00  2.064377E+03
  2.503560E+00  2.075309E+03
  2.507130E+00  2.081621E+03
  2.510710E+00  2.083743E+03
  2.514280E+00  2.082259E+03
  2.517870E+00  2.077864E+03
  2.521460E+00  2.071290E+03
  2.528650E+00  2.054140E+03
  2.543100E+00  2.016365E+03
  2.550350E+00  1.999873E+03
  2.557630E+00  1.985823E+03
  2.572240E+00  1.963301E+03
  2.586940E+00  1.943540E+03
  2.601720E+00  1.922502E+03
  2.616590E+00  1.898120E+03
  2.676910E+00  1.788131E+03
  2.738610E+00  1.689231E+03
  2.801740E+00  1.594073E+03
  2.866330E+00  1.502770E+03
  3.000000E+00  1.333624E+03
  3.500000E+00  8.955408E+02
  4.000000E+00  6.304069E+02
  4.242640E+00  5.389046E+02
  4.500000E+00  4.600908E+02
  5.000000E+00  3.457941E+02
  5.500000E+00  2.662740E+02
  6.000000E+00  2.092778E+02
  7.000000E+00  1.358757E+02
  7.483310E+00  1.124763E+02
  8.000000E+00  9.301014E+01
  9.000000E+00  6.634742E+01
  1.000000E+01  4.891609E+01
  1.100000E+01  3.705007E+01
  1.250000E+01  2.544758E+01
  1.400000E+01  1.819083E+01
  1.500000E+01  1.481073E+01
  1.750000E+01  9.325997E+00
  2.000000E+01  6.226266E+00
  2.200000E+01  4.657974E+00
  2.500000E+01  3.149132E+00
  2.738610E+01  2.374989E+00
  3.000000E+01  1.794294E+00
  3.500000E+01  1.111303E+00
  4.000000E+01  7.320864E-01
  4.500000E+01  5.057547E-01
  5.000000E+01  3.628556E-01
  5.500000E+01  2.684680E-01
  6.000000E+01  2.037741E-01
  6.480740E+01  1.593841E-01
  7.000000E+01  1.248623E-01
  8.000000E+01  8.160245E-02
  9.000000E+01  5.604404E-02
  1.000000E+02  4.003972E-02
  1.100000E+02  2.953967E-02
  1.172600E+02  2.408237E-02
  1.250000E+02  1.965329E-02
  1.400000E+02  1.370589E-02
  1.500000E+02  1.101188E-02
  1.620190E+02  8.619907E-03
  1.750000E+02  6.768034E-03
  2.000000E+02  4.454562E-03
  2.200000E+02  3.313173E-03
  2.345210E+02  2.719731E-03
  2.500000E+02  2.236795E-03
  2.738610E+02  1.693461E-03
  2.866330E+02  1.477034E-03
  3.000000E+02  1.290695E-03
  3.240370E+02  1.027643E-03
  3.367680E+02  9.178862E-04
  3.500000E+02  8.206998E-04
  3.741660E+02  6.770588E-04
  4.000000E+02  5.605550E-04
  4.242640E+02  4.755181E-04
  4.500000E+02  4.044339E-04
  4.743420E+02  3.505990E-04
  5.000000E+02  3.046535E-04
  5.244040E+02  2.687704E-04
  5.500000E+02  2.375890E-04
  5.744560E+02  2.126421E-04
  6.000000E+02  1.906197E-04
  6.235740E+02  1.732068E-04
  6.480740E+02  1.576045E-04
  6.735370E+02  1.436692E-04
  7.000000E+02  1.311826E-04
  7.483310E+02  1.123302E-04
  7.737350E+02  1.041028E-04
  8.000000E+02  9.658417E-05
  8.485280E+02  8.481300E-05
  9.000000E+02  7.473334E-05
  9.486830E+02  6.690174E-05
  1.000000E+03  6.004315E-05
  1.048810E+03  5.455635E-05
  1.100000E+03  4.966839E-05
  1.172600E+03  4.391354E-05
  1.250000E+03  3.896528E-05
  1.322880E+03  3.513203E-05
  1.400000E+03  3.175411E-05
  1.500000E+03  2.816093E-05
  1.558930E+03  2.636612E-05
  1.620190E+03  2.471050E-05
  1.683840E+03  2.318543E-05
  1.750000E+03  2.177626E-05
  1.870830E+03  1.956670E-05
  2.000000E+03  1.762575E-05
  2.097620E+03  1.638370E-05
  2.200000E+03  1.524727E-05
  2.345210E+03  1.386757E-05
  2.500000E+03  1.263620E-05
  2.738610E+03  1.109455E-05
  3.000000E+03  9.777394E-06
  3.240370E+03  8.803615E-06
  3.500000E+03  7.941919E-06
  3.741660E+03  7.273698E-06
  4.000000E+03  6.670601E-06
  4.500000E+03  5.741151E-06
  5.000000E+03  5.033634E-06
  5.500000E+03  4.477967E-06
  6.000000E+03  4.030514E-06
  6.480740E+03  3.675403E-06
  7.000000E+03  3.355550E-06
  8.000000E+03  2.871487E-06
  9.000000E+03  2.507961E-06
  1.000000E+04  2.225205E-06
  1.100000E+04  1.999178E-06
  1.250000E+04  1.734211E-06
  1.400000E+04  1.530817E-06
  1.500000E+04  1.419636E-06
  1.750000E+04  1.201167E-06
  2.000000E+04  1.040720E-06
  2.200000E+04  9.401377E-07
  2.500000E+04  8.210023E-07
  3.000000E+04  6.777144E-07
  3.500000E+04  5.769346E-07
  4.000000E+04  5.022082E-07
  4.500000E+04  4.445997E-07
  5.000000E+04  3.988344E-07
  5.500000E+04  3.616046E-07
  6.000000E+04  3.307275E-07
  7.000000E+04  2.824771E-07
  8.000000E+04  2.465077E-07
  9.000000E+04  2.186604E-07
  1.000000E+05  1.964653E-07
  1.100000E+05  1.783591E-07
  1.250000E+05  1.566963E-07
  1.400000E+05  1.397251E-07
  1.500000E+05  1.303155E-07
  1.750000E+05  1.115366E-07
  2.000000E+05  9.748768E-08
  2.200000E+05  8.856341E-08
  2.500000E+05  7.787045E-08
  3.000000E+05  6.482555E-08
  3.500000E+05  5.552391E-08
  4.000000E+05  4.855656E-08
  4.500000E+05  4.314283E-08
  5.000000E+05  3.881519E-08
  5.500000E+05  3.527667E-08
  6.000000E+05  3.232928E-08
  7.000000E+05  2.770053E-08
  8.000000E+05  2.423132E-08
  9.000000E+05  2.153432E-08
  1.000000E+06  1.937754E-08
EndElement
Element    Cl   17    35.453000
Range      1.000000E+00 1.000000E+06
Npoints    181
Data
  1.000000E+00  2.630119E+03
  1.100000E+00  2.056680E+03
  1.250000E+00  1.474136E+03
  1.400000E+00  1.094250E+03
  1.500000E+00  9.116121E+02
  1.750000E+00  6.045310E+02
  2.000000E+00  4.222956E+02
  2.200000E+00  3.263843E+02
  2.500000E+00  2.305614E+02
  2.829000E+00  1.643280E+02
  2.829000E+00  1.418183E+03
  2.831600E+00  1.467038E+03
  2.834190E+00  1.500385E+03
  2.836790E+00  1.526365E+03
  2.839400E+00  1.548069E+03
  2.842000E+00  1.566930E+03
  2.844610E+00  1.583662E+03
  2.847220E+00  1.598255E+03
  2.849830E+00  1.610779E+03
  2.852440E+00  1.621247E+03
  2.855060E+00  1.629674E+03
  2.857680E+00  1.636127E+03
  2.860300E+00  1.640703E+03
  2.865550E+00  1.644812E+03
  2.870810E+00  1.643311E+03
  2.876080E+00  1.637683E+03
  2.881360E+00  1.629582E+03
  2.891950E+00  1.609522E+03
  2.902580E+00  1.589046E+03
  2.913250E+00  1.572125E+03
  2.923950E+00  1.558549E+03
  2.934700E+00  1.547445E+03
  2.956300E+00  1.527512E+03
  2.978070E+00  1.504863E+03
  3.000000E+00  1.477987E+03
  3.058370E+00  1.405281E+03
  3.117870E+00  1.339814E+03
  3.178530E+00  1.276141E+03
  3.240370E+00  1.212814E+03
  3.367680E+00  1.095932E+03
  3.500000E+00  9.927895E+02
  3.741660E+00  8.357328E+02
  4.000000E+00  7.020084E+02
  4.500000E+00  5.146923E+02
  4.743420E+00  4.472807E+02
  5.000000E+00  3.882772E+02
  5.500000E+00  2.999537E+02
  6.000000E+00  2.364199E+02
  7.000000E+00  1.542322E+02
  7.483310E+00  1.279241E+02
  8.000000E+00  1.059822E+02
  9.000000E+00  7.583400E+01
  1.000000E+01  5.606011E+01
  1.100000E+01  4.256283E+01
  1.250000E+01  2.932424E+01
  1.400000E+01  2.101609E+01
  1.500000E+01  1.713744E+01
  1.750000E+01  1.082749E+01
  2.000000E+01  7.248906E+00
  2.200000E+01  5.433363E+00
  2.500000E+01  3.682334E+00
  2.738610E+01  2.781875E+00
  3.000000E+01  2.105125E+00
  3.500000E+01  1.307266E+00
  4.000000E+01  8.630687E-01
  4.500000E+01  5.973594E-01
  5.000000E+01  4.292633E-01
  5.500000E+01  3.180491E-01
  6.000000E+01  2.417146E-01
  6.480740E+01  1.892695E-01
  7.000000E+01  1.484287E-01
  8.000000E+01  9.717656E-02
  9.000000E+01  6.684078E-02
  1.000000E+02  4.781430E-02
  1.100000E+02  3.531496E-02
  1.250000E+02  2.352972E-02
  1.400000E+02  1.642883E-02
  1.500000E+02  1.320893E-02
  1.620190E+02  1.034773E-02
  1.750000E+02  8.130510E-03
  2.000000E+02  5.357757E-03
  2.200000E+02  3.988171E-03
  2.345210E+02  3.275547E-03
  2.500000E+02  2.695245E-03
  2.738610E+02  2.041953E-03
  2.866330E+02  1.781554E-03
  3.000000E+02  1.557275E-03
  3.240370E+02  1.240517E-03
  3.367680E+02  1.108294E-03
  3.500000E+02  9.911792E-04
  3.741660E+02  8.180178E-04
  4.000000E+02  6.775023E-04
  4.242640E+02  5.748950E-04
  4.500000E+02  4.890906E-04
  4.743420E+02  4.240859E-04
  5.000000E+02  3.685867E-04
  5.244040E+02  3.252309E-04
  5.500000E+02  2.875452E-04
  5.744560E+02  2.573895E-04
  6.000000E+02  2.307618E-04
  6.235740E+02  2.097022E-04
  6.480740E+02  1.908305E-04
  6.735370E+02  1.739699E-04
  7.000000E+02  1.588608E-04
  7.483310E+02  1.360439E-04
  7.737350E+02  1.260846E-04
  8.000000E+02  1.169820E-04
  8.485280E+02  1.027289E-04
  9.000000E+02  9.052151E-05
  9.486830E+02  8.103519E-05
  1.000000E+03  7.272635E-05
  1.048810E+03  6.607861E-05
  1.100000E+03  6.015584E-05
  1.172600E+03  5.318247E-05
  1.250000E+03  4.718547E-05
  1.322880E+03  4.253972E-05
  1.400000E+03  3.844552E-05
  1.500000E+03  3.409042E-05
  1.558930E+03  3.191498E-05
  1.620190E+03  2.990857E-05
  1.683840E+03  2.806012E-05
  1.750000E+03  2.635215E-05
  1.870830E+03  2.367427E-05
  2.000000E+03  2.132218E-05
  2.097620E+03  1.981737E-05
  2.200000E+03  1.844080E-05
  2.345210E+03  1.676952E-05
  2.500000E+03  1.527804E-05
  2.738610E+03  1.341101E-05
  3.000000E+03  1.181617E-05
  3.240370E+03  1.063731E-05
  3.500000E+03  9.594301E-06
  3.741660E+03  8.785603E-06
  4.000000E+03  8.055855E-06
  4.500000E+03  6.931450E-06
  5.000000E+03  6.075800E-06
  5.500000E+03  5.403943E-06
  6.000000E+03  4.863083E-06
  6.480740E+03  4.433925E-06
  7.000000E+03  4.047436E-06
  8.000000E+03  3.462718E-06
  9.000000E+03  3.023708E-06
  1.000000E+04  2.682352E-06
  1.100000E+04  2.409536E-06
  1.250000E+04  2.089803E-06
  1.400000E+04  1.844437E-06
  1.500000E+04  1.710330E-06
  1.750000E+04  1.446871E-06
  2.000000E+04  1.253434E-06
  2.200000E+04  1.132194E-06
  2.500000E+04  9.886142E-07
  3.000000E+04  8.159624E-07
  3.500000E+04  6.945531E-07
  4.000000E+04  6.045463E-07
  4.500000E+04  5.351659E-07
  5.000000E+04  4.800556E-07
  5.500000E+04  4.352255E-07
  6.000000E+04  3.980477E-07
  7.000000E+04  3.399580E-07
  8.000000E+04  2.966566E-07
  9.000000E+04  2.631359E-07
  1.000000E+05  2.364199E-07
  1.100000E+05  2.146266E-07
  1.250000E+05  1.885543E-07
  1.400000E+05  1.681292E-07
  1.500000E+05  1.568050E-07
  1.750000E+05  1.342058E-07
  2.000000E+05  1.172995E-07
  2.200000E+05  1.065605E-07
  2.500000E+05  9.369335E-08
  3.000000E+05  7.799635E-08
  3.500000E+05  6.680410E-08
  4.000000E+05  5.842086E-08
  4.500000E+05  5.190697E-08
  5.000000E+05  4.670000E-08
  5.500000E+05  4.244239E-08
  6.000000E+05  3.889617E-08
  7.000000E+05  3.332705E-08
  8.000000E+05  2.915302E-08
  9.000000E+05  2.590813E-08
  1.000000E+06  2.331314E-08
EndElement
Element    Ar   18    39.948000
Range      1.000000E+00 1.000000E+06
Npoints    183
Data
  1.000000E+00  2.989589E+03
  1.100000E+00  2.339768E+03
  1.250000E+00  1.678867E+03
  1.400000E+00  1.247188E+03
  1.500000E+00  1.039465E+03
  1.750000E+00  6.896412E+02
  2.000000E+00  4.818617E+02
  2.200000E+00  3.724930E+02
  2.500000E+00  2.631890E+02
  3.000000E+00  1.597749E+02
  3.206300E+00  1.329641E+02
  3.206300E+00  1.067558E+03
  3.208500E+00  1.108773E+03
  3.210690E+00  1.138983E+03
  3.212890E+00  1.162509E+03
  3.215090E+00  1.181789E+03
  3.217300E+00  1.198208E+03
  3.219500E+00  1.212519E+03
  3.221710E+00  1.225132E+03
  3.223910E+00  1.236270E+03
  3.226120E+00  1.246058E+03
  3.228330E+00  1.254596E+03
  3.232750E+00  1.268154E+03
  3.237180E+00  1.277382E+03
  3.241620E+00  1.282758E+03
  3.246060E+00  1.284827E+03
  3.250510E+00  1.284181E+03
  3.254970E+00  1.281410E+03
  3.259430E+00  1.277067E+03
  3.268370E+00  1.265679E+03
  3.277330E+00  1.252995E+03
  3.286320E+00  1.240769E+03
  3.295330E+00  1.230143E+03
  3.304370E+00  1.221173E+03
  3.313430E+00  1.213698E+03
  3.349930E+00  1.189471E+03
  3.368330E+00  1.176461E+03
  3.386840E+00  1.161261E+03
  3.424140E+00  1.128399E+03
  3.461860E+00  1.096929E+03
  3.500000E+00  1.068001E+03
  3.558910E+00  1.025526E+03
  3.618810E+00  9.829771E+02
  3.741660E+00  8.999232E+02
  3.868670E+00  8.240299E+02
  4.000000E+00  7.558806E+02
  4.242640E+00  6.487701E+02
  4.500000E+00  5.560380E+02
  5.000000E+00  4.211157E+02
  5.500000E+00  3.263817E+02
  6.000000E+00  2.579550E+02
  7.000000E+00  1.690641E+02
  7.483310E+00  1.404917E+02
  8.000000E+00  1.166111E+02
  9.000000E+00  8.370200E+01
  1.000000E+01  6.203537E+01
  1.100000E+01  4.720675E+01
  1.250000E+01  3.262113E+01
  1.400000E+01  2.343868E+01
  1.500000E+01  1.914127E+01
  1.750000E+01  1.213247E+01
  2.000000E+01  8.144573E+00
  2.200000E+01  6.116103E+00
  2.500000E+01  4.155033E+00
  2.738610E+01  3.144243E+00
  3.000000E+01  2.383048E+00
  3.500000E+01  1.483714E+00
  4.000000E+01  9.816460E-01
  4.500000E+01  6.806596E-01
  5.000000E+01  4.898936E-01
  5.500000E+01  3.634706E-01
  6.000000E+01  2.765680E-01
  6.480740E+01  2.167898E-01
  7.000000E+01  1.701856E-01
  8.000000E+01  1.116134E-01
  9.000000E+01  7.688224E-02
  1.000000E+02  5.506698E-02
  1.100000E+02  4.071608E-02
  1.250000E+02  2.716627E-02
  1.400000E+02  1.899052E-02
  1.500000E+02  1.527922E-02
  1.620190E+02  1.197857E-02
  1.750000E+02  9.418572E-03
  2.000000E+02  6.213954E-03
  2.200000E+02  4.629200E-03
  2.345210E+02  3.803968E-03
  2.500000E+02  3.131595E-03
  2.738610E+02  2.374169E-03
  2.866330E+02  2.072067E-03
  3.000000E+02  1.811753E-03
  3.240370E+02  1.443960E-03
  3.367680E+02  1.290363E-03
  3.500000E+02  1.154274E-03
  3.741660E+02  9.529886E-04
  4.000000E+02  7.895716E-04
  4.242640E+02  6.701916E-04
  4.500000E+02  5.703200E-04
  4.743420E+02  4.946317E-04
  5.000000E+02  4.299903E-04
  5.244040E+02  3.794787E-04
  5.500000E+02  3.355638E-04
  5.744560E+02  3.004121E-04
  6.000000E+02  2.693683E-04
  6.235740E+02  2.448112E-04
  6.480740E+02  2.227987E-04
  6.735370E+02  2.031304E-04
  7.000000E+02  1.855003E-04
  7.483310E+02  1.588734E-04
  7.737350E+02  1.472480E-04
  8.000000E+02  1.366220E-04
  8.485280E+02  1.199809E-04
  9.000000E+02  1.057256E-04
  9.486830E+02  9.464596E-05
  1.000000E+03  8.493995E-05
  1.048810E+03  7.717349E-05
  1.100000E+03  7.025364E-05
  1.172600E+03  6.210517E-05
  1.250000E+03  5.509743E-05
  1.322880E+03  4.966834E-05
  1.400000E+03  4.488355E-05
  1.500000E+03  3.979365E-05
  1.558930E+03  3.725110E-05
  1.620190E+03  3.490620E-05
  1.750000E+03  3.075003E-05
  1.870830E+03  2.762032E-05
  2.000000E+03  2.487201E-05
  2.097620E+03  2.311397E-05
  2.200000E+03  2.150607E-05
  2.345210E+03  1.955402E-05
  2.500000E+03  1.781211E-05
  2.738610E+03  1.563182E-05
  3.000000E+03  1.376973E-05
  3.240370E+03  1.239360E-05
  3.500000E+03  1.117625E-05
  3.741660E+03  1.023253E-05
  4.000000E+03  9.381096E-06
  4.500000E+03  8.069484E-06
  5.000000E+03  7.071644E-06
  5.500000E+03  6.288349E-06
  6.000000E+03  5.657945E-06
  6.480740E+03  5.157803E-06
  7.000000E+03  4.707515E-06
  8.000000E+03  4.026429E-06
  9.000000E+03  3.515237E-06
  1.000000E+04  3.117846E-06
  1.100000E+04  2.800323E-06
  1.250000E+04  2.428303E-06
  1.400000E+04  2.142859E-06
  1.500000E+04  1.986893E-06
  1.750000E+04  1.680540E-06
  2.000000E+04  1.455660E-06
  2.200000E+04  1.314742E-06
  2.500000E+04  1.147887E-06
  3.000000E+04  9.472872E-07
  3.500000E+04  8.062565E-07
  4.000000E+04  7.017193E-07
  4.500000E+04  6.211482E-07
  5.000000E+04  5.571566E-07
  5.500000E+04  5.051058E-07
  6.000000E+04  4.619432E-07
  7.000000E+04  3.945069E-07
  8.000000E+04  3.442425E-07
  9.000000E+04  3.053356E-07
  1.000000E+05  2.743279E-07
  1.100000E+05  2.490351E-07
  1.250000E+05  2.187767E-07
  1.400000E+05  1.950744E-07
  1.500000E+05  1.819320E-07
  1.750000E+05  1.557076E-07
  2.000000E+05  1.360911E-07
  2.200000E+05  1.236301E-07
  2.500000E+05  1.087005E-07
  3.000000E+05  9.048784E-08
  3.500000E+05  7.750212E-08
  4.000000E+05  6.777577E-08
  4.500000E+05  6.021839E-08
  5.000000E+05  5.417726E-08
  5.500000E+05  4.923780E-08
  6.000000E+05  4.512370E-08
  7.000000E+05  3.866272E-08
  8.000000E+05  3.382020E-08
  9.000000E+05  3.005568E-08
  1.000000E+06  2.704536E-08
EndElement
Element    K    19    39.098300
Range      1.000000E+00 1.000000E+06
Npoints    174
Data
  1.000000E+00  3.782315E+03
  1.100000E+00  2.968105E+03
  1.250000E+00  2.137029E+03
  1.400000E+00  1.591686E+03
  1.500000E+00  1.328550E+03
  1.620190E+00  1.084308E+03
  1.750000E+00  8.840456E+02
  2.000000E+00  6.189767E+02
  2.200000E+00  4.790690E+02
  2.500000E+00  3.390135E+02
  3.000000E+00  2.062080E+02
  3.500000E+00  1.349785E+02
  3.610000E+00  1.239256E+02
  3.610000E+00  9.581504E+02
  3.612890E+00  1.039467E+03
  3.615790E+00  1.096017E+03
  3.618690E+00  1.134091E+03
  3.621590E+00  1.158607E+03
  3.624500E+00  1.173195E+03
  3.627400E+00  1.180608E+03
  3.630310E+00  1.182959E+03
  3.633220E+00  1.181859E+03
  3.656590E+00  1.144042E+03
  3.662460E+00  1.137291E+03
  3.668330E+00  1.132370E+03
  3.680110E+00  1.125966E+03
  3.703780E+00  1.115112E+03
  3.715670E+00  1.107708E+03
  3.727610E+00  1.098896E+03
  3.751580E+00  1.080689E+03
  3.775710E+00  1.064220E+03
  3.800000E+00  1.049297E+03
  3.824440E+00  1.034285E+03
  3.849040E+00  1.018454E+03
  3.898720E+00  9.856178E+02
  4.000000E+00  9.231342E+02
  4.119530E+00  8.561823E+02
  4.242640E+00  7.927407E+02
  4.500000E+00  6.800017E+02
  5.000000E+00  5.165311E+02
  5.500000E+00  4.017728E+02
  6.000000E+00  3.185158E+02
  7.000000E+00  2.098045E+02
  7.483310E+00  1.747113E+02
  8.000000E+00  1.453032E+02
  9.000000E+00  1.046481E+02
  1.000000E+01  7.778095E+01
  1.100000E+01  5.933021E+01
  1.250000E+01  4.112500E+01
  1.400000E+01  2.962729E+01
  1.500000E+01  2.423316E+01
  1.750000E+01  1.541119E+01
  2.000000E+01  1.037404E+01
  2.200000E+01  7.805157E+00
  2.500000E+01  5.315641E+00
  2.738610E+01  4.029419E+00
  3.000000E+01  3.058811E+00
  3.500000E+01  1.909502E+00
  4.000000E+01  1.266117E+00
  4.500000E+01  8.795111E-01
  5.000000E+01  6.340080E-01
  5.500000E+01  4.710458E-01
  6.000000E+01  3.588659E-01
  6.480740E+01  2.816005E-01
  7.000000E+01  2.212856E-01
  8.000000E+01  1.453765E-01
  9.000000E+01  1.002856E-01
  1.000000E+02  7.191904E-02
  1.100000E+02  5.323434E-02
  1.250000E+02  3.556852E-02
  1.400000E+02  2.489347E-02
  1.500000E+02  2.004228E-02
  1.620190E+02  1.572479E-02
  1.750000E+02  1.237303E-02
  2.000000E+02  8.172878E-03
  2.200000E+02  6.093408E-03
  2.345210E+02  5.009761E-03
  2.500000E+02  4.126301E-03
  2.738610E+02  3.130433E-03
  2.866330E+02  2.732985E-03
  3.000000E+02  2.390355E-03
  3.240370E+02  1.906052E-03
  3.367680E+02  1.703724E-03
  3.500000E+02  1.524400E-03
  3.741660E+02  1.259063E-03
  4.000000E+02  1.043536E-03
  4.242640E+02  8.860202E-04
  4.500000E+02  7.541942E-04
  4.743420E+02  6.542563E-04
  5.000000E+02  5.688783E-04
  5.244040E+02  5.021421E-04
  5.500000E+02  4.441068E-04
  5.744560E+02  3.976403E-04
  6.000000E+02  3.565940E-04
  6.235740E+02  3.241162E-04
  6.480740E+02  2.950007E-04
  6.735370E+02  2.689796E-04
  7.000000E+02  2.456509E-04
  7.483310E+02  2.104113E-04
  7.737350E+02  1.950242E-04
  8.000000E+02  1.809570E-04
  8.485280E+02  1.589237E-04
  9.000000E+02  1.400435E-04
  9.486830E+02  1.253673E-04
  1.000000E+03  1.125088E-04
  1.048810E+03  1.022188E-04
  1.100000E+03  9.304951E-05
  1.172600E+03  8.225185E-05
  1.250000E+03  7.296487E-05
  1.322880E+03  6.576972E-05
  1.400000E+03  5.942802E-05
  1.500000E+03  5.268139E-05
  1.558930E+03  4.931131E-05
  1.620190E+03  4.620307E-05
  1.750000E+03  4.069419E-05
  1.870830E+03  3.654613E-05
  2.000000E+03  3.290404E-05
  2.097620E+03  3.057501E-05
  2.200000E+03  2.844484E-05
  2.345210E+03  2.585921E-05
  2.500000E+03  2.355191E-05
  2.738610E+03  2.066439E-05
  3.000000E+03  1.819875E-05
  3.240370E+03  1.637693E-05
  3.500000E+03  1.476548E-05
  3.741660E+03  1.351650E-05
  4.000000E+03  1.238981E-05
  4.500000E+03  1.065460E-05
  5.000000E+03  9.334847E-06
  5.500000E+03  8.299148E-06
  6.000000E+03  7.465761E-06
  6.480740E+03  6.804760E-06
  7.000000E+03  6.209729E-06
  8.000000E+03  5.309972E-06
  9.000000E+03  4.634863E-06
  1.000000E+04  4.110205E-06
  1.100000E+04  3.691086E-06
  1.250000E+04  3.200129E-06
  1.400000E+04  2.823537E-06
  1.500000E+04  2.617805E-06
  1.750000E+04  2.213780E-06
  2.000000E+04  1.917280E-06
  2.200000E+04  1.731525E-06
  2.500000E+04  1.511605E-06
  3.000000E+04  1.247270E-06
  3.500000E+04  1.061471E-06
  4.000000E+04  9.237718E-07
  4.500000E+04  8.176544E-07
  5.000000E+04  7.333792E-07
  5.500000E+04  6.648394E-07
  6.000000E+04  6.080054E-07
  7.000000E+04  5.192173E-07
  8.000000E+04  4.530449E-07
  9.000000E+04  4.018283E-07
  1.000000E+05  3.610099E-07
  1.100000E+05  3.277188E-07
  1.250000E+05  2.878924E-07
  1.400000E+05  2.566960E-07
  1.500000E+05  2.394005E-07
  1.750000E+05  2.048880E-07
  2.000000E+05  1.790717E-07
  2.200000E+05  1.626742E-07
  2.500000E+05  1.430271E-07
  3.000000E+05  1.190611E-07
  3.500000E+05  1.019738E-07
  4.000000E+05  8.917546E-08
  4.500000E+05  7.923141E-08
  5.000000E+05  7.128245E-08
  5.500000E+05  6.478319E-08
  6.000000E+05  5.936995E-08
  7.000000E+05  5.086882E-08
  8.000000E+05  4.449724E-08
  9.000000E+05  3.954408E-08
  1.000000E+06  3.558331E-08
EndElement
Element    Ca   20    40.080000
Range      1.000000E+00 1.000000E+06
Npoints    162
Data
  1.000000E+00  4.511016E+03
  1.100000E+00  3.548826E+03
  1.250000E+00  2.562971E+03
  1.400000E+00  1.914163E+03
  1.500000E+00  1.600104E+03
  1.620190E+00  1.308103E+03
  1.750000E+00  1.068018E+03
  2.000000E+00  7.495312E+02
  2.200000E+00  5.809412E+02
  2.500000E+00  4.117879E+02
  2.738610E+00  3.216556E+02
  3.000000E+00  2.509826E+02
  3.500000E+00  1.645451E+02
  4.000000E+00  1.138575E+02
  4.041000E+00  1.106885E+02
  4.041000E+00  1.035647E+03
  4.044400E+00  1.033664E+03
  4.047800E+00  1.031681E+03
  4.054610E+00  1.027710E+03
  4.068260E+00  1.019761E+03
  4.095710E+00  1.003834E+03
  4.151160E+00  9.719312E+02
  4.264330E+00  9.084312E+02
  4.380580E+00  8.464338E+02
  4.500000E+00  7.874250E+02
  4.620110E+00  7.340040E+02
  4.743420E+00  6.850846E+02
  5.000000E+00  5.983180E+02
  5.244040E+00  5.287704E+02
  5.500000E+00  4.665101E+02
  6.000000E+00  3.708906E+02
  6.480740E+00  3.019965E+02
  7.000000E+00  2.455405E+02
  7.483310E+00  2.048550E+02
  8.000000E+00  1.707190E+02
  9.000000E+00  1.233609E+02
  1.000000E+01  9.194748E+01
  1.100000E+01  7.030473E+01
  1.250000E+01  4.887821E+01
  1.400000E+01  3.530225E+01
  1.500000E+01  2.891875E+01
  1.750000E+01  1.845122E+01
  2.000000E+01  1.245359E+01
  2.200000E+01  9.386996E+00
  2.500000E+01  6.408171E+00
  2.738610E+01  4.865764E+00
  3.000000E+01  3.699575E+00
  3.500000E+01  2.315429E+00
  4.000000E+01  1.538546E+00
  4.500000E+01  1.070685E+00
  5.000000E+01  7.730082E-01
  5.500000E+01  5.750889E-01
  6.000000E+01  4.386517E-01
  6.480740E+01  3.445707E-01
  7.000000E+01  2.710354E-01
  8.000000E+01  1.783578E-01
  9.000000E+01  1.232121E-01
  1.000000E+02  8.846912E-02
  1.100000E+02  6.555464E-02
  1.250000E+02  4.386021E-02
  1.400000E+02  3.073230E-02
  1.500000E+02  2.476019E-02
  1.620190E+02  1.944079E-02
  1.750000E+02  1.530763E-02
  2.000000E+02  1.012319E-02
  2.200000E+02  7.553489E-03
  2.345210E+02  6.213353E-03
  2.500000E+02  5.120127E-03
  2.738610E+02  3.887030E-03
  2.866330E+02  3.394606E-03
  3.000000E+02  2.969946E-03
  3.240370E+02  2.369400E-03
  3.500000E+02  1.895862E-03
  3.741660E+02  1.566478E-03
  4.000000E+02  1.298784E-03
  4.242640E+02  1.103069E-03
  4.500000E+02  9.392135E-04
  4.743420E+02  8.149513E-04
  5.000000E+02  7.087555E-04
  5.244040E+02  6.257227E-04
  5.500000E+02  5.534945E-04
  5.744560E+02  4.956501E-04
  6.000000E+02  4.445401E-04
  6.235740E+02  4.040950E-04
  6.480740E+02  3.678284E-04
  6.735370E+02  3.354128E-04
  7.000000E+02  3.063464E-04
  7.483310E+02  2.624274E-04
  7.737350E+02  2.432461E-04
  8.000000E+02  2.257086E-04
  8.485280E+02  1.982333E-04
  9.000000E+02  1.746857E-04
  9.486830E+02  1.563788E-04
  1.000000E+03  1.403383E-04
  1.048810E+03  1.275004E-04
  1.100000E+03  1.160598E-04
  1.172600E+03  1.025860E-04
  1.250000E+03  9.099593E-05
  1.322880E+03  8.201531E-05
  1.400000E+03  7.409953E-05
  1.500000E+03  6.567800E-05
  1.620190E+03  5.759153E-05
  1.750000E+03  5.071535E-05
  1.870830E+03  4.553823E-05
  2.000000E+03  4.099323E-05
  2.097620E+03  3.808734E-05
  2.200000E+03  3.543011E-05
  2.345210E+03  3.220463E-05
  2.500000E+03  2.932653E-05
  2.738610E+03  2.572527E-05
  3.000000E+03  2.265079E-05
  3.240370E+03  2.037942E-05
  3.500000E+03  1.837069E-05
  3.741660E+03  1.681406E-05
  4.000000E+03  1.540995E-05
  4.500000E+03  1.324811E-05
  5.000000E+03  1.160434E-05
  5.500000E+03  1.031466E-05
  6.000000E+03  9.277177E-06
  6.480740E+03  8.454452E-06
  7.000000E+03  7.714005E-06
  8.000000E+03  6.594635E-06
  9.000000E+03  5.755006E-06
  1.000000E+04  5.102653E-06
  1.100000E+04  4.581650E-06
  1.250000E+04  3.971502E-06
  1.400000E+04  3.503615E-06
  1.500000E+04  3.248034E-06
  1.750000E+04  2.746264E-06
  2.000000E+04  2.378114E-06
  2.200000E+04  2.147506E-06
  2.500000E+04  1.874557E-06
  3.000000E+04  1.546539E-06
  3.500000E+04  1.316018E-06
  4.000000E+04  1.145207E-06
  4.500000E+04  1.013589E-06
  5.000000E+04  9.090743E-07
  5.500000E+04  8.240807E-07
  6.000000E+04  7.536075E-07
  7.000000E+04  6.435201E-07
  8.000000E+04  5.614820E-07
  9.000000E+04  4.979895E-07
  1.000000E+05  4.473919E-07
  1.100000E+05  4.061249E-07
  1.250000E+05  3.567623E-07
  1.400000E+05  3.180961E-07
  1.500000E+05  2.966596E-07
  1.750000E+05  2.538870E-07
  2.000000E+05  2.218922E-07
  2.200000E+05  2.015704E-07
  2.500000E+05  1.772234E-07
  3.000000E+05  1.475252E-07
  3.500000E+05  1.263514E-07
  4.000000E+05  1.104925E-07
  4.500000E+05  9.817051E-08
  5.000000E+05  8.832113E-08
  5.500000E+05  8.026786E-08
  6.000000E+05  7.356042E-08
  7.000000E+05  6.302708E-08
  8.000000E+05  5.513234E-08
  9.000000E+05  4.899525E-08
  1.000000E+06  4.408769E-08
EndElement
Element    Sc   21    44.955900
Range      1.000000E+00 1.000000E+06
Npoints    167
Data
  1.000000E+00  4.877763E+03
  1.100000E+00  3.844448E+03
  1.250000E+00  2.782132E+03
  1.400000E+00  2.081271E+03
  1.500000E+00  1.741543E+03
  1.620190E+00  1.425258E+03
  1.750000E+00  1.164914E+03
  2.000000E+00  8.188420E+02
  2.200000E+00  6.353027E+02
  2.500000E+00  4.508672E+02
  2.738610E+00  3.524453E+02
  3.000000E+00  2.751697E+02
  3.500000E+00  1.805749E+02
  4.000000E+00  1.250461E+02
  4.494000E+00  9.059245E+01
  4.494000E+00  8.492395E+02
  4.497000E+00  8.230912E+02
  4.500000E+00  8.064323E+02
  4.503710E+00  7.950312E+02
  4.507410E+00  7.905089E+02
  4.511130E+00  7.902745E+02
  4.514840E+00  7.923240E+02
  4.522280E+00  7.982475E+02
  4.526000E+00  8.004109E+02
  4.529730E+00  8.015697E+02
  4.533460E+00  8.016701E+02
  4.537190E+00  8.008302E+02
  4.544670E+00  7.971706E+02
  4.559660E+00  7.877681E+02
  4.620110E+00  7.641958E+02
  4.681350E+00  7.392892E+02
  4.743420E+00  7.167363E+02
  4.806300E+00  6.947955E+02
  4.870020E+00  6.725909E+02
  5.000000E+00  6.284495E+02
  5.500000E+00  4.903965E+02
  6.000000E+00  3.905479E+02
  6.480740E+00  3.187485E+02
  7.000000E+00  2.597312E+02
  8.000000E+00  1.812755E+02
  9.000000E+00  1.313994E+02
  1.000000E+01  9.820133E+01
  1.100000E+01  7.526179E+01
  1.250000E+01  5.247845E+01
  1.400000E+01  3.799425E+01
  1.500000E+01  3.116822E+01
  1.750000E+01  1.994815E+01
  2.000000E+01  1.349854E+01
  2.200000E+01  1.019255E+01
  2.500000E+01  6.973970E+00
  2.738610E+01  5.303839E+00
  3.000000E+01  4.038739E+00
  3.500000E+01  2.534044E+00
  4.000000E+01  1.687251E+00
  4.500000E+01  1.176208E+00
  5.000000E+01  8.504732E-01
  5.500000E+01  6.335465E-01
  6.000000E+01  4.837978E-01
  6.480740E+01  3.804167E-01
  7.000000E+01  2.995177E-01
  8.000000E+01  1.974239E-01
  9.000000E+01  1.365688E-01
  1.000000E+02  9.817561E-02
  1.100000E+02  7.282270E-02
  1.250000E+02  4.878808E-02
  1.400000E+02  3.422364E-02
  1.500000E+02  2.759132E-02
  1.620190E+02  2.167954E-02
  1.750000E+02  1.708215E-02
  2.000000E+02  1.130970E-02
  2.200000E+02  8.445336E-03
  2.345210E+02  6.950473E-03
  2.500000E+02  5.730316E-03
  2.738610E+02  4.353202E-03
  2.866330E+02  3.802908E-03
  3.000000E+02  3.328139E-03
  3.240370E+02  2.656481E-03
  3.500000E+02  2.126561E-03
  3.741660E+02  1.757765E-03
  4.000000E+02  1.457904E-03
  4.242640E+02  1.238583E-03
  4.500000E+02  1.054886E-03
  4.743420E+02  9.155279E-04
  5.000000E+02  7.963923E-04
  5.244040E+02  7.032174E-04
  5.500000E+02  6.221468E-04
  5.744560E+02  5.572073E-04
  6.000000E+02  4.998149E-04
  6.235740E+02  4.543889E-04
  6.480740E+02  4.136487E-04
  6.735370E+02  3.772245E-04
  7.000000E+02  3.445579E-04
  7.483310E+02  2.951908E-04
  7.737350E+02  2.736252E-04
  8.000000E+02  2.539054E-04
  8.485280E+02  2.230070E-04
  9.000000E+02  1.965224E-04
  9.486830E+02  1.759293E-04
  1.000000E+03  1.578813E-04
  1.048810E+03  1.434354E-04
  1.100000E+03  1.305610E-04
  1.172600E+03  1.153957E-04
  1.250000E+03  1.023490E-04
  1.322880E+03  9.223945E-05
  1.400000E+03  8.332826E-05
  1.500000E+03  7.384788E-05
  1.620190E+03  6.474512E-05
  1.750000E+03  5.700511E-05
  1.870830E+03  5.117759E-05
  2.000000E+03  4.606206E-05
  2.097620E+03  4.279218E-05
  2.200000E+03  3.980240E-05
  2.345210E+03  3.617351E-05
  2.500000E+03  3.293565E-05
  2.738610E+03  2.888467E-05
  3.000000E+03  2.542698E-05
  3.240370E+03  2.287283E-05
  3.500000E+03  2.061445E-05
  3.741660E+03  1.886458E-05
  4.000000E+03  1.728657E-05
  4.500000E+03  1.485740E-05
  5.000000E+03  1.301077E-05
  5.500000E+03  1.156236E-05
  6.000000E+03  1.039745E-05
  6.480740E+03  9.473868E-06
  7.000000E+03  8.642815E-06
  8.000000E+03  7.386797E-06
  9.000000E+03  6.444961E-06
  1.000000E+04  5.713411E-06
  1.100000E+04  5.129280E-06
  1.250000E+04  4.445378E-06
  1.400000E+04  3.921058E-06
  1.500000E+04  3.634726E-06
  1.750000E+04  3.072657E-06
  2.000000E+04  2.660392E-06
  2.200000E+04  2.402191E-06
  2.500000E+04  2.096622E-06
  3.000000E+04  1.729501E-06
  3.500000E+04  1.471554E-06
  4.000000E+04  1.280459E-06
  4.500000E+04  1.133225E-06
  5.000000E+04  1.016322E-06
  5.500000E+04  9.212613E-07
  6.000000E+04  8.424479E-07
  7.000000E+04  7.193431E-07
  8.000000E+04  6.276122E-07
  9.000000E+04  5.566220E-07
  1.000000E+05  5.000534E-07
  1.100000E+05  4.539201E-07
  1.250000E+05  3.987366E-07
  1.400000E+05  3.555128E-07
  1.500000E+05  3.315520E-07
  1.750000E+05  2.837416E-07
  2.000000E+05  2.479805E-07
  2.200000E+05  2.252668E-07
  2.500000E+05  1.980549E-07
  3.000000E+05  1.648631E-07
  3.500000E+05  1.411983E-07
  4.000000E+05  1.234751E-07
  4.500000E+05  1.097046E-07
  5.000000E+05  9.869736E-08
  5.500000E+05  8.969763E-08
  6.000000E+05  8.220195E-08
  7.000000E+05  7.043065E-08
  8.000000E+05  6.160826E-08
  9.000000E+05  5.475022E-08
  1.000000E+06  4.926590E-08
EndElement
Element    Ti   22    47.880000
Range      1.000000E+00 1.000000E+06
Npoints    170
Data
  1.000000E+00  5.471268E+03
  1.100000E+00  4.322760E+03
  1.250000E+00  3.136192E+03
  1.400000E+00  2.350433E+03
  1.500000E+00  1.968780E+03
  1.620190E+00  1.613048E+03
  1.750000E+00  1.319802E+03
  2.000000E+00  9.294334E+02
  2.200000E+00  7.219513E+02
  2.500000E+00  5.130630E+02
  2.738610E+00  4.014257E+02
  3.000000E+00  3.136670E+02
  3.500000E+00  2.060684E+02
  4.000000E+00  1.428246E+02
  4.500000E+00  1.031654E+02
  4.970000E+00  7.830493E+01
  4.970000E+00  7.307178E+02
  4.973740E+00  6.992513E+02
  4.977480E+00  6.813974E+02
  4.981230E+00  6.720460E+02
  4.984980E+00  6.681784E+02
  4.988730E+00  6.677168E+02
  4.992480E+00  6.691557E+02
  5.000000E+00  6.737314E+02
  5.007450E+00  6.768104E+02
  5.011180E+00  6.772556E+02
  5.014910E+00  6.769927E+02
  5.022390E+00  6.747691E+02
  5.029870E+00  6.713417E+02
  5.044880E+00  6.652201E+02
  5.059930E+00  6.603061E+02
  5.090160E+00  6.518452E+02
  5.120570E+00  6.424522E+02
  5.181940E+00  6.231004E+02
  5.244040E+00  6.056641E+02
  5.306890E+00  5.887661E+02
  5.370500E+00  5.716921E+02
  5.500000E+00  5.377276E+02
  6.000000E+00  4.289518E+02
  6.480740E+00  3.505847E+02
  7.000000E+00  2.861523E+02
  8.000000E+00  2.004840E+02
  8.485280E+00  1.710487E+02
  9.000000E+00  1.457841E+02
  1.000000E+01  1.092425E+02
  1.100000E+01  8.391793E+01
  1.250000E+01  5.868845E+01
  1.400000E+01  4.259470E+01
  1.500000E+01  3.499181E+01
  1.750000E+01  2.246342E+01
  2.000000E+01  1.523924E+01
  2.200000E+01  1.152694E+01
  2.500000E+01  7.904727E+00
  2.738610E+01  6.021147E+00
  3.000000E+01  4.591706E+00
  3.500000E+01  2.888125E+00
  4.000000E+01  1.926922E+00
  4.500000E+01  1.345586E+00
  5.000000E+01  9.743743E-01
  5.500000E+01  7.267874E-01
  6.000000E+01  5.556356E-01
  6.480740E+01  4.373335E-01
  7.000000E+01  3.446581E-01
  8.000000E+01  2.275408E-01
  9.000000E+01  1.576171E-01
  1.000000E+02  1.134382E-01
  1.100000E+02  8.422885E-02
  1.250000E+02  5.650386E-02
  1.400000E+02  3.968047E-02
  1.500000E+02  3.201143E-02
  1.620190E+02  2.517061E-02
  1.750000E+02  1.984640E-02
  2.000000E+02  1.315475E-02
  2.200000E+02  9.830679E-03
  2.345210E+02  8.094610E-03
  2.500000E+02  6.676766E-03
  2.738610E+02  5.075565E-03
  2.866330E+02  4.435342E-03
  3.000000E+02  3.882759E-03
  3.240370E+02  3.100698E-03
  3.500000E+02  2.483328E-03
  3.741660E+02  2.053439E-03
  4.000000E+02  1.703745E-03
  4.242640E+02  1.447854E-03
  4.500000E+02  1.233466E-03
  4.743420E+02  1.070768E-03
  5.000000E+02  9.316332E-04
  5.244040E+02  8.227857E-04
  5.500000E+02  7.280514E-04
  5.744560E+02  6.521458E-04
  6.000000E+02  5.850469E-04
  6.235740E+02  5.319281E-04
  6.480740E+02  4.842805E-04
  6.735370E+02  4.416727E-04
  7.000000E+02  4.034545E-04
  7.483310E+02  3.456857E-04
  7.737350E+02  3.204463E-04
  8.000000E+02  2.973640E-04
  8.485280E+02  2.611896E-04
  9.000000E+02  2.301771E-04
  9.486830E+02  2.060571E-04
  1.000000E+03  1.849167E-04
  1.048810E+03  1.679923E-04
  1.100000E+03  1.529068E-04
  1.172600E+03  1.351372E-04
  1.250000E+03  1.198497E-04
  1.322880E+03  1.080028E-04
  1.400000E+03  9.756006E-05
  1.500000E+03  8.644967E-05
  1.620190E+03  7.578137E-05
  1.750000E+03  6.670968E-05
  1.870830E+03  5.987930E-05
  2.000000E+03  5.388445E-05
  2.097620E+03  5.005370E-05
  2.200000E+03  4.655185E-05
  2.345210E+03  4.230139E-05
  2.500000E+03  3.850900E-05
  2.738610E+03  3.376499E-05
  3.000000E+03  2.971665E-05
  3.240370E+03  2.672646E-05
  3.500000E+03  2.408303E-05
  3.741660E+03  2.203515E-05
  4.000000E+03  2.018876E-05
  4.500000E+03  1.734686E-05
  5.000000E+03  1.518716E-05
  5.500000E+03  1.349372E-05
  6.000000E+03  1.213192E-05
  6.480740E+03  1.105250E-05
  7.000000E+03  1.008143E-05
  8.000000E+03  8.614164E-06
  9.000000E+03  7.514268E-06
  1.000000E+04  6.660176E-06
  1.100000E+04  5.978346E-06
  1.250000E+04  5.180274E-06
  1.400000E+04  4.568576E-06
  1.500000E+04  4.234579E-06
  1.750000E+04  3.579099E-06
  2.000000E+04  3.098447E-06
  2.200000E+04  2.797478E-06
  2.500000E+04  2.441357E-06
  3.000000E+04  2.013581E-06
  3.500000E+04  1.713090E-06
  4.000000E+04  1.490505E-06
  4.500000E+04  1.319035E-06
  5.000000E+04  1.182903E-06
  5.500000E+04  1.072215E-06
  6.000000E+04  9.804518E-07
  7.000000E+04  8.371329E-07
  8.000000E+04  7.303493E-07
  9.000000E+04  6.477160E-07
  1.000000E+05  5.818749E-07
  1.100000E+05  5.281800E-07
  1.250000E+05  4.639564E-07
  1.400000E+05  4.136549E-07
  1.500000E+05  3.857704E-07
  1.750000E+05  3.301323E-07
  2.000000E+05  2.885194E-07
  2.200000E+05  2.620902E-07
  2.500000E+05  2.304261E-07
  3.000000E+05  1.918054E-07
  3.500000E+05  1.642719E-07
  4.000000E+05  1.436509E-07
  4.500000E+05  1.276296E-07
  5.000000E+05  1.148234E-07
  5.500000E+05  1.043526E-07
  6.000000E+05  9.563192E-08
  7.000000E+05  8.193696E-08
  8.000000E+05  7.167303E-08
  9.000000E+05  6.369420E-08
  1.000000E+06  5.731385E-08
EndElement
Element    V    23    50.941500
Range      1.000000E+00 1.000000E+06
Npoints    167
Data
  1.000000E+00  6.069286E+03
  1.100000E+00  4.806423E+03
  1.172600E+00  4.103151E+03
  1.250000E+00  3.497278E+03
  1.400000E+00  2.626801E+03
  1.500000E+00  2.202639E+03
  1.620190E+00  1.806814E+03
  1.750000E+00  1.479873E+03
  2.000000E+00  1.044027E+03
  2.200000E+00  8.119543E+02
  2.500000E+00  5.778957E+02
  2.738610E+00  4.525717E+02
  3.000000E+00  3.539387E+02
  3.500000E+00  2.328398E+02
  4.000000E+00  1.615267E+02
  4.500000E+00  1.167646E+02
  5.000000E+00  8.721385E+01
  5.470000E+00  6.792761E+01
  5.470000E+00  6.294016E+02
  5.473740E+00  6.001335E+02
  5.477480E+00  5.831753E+02
  5.481230E+00  5.737475E+02
  5.484980E+00  5.691938E+02
  5.488730E+00  5.677693E+02
  5.492480E+00  5.682374E+02
  5.500000E+00  5.715144E+02
  5.507480E+00  5.745762E+02
  5.514980E+00  5.757229E+02
  5.522480E+00  5.748634E+02
  5.529990E+00  5.726445E+02
  5.560150E+00  5.641341E+02
  5.620950E+00  5.493002E+02
  5.682420E+00  5.342832E+02
  5.744560E+00  5.205216E+02
  5.870890E+00  4.937620E+02
  6.000000E+00  4.671940E+02
  6.480740E+00  3.826110E+02
  7.000000E+00  3.127189E+02
  8.000000E+00  2.197757E+02
  8.485280E+00  1.878193E+02
  9.000000E+00  1.603268E+02
  1.000000E+01  1.204617E+02
  1.100000E+01  9.274817E+01
  1.250000E+01  6.505494E+01
  1.400000E+01  4.733282E+01
  1.500000E+01  3.893990E+01
  1.750000E+01  2.507319E+01
  2.000000E+01  1.705195E+01
  2.200000E+01  1.292015E+01
  2.500000E+01  8.879783E+00
  2.738610E+01  6.774319E+00
  3.000000E+01  5.173592E+00
  3.500000E+01  3.261932E+00
  4.000000E+01  2.180710E+00
  4.500000E+01  1.525375E+00
  5.000000E+01  1.106173E+00
  5.500000E+01  8.261403E-01
  6.000000E+01  6.323050E-01
  6.480740E+01  4.981715E-01
  7.000000E+01  3.929680E-01
  8.000000E+01  2.598417E-01
  9.000000E+01  1.802310E-01
  1.000000E+02  1.298635E-01
  1.100000E+02  9.652141E-02
  1.250000E+02  6.483328E-02
  1.400000E+02  4.557967E-02
  1.500000E+02  3.679438E-02
  1.620190E+02  2.895200E-02
  1.750000E+02  2.284303E-02
  2.000000E+02  1.515799E-02
  2.200000E+02  1.133630E-02
  2.345210E+02  9.338961E-03
  2.500000E+02  7.706813E-03
  2.738610E+02  5.862442E-03
  2.866330E+02  5.124544E-03
  3.000000E+02  4.487403E-03
  3.240370E+02  3.585302E-03
  3.500000E+02  2.872774E-03
  3.741660E+02  2.376382E-03
  4.000000E+02  1.972388E-03
  4.242640E+02  1.676645E-03
  4.500000E+02  1.428768E-03
  4.743420E+02  1.240591E-03
  5.000000E+02  1.079617E-03
  5.244040E+02  9.536501E-04
  5.500000E+02  8.439875E-04
  5.744560E+02  7.561004E-04
  6.000000E+02  6.783954E-04
  6.235740E+02  6.168671E-04
  6.480740E+02  5.616657E-04
  6.735370E+02  5.122936E-04
  7.000000E+02  4.679990E-04
  7.483310E+02  4.010304E-04
  7.737350E+02  3.717646E-04
  8.000000E+02  3.449956E-04
  8.485280E+02  3.030417E-04
  9.000000E+02  2.670647E-04
  9.486830E+02  2.390816E-04
  1.000000E+03  2.145517E-04
  1.048810E+03  1.949123E-04
  1.100000E+03  1.774044E-04
  1.172600E+03  1.567803E-04
  1.250000E+03  1.390324E-04
  1.322880E+03  1.252791E-04
  1.400000E+03  1.131537E-04
  1.500000E+03  1.002534E-04
  1.620190E+03  8.786652E-05
  1.750000E+03  7.733400E-05
  1.870830E+03  6.940437E-05
  2.000000E+03  6.244589E-05
  2.097620E+03  5.800012E-05
  2.200000E+03  5.393677E-05
  2.345210E+03  4.900476E-05
  2.500000E+03  4.460473E-05
  2.738610E+03  3.910115E-05
  3.000000E+03  3.440534E-05
  3.240370E+03  3.093757E-05
  3.500000E+03  2.787245E-05
  3.741660E+03  2.549818E-05
  4.000000E+03  2.335786E-05
  4.500000E+03  2.006423E-05
  5.000000E+03  1.756205E-05
  5.500000E+03  1.560048E-05
  6.000000E+03  1.402347E-05
  6.480740E+03  1.277368E-05
  7.000000E+03  1.164961E-05
  8.000000E+03  9.951584E-06
  9.000000E+03  8.679099E-06
  1.000000E+04  7.691244E-06
  1.100000E+04  6.902832E-06
  1.250000E+04  5.980209E-06
  1.400000E+04  5.273237E-06
  1.500000E+04  4.887295E-06
  1.750000E+04  4.130034E-06
  2.000000E+04  3.574876E-06
  2.200000E+04  3.227330E-06
  2.500000E+04  2.816160E-06
  3.000000E+04  2.322381E-06
  3.500000E+04  1.975604E-06
  4.000000E+04  1.718766E-06
  4.500000E+04  1.520942E-06
  5.000000E+04  1.363903E-06
  5.500000E+04  1.236217E-06
  6.000000E+04  1.130382E-06
  7.000000E+04  9.650900E-07
  8.000000E+04  8.419482E-07
  9.000000E+04  7.466632E-07
  1.000000E+05  6.707443E-07
  1.100000E+05  6.088354E-07
  1.250000E+05  5.347891E-07
  1.400000E+05  4.767979E-07
  1.500000E+05  4.446512E-07
  1.750000E+05  3.805127E-07
  2.000000E+05  3.325427E-07
  2.200000E+05  3.020770E-07
  2.500000E+05  2.655787E-07
  3.000000E+05  2.210630E-07
  3.500000E+05  1.893277E-07
  4.000000E+05  1.655591E-07
  4.500000E+05  1.470936E-07
  5.000000E+05  1.323331E-07
  5.500000E+05  1.202655E-07
  6.000000E+05  1.102141E-07
  7.000000E+05  9.443039E-08
  8.000000E+05  8.260103E-08
  9.000000E+05  7.340542E-08
  1.000000E+06  6.605210E-08
EndElement
Element    Cr   24    51.996000
Range      1.000000E+00 1.000000E+06
Npoints    166
Data
  1.000000E+00  7.024383E+03
  1.100000E+00  5.576827E+03
  1.172600E+00  4.763915E+03
  1.250000E+00  4.064540E+03
  1.400000E+00  3.055846E+03
  1.500000E+00  2.564101E+03
  1.620190E+00  2.104136E+03
  1.750000E+00  1.724225E+03
  2.000000E+00  1.217052E+03
  2.200000E+00  9.469375E+02
  2.500000E+00  6.743544E+02
  2.738610E+00  5.283237E+02
  3.000000E+00  4.133058E+02
  3.500000E+00  2.720237E+02
  4.000000E+00  1.887820E+02
  4.500000E+00  1.364954E+02
  5.000000E+00  1.019724E+02
  5.500000E+00  7.823780E+01
  5.995000E+00  6.151314E+01
  5.995000E+00  5.013123E+02
  6.000000E+00  5.188462E+02
  6.003610E+00  5.212865E+02
  6.007230E+00  5.202534E+02
  6.014470E+00  5.152488E+02
  6.021720E+00  5.110191E+02
  6.028970E+00  5.086912E+02
  6.036240E+00  5.079905E+02
  6.043510E+00  5.081526E+02
  6.058090E+00  5.087826E+02
  6.065390E+00  5.085452E+02
  6.072690E+00  5.077854E+02
  6.087340E+00  5.049536E+02
  6.116730E+00  4.981921E+02
  6.235740E+00  4.752460E+02
  6.480740E+00  4.319725E+02
  6.735370E+00  3.915920E+02
  7.000000E+00  3.541789E+02
  8.000000E+00  2.493868E+02
  8.485280E+00  2.134006E+02
  9.000000E+00  1.824131E+02
  1.000000E+01  1.374034E+02
  1.100000E+01  1.060200E+02
  1.250000E+01  7.456656E+01
  1.400000E+01  5.437937E+01
  1.500000E+01  4.479833E+01
  1.750000E+01  2.892784E+01
  2.000000E+01  1.971905E+01
  2.200000E+01  1.496501E+01
  2.500000E+01  1.030655E+01
  3.000000E+01  6.021886E+00
  3.240370E+01  4.789453E+00
  3.500000E+01  3.805417E+00
  4.000000E+01  2.548859E+00
  4.500000E+01  1.785783E+00
  5.000000E+01  1.296817E+00
  5.500000E+01  9.696994E-01
  6.000000E+01  7.429773E-01
  6.480740E+01  5.859172E-01
  7.000000E+01  4.625997E-01
  8.000000E+01  3.063502E-01
  9.000000E+01  2.127624E-01
  1.000000E+02  1.534722E-01
  1.100000E+02  1.141791E-01
  1.250000E+02  7.679005E-02
  1.400000E+02  5.404256E-02
  1.500000E+02  4.365322E-02
  1.620190E+02  3.437251E-02
  1.750000E+02  2.713751E-02
  2.000000E+02  1.802739E-02
  2.200000E+02  1.349225E-02
  2.345210E+02  1.112032E-02
  2.500000E+02  9.181066E-03
  2.738610E+02  6.988398E-03
  2.866330E+02  6.110627E-03
  3.000000E+02  5.352427E-03
  3.240370E+02  4.278481E-03
  3.500000E+02  3.429745E-03
  3.741660E+02  2.838175E-03
  4.000000E+02  2.356483E-03
  4.242640E+02  2.003732E-03
  4.500000E+02  1.707964E-03
  4.743420E+02  1.483356E-03
  5.000000E+02  1.291165E-03
  5.244040E+02  1.140715E-03
  5.500000E+02  1.009707E-03
  5.744560E+02  9.046854E-04
  6.000000E+02  8.118099E-04
  6.235740E+02  7.382566E-04
  6.480740E+02  6.722535E-04
  6.735370E+02  6.132100E-04
  7.000000E+02  5.602296E-04
  7.483310E+02  4.801162E-04
  7.737350E+02  4.451006E-04
  8.000000E+02  4.130684E-04
  8.485280E+02  3.628550E-04
  9.000000E+02  3.197864E-04
  9.486830E+02  2.862810E-04
  1.000000E+03  2.569046E-04
  1.048810E+03  2.333817E-04
  1.100000E+03  2.124115E-04
  1.172600E+03  1.877037E-04
  1.250000E+03  1.664428E-04
  1.322880E+03  1.499652E-04
  1.400000E+03  1.354391E-04
  1.500000E+03  1.199830E-04
  1.620190E+03  1.051423E-04
  1.750000E+03  9.252295E-05
  1.870830E+03  8.302183E-05
  2.000000E+03  7.468516E-05
  2.097620E+03  6.936048E-05
  2.200000E+03  6.449468E-05
  2.345210E+03  5.858882E-05
  2.500000E+03  5.332008E-05
  2.738610E+03  4.673077E-05
  3.000000E+03  4.110972E-05
  3.240370E+03  3.695933E-05
  3.500000E+03  3.329122E-05
  3.741660E+03  3.045052E-05
  4.000000E+03  2.788998E-05
  4.500000E+03  2.395074E-05
  5.000000E+03  2.095878E-05
  5.500000E+03  1.861378E-05
  6.000000E+03  1.672906E-05
  6.480740E+03  1.523580E-05
  7.000000E+03  1.389287E-05
  8.000000E+03  1.186488E-05
  9.000000E+03  1.034551E-05
  1.000000E+04  9.166357E-06
  1.100000E+04  8.225487E-06
  1.250000E+04  7.124729E-06
  1.400000E+04  6.281483E-06
  1.500000E+04  5.821229E-06
  1.750000E+04  4.918348E-06
  2.000000E+04  4.256626E-06
  2.200000E+04  3.842433E-06
  2.500000E+04  3.352517E-06
  3.000000E+04  2.764283E-06
  3.500000E+04  2.351271E-06
  4.000000E+04  2.045427E-06
  4.500000E+04  1.809885E-06
  5.000000E+04  1.622930E-06
  5.500000E+04  1.470940E-06
  6.000000E+04  1.344952E-06
  7.000000E+04  1.148218E-06
  8.000000E+04  1.001666E-06
  9.000000E+04  8.882727E-07
  1.000000E+05  7.979336E-07
  1.100000E+05  7.242691E-07
  1.250000E+05  6.361654E-07
  1.400000E+05  5.671683E-07
  1.500000E+05  5.289225E-07
  1.750000E+05  4.526172E-07
  2.000000E+05  3.955496E-07
  2.200000E+05  3.593074E-07
  2.500000E+05  3.158902E-07
  3.000000E+05  2.629365E-07
  3.500000E+05  2.251863E-07
  4.000000E+05  1.969148E-07
  4.500000E+05  1.749509E-07
  5.000000E+05  1.573938E-07
  5.500000E+05  1.430403E-07
  6.000000E+05  1.310855E-07
  7.000000E+05  1.123116E-07
  8.000000E+05  9.824175E-08
  9.000000E+05  8.730459E-08
  1.000000E+06  7.855873E-08
EndElement
Element    Mn   25    54.938000
Range      1.000000E+00 1.000000E+06
Npoints    168
Data
  1.000000E+00  7.549424E+03
  1.048810E+00  6.747488E+03
  1.100000E+00  6.020738E+03
  1.172600E+00  5.157558E+03
  1.250000E+00  4.411395E+03
  1.322880E+00  3.834371E+03
  1.400000E+00  3.329124E+03
  1.500000E+00  2.798633E+03
  1.620190E+00  2.301629E+03
  1.750000E+00  1.889513E+03
  2.000000E+00  1.337832E+03
  2.200000E+00  1.042925E+03
  2.500000E+00  7.445792E+02
  2.738610E+00  5.843334E+02
  3.000000E+00  4.578649E+02
  3.500000E+00  3.020980E+02
  4.000000E+00  2.100690E+02
  4.500000E+00  1.521309E+02
  5.000000E+00  1.137989E+02
  5.500000E+00  8.740906E+01
  6.000000E+00  6.863145E+01
  6.544000E+00  5.383556E+01
  6.544000E+00  4.923899E+02
  6.547440E+00  4.696882E+02
  6.550890E+00  4.553799E+02
  6.554340E+00  4.463375E+02
  6.557790E+00  4.408611E+02
  6.561240E+00  4.378543E+02
  6.564700E+00  4.365564E+02
  6.568150E+00  4.363986E+02
  6.571610E+00  4.369631E+02
  6.585460E+00  4.410080E+02
  6.592390E+00  4.422346E+02
  6.599330E+00  4.423749E+02
  6.655140E+00  4.323647E+02
  6.711410E+00  4.244076E+02
  6.768160E+00  4.154902E+02
  7.000000E+00  3.820329E+02
  7.237620E+00  3.509565E+02
  7.483310E+00  3.219946E+02
  8.000000E+00  2.704910E+02
  9.000000E+00  1.983049E+02
  1.000000E+01  1.497752E+02
  1.100000E+01  1.158499E+02
  1.250000E+01  8.173222E+01
  1.400000E+01  5.975817E+01
  1.500000E+01  4.930322E+01
  1.750000E+01  3.193923E+01
  2.000000E+01  2.182727E+01
  2.200000E+01  1.659361E+01
  2.500000E+01  1.145377E+01
  3.000000E+01  6.712531E+00
  3.240370E+01  5.345256E+00
  3.500000E+01  4.252122E+00
  4.000000E+01  2.853715E+00
  4.500000E+01  2.002758E+00
  5.000000E+01  1.456503E+00
  5.500000E+01  1.090495E+00
  6.000000E+01  8.364668E-01
  6.480740E+01  6.602848E-01
  7.000000E+01  5.217990E-01
  8.000000E+01  3.460972E-01
  9.000000E+01  2.406850E-01
  1.000000E+02  1.738099E-01
  1.100000E+02  1.294380E-01
  1.250000E+02  8.716374E-02
  1.400000E+02  6.140988E-02
  1.500000E+02  4.963569E-02
  1.620190E+02  3.911037E-02
  1.750000E+02  3.089841E-02
  2.000000E+02  2.054848E-02
  2.200000E+02  1.539067E-02
  2.345210E+02  1.269124E-02
  2.500000E+02  1.048296E-02
  2.738610E+02  7.984571E-03
  2.866330E+02  6.983822E-03
  3.000000E+02  6.119053E-03
  3.240370E+02  4.893666E-03
  3.500000E+02  3.924728E-03
  3.741660E+02  3.249016E-03
  4.000000E+02  2.698552E-03
  4.242640E+02  2.295282E-03
  4.500000E+02  1.957015E-03
  4.743420E+02  1.700051E-03
  5.000000E+02  1.480082E-03
  5.244040E+02  1.307863E-03
  5.500000E+02  1.157852E-03
  5.744560E+02  1.037577E-03
  6.000000E+02  9.311836E-04
  6.235740E+02  8.469067E-04
  6.480740E+02  7.712676E-04
  6.735370E+02  7.035890E-04
  7.000000E+02  6.428480E-04
  7.483310E+02  5.509780E-04
  7.737350E+02  5.108154E-04
  8.000000E+02  4.740707E-04
  8.485280E+02  4.164603E-04
  9.000000E+02  3.670406E-04
  9.486830E+02  3.285880E-04
  1.000000E+03  2.948698E-04
  1.048810E+03  2.678679E-04
  1.100000E+03  2.437927E-04
  1.172600E+03  2.154238E-04
  1.250000E+03  1.910088E-04
  1.322880E+03  1.720845E-04
  1.400000E+03  1.554008E-04
  1.500000E+03  1.376472E-04
  1.620190E+03  1.206018E-04
  1.750000E+03  1.061074E-04
  1.870830E+03  9.519527E-05
  2.000000E+03  8.562209E-05
  2.097620E+03  7.950908E-05
  2.200000E+03  7.392398E-05
  2.345210E+03  6.714515E-05
  2.500000E+03  6.109769E-05
  2.738610E+03  5.353554E-05
  3.000000E+03  4.708567E-05
  3.240370E+03  4.232412E-05
  3.500000E+03  3.811658E-05
  3.741660E+03  3.485844E-05
  4.000000E+03  3.192213E-05
  4.500000E+03  2.740579E-05
  5.000000E+03  2.397653E-05
  5.500000E+03  2.128938E-05
  6.000000E+03  1.913015E-05
  6.480740E+03  1.741968E-05
  7.000000E+03  1.588186E-05
  8.000000E+03  1.356007E-05
  9.000000E+03  1.182110E-05
  1.000000E+04  1.047191E-05
  1.100000E+04  9.395594E-06
  1.250000E+04  8.136708E-06
  1.400000E+04  7.172561E-06
  1.500000E+04  6.646431E-06
  1.750000E+04  5.614519E-06
  2.000000E+04  4.858425E-06
  2.200000E+04  4.385262E-06
  2.500000E+04  3.825689E-06
  3.000000E+04  3.153978E-06
  3.500000E+04  2.682449E-06
  4.000000E+04  2.333330E-06
  4.500000E+04  2.064505E-06
  5.000000E+04  1.851147E-06
  5.500000E+04  1.677711E-06
  6.000000E+04  1.533959E-06
  7.000000E+04  1.309496E-06
  8.000000E+04  1.142308E-06
  9.000000E+04  1.012960E-06
  1.000000E+05  9.099145E-07
  1.100000E+05  8.258920E-07
  1.250000E+05  7.254061E-07
  1.400000E+05  6.467164E-07
  1.500000E+05  6.030987E-07
  1.750000E+05  5.160792E-07
  2.000000E+05  4.510018E-07
  2.200000E+05  4.096739E-07
  2.500000E+05  3.601654E-07
  3.000000E+05  2.997840E-07
  3.500000E+05  2.567406E-07
  4.000000E+05  2.245056E-07
  4.500000E+05  1.994625E-07
  5.000000E+05  1.794453E-07
  5.500000E+05  1.630784E-07
  6.000000E+05  1.494486E-07
  7.000000E+05  1.280448E-07
  8.000000E+05  1.120034E-07
  9.000000E+05  9.953348E-08
  1.000000E+06  8.956238E-08
EndElement
Element    Fe   26    55.847000
Range      1.000000E+00 1.000000E+06
Npoints    169
Data
  1.000000E+00  8.541515E+03
  1.048810E+00  7.642211E+03
  1.100000E+00  6.829981E+03
  1.172600E+00  5.868166E+03
  1.250000E+00  5.026682E+03
  1.400000E+00  3.806445E+03
  1.500000E+00  3.205116E+03
  1.620190E+00  2.639888E+03
  1.750000E+00  2.170341E+03
  2.000000E+00  1.539745E+03
  2.200000E+00  1.201732E+03
  2.500000E+00  8.591733E+02
  2.738610E+00  6.749063E+02
  3.000000E+00  5.293104E+02
  3.500000E+00  3.497052E+02
  4.000000E+00  2.434014E+02
  4.500000E+00  1.764081E+02
  5.000000E+00  1.320381E+02
  5.500000E+00  1.014633E+02
  6.000000E+00  7.969688E+01
  7.000000E+00  5.184150E+01
  7.117000E+00  4.949452E+01
  7.117000E+00  4.465865E+02
  7.123510E+00  4.139368E+02
  7.130020E+00  3.996867E+02
  7.136540E+00  3.942897E+02
  7.143060E+00  3.934055E+02
  7.149590E+00  3.945819E+02
  7.156120E+00  3.963439E+02
  7.162670E+00  3.978320E+02
  7.169210E+00  3.987141E+02
  7.175770E+00  3.988683E+02
  7.182330E+00  3.983884E+02
  7.195460E+00  3.962900E+02
  7.221810E+00  3.918063E+02
  7.248250E+00  3.885853E+02
  7.274790E+00  3.858464E+02
  7.301430E+00  3.824572E+02
  7.328160E+00  3.785483E+02
  7.545590E+00  3.521842E+02
  8.000000E+00  3.033101E+02
  8.485280E+00  2.601672E+02
  9.000000E+00  2.229250E+02
  1.000000E+01  1.687056E+02
  1.100000E+01  1.307743E+02
  1.250000E+01  9.252964E+01
  1.400000E+01  6.781575E+01
  1.500000E+01  5.602919E+01
  1.750000E+01  3.640545E+01
  2.000000E+01  2.493980E+01
  2.200000E+01  1.899066E+01
  2.500000E+01  1.313577E+01
  3.000000E+01  7.720131E+00
  3.240370E+01  6.154700E+00
  3.500000E+01  4.901563E+00
  4.000000E+01  3.295760E+00
  4.500000E+01  2.316670E+00
  5.000000E+01  1.687131E+00
  5.500000E+01  1.264696E+00
  6.000000E+01  9.711339E-01
  6.480740E+01  7.673040E-01
  7.000000E+01  6.069080E-01
  8.000000E+01  4.031514E-01
  9.000000E+01  2.807202E-01
  1.000000E+02  2.029436E-01
  1.100000E+02  1.512776E-01
  1.250000E+02  1.019954E-01
  1.400000E+02  7.193453E-02
  1.500000E+02  5.817830E-02
  1.620190E+02  4.587274E-02
  1.750000E+02  3.626397E-02
  2.000000E+02  2.414269E-02
  2.200000E+02  1.809597E-02
  2.345210E+02  1.492913E-02
  2.500000E+02  1.233705E-02
  2.738610E+02  9.402776E-03
  2.866330E+02  8.226740E-03
  3.000000E+02  7.210124E-03
  3.240370E+02  5.768971E-03
  3.500000E+02  4.628811E-03
  3.741660E+02  3.833307E-03
  4.000000E+02  3.184962E-03
  4.242640E+02  2.709796E-03
  4.500000E+02  2.311074E-03
  4.743420E+02  2.008074E-03
  5.000000E+02  1.748628E-03
  5.244040E+02  1.545439E-03
  5.500000E+02  1.368410E-03
  5.744560E+02  1.226426E-03
  6.000000E+02  1.100801E-03
  6.235740E+02  1.001278E-03
  6.480740E+02  9.119381E-04
  6.735370E+02  8.319875E-04
  7.000000E+02  7.602204E-04
  7.483310E+02  6.516544E-04
  7.737350E+02  6.041820E-04
  8.000000E+02  5.607437E-04
  8.485280E+02  4.926279E-04
  9.000000E+02  4.341814E-04
  9.486830E+02  3.886964E-04
  1.000000E+03  3.488069E-04
  1.048810E+03  3.168593E-04
  1.100000E+03  2.883709E-04
  1.172600E+03  2.547993E-04
  1.250000E+03  2.259044E-04
  1.322880E+03  2.035075E-04
  1.400000E+03  1.837601E-04
  1.500000E+03  1.627489E-04
  1.620190E+03  1.425723E-04
  1.750000E+03  1.254161E-04
  1.870830E+03  1.124988E-04
  2.000000E+03  1.011688E-04
  2.097620E+03  9.393578E-05
  2.200000E+03  8.732854E-05
  2.345210E+03  7.930933E-05
  2.500000E+03  7.215538E-05
  2.738610E+03  6.321086E-05
  3.000000E+03  5.558341E-05
  3.240370E+03  4.995324E-05
  3.500000E+03  4.497869E-05
  3.741660E+03  4.112745E-05
  4.000000E+03  3.765717E-05
  4.500000E+03  3.232042E-05
  5.000000E+03  2.826935E-05
  5.500000E+03  2.509572E-05
  6.000000E+03  2.254634E-05
  6.480740E+03  2.052706E-05
  7.000000E+03  1.871202E-05
  8.000000E+03  1.597231E-05
  9.000000E+03  1.392111E-05
  1.000000E+04  1.232993E-05
  1.100000E+04  1.106095E-05
  1.250000E+04  9.577120E-06
  1.400000E+04  8.440972E-06
  1.500000E+04  7.821084E-06
  1.750000E+04  6.605559E-06
  2.000000E+04  5.715184E-06
  2.200000E+04  5.158087E-06
  2.500000E+04  4.499368E-06
  3.000000E+04  3.708824E-06
  3.500000E+04  3.154003E-06
  4.000000E+04  2.743289E-06
  4.500000E+04  2.427058E-06
  5.000000E+04  2.176110E-06
  5.500000E+04  1.972144E-06
  6.000000E+04  1.803095E-06
  7.000000E+04  1.539163E-06
  8.000000E+04  1.342594E-06
  9.000000E+04  1.190529E-06
  1.000000E+05  1.069385E-06
  1.100000E+05  9.706131E-07
  1.250000E+05  8.524952E-07
  1.400000E+05  7.600015E-07
  1.500000E+05  7.087346E-07
  1.750000E+05  6.064584E-07
  2.000000E+05  5.299747E-07
  2.200000E+05  4.814036E-07
  2.500000E+05  4.232202E-07
  3.000000E+05  3.522619E-07
  3.500000E+05  3.016796E-07
  4.000000E+05  2.638001E-07
  4.500000E+05  2.343715E-07
  5.000000E+05  2.108488E-07
  5.500000E+05  1.916179E-07
  6.000000E+05  1.756015E-07
  7.000000E+05  1.504505E-07
  8.000000E+05  1.316014E-07
  9.000000E+05  1.169501E-07
  1.000000E+06  1.052336E-07
EndElement
Element    Co   27    58.933200
Range      1.000000E+00 1.000000E+06
Npoints    175
Data
  1.000000E+00  9.209696E+03
  1.100000E+00  7.383706E+03
  1.172600E+00  6.349994E+03
  1.250000E+00  5.455387E+03
  1.322880E+00  4.756926E+03
  1.400000E+00  4.142707E+03
  1.500000E+00  3.494512E+03
  1.620190E+00  2.882664E+03
  1.750000E+00  2.373287E+03
  2.000000E+00  1.687252E+03
  2.200000E+00  1.318617E+03
  2.500000E+00  9.441086E+02
  2.738610E+00  7.422895E+02
  3.000000E+00  5.826884E+02
  3.500000E+00  3.855371E+02
  4.000000E+00  2.686436E+02
  4.500000E+00  1.948715E+02
  5.000000E+00  1.459705E+02
  5.500000E+00  1.122400E+02
  6.000000E+00  8.820644E+01
  7.000000E+00  5.742662E+01
  7.715000E+00  4.373678E+01
  7.715000E+00  3.907608E+02
  7.719370E+00  3.692527E+02
  7.723750E+00  3.565715E+02
  7.728130E+00  3.491109E+02
  7.732510E+00  3.449918E+02
  7.736900E+00  3.430595E+02
  7.741280E+00  3.425404E+02
  7.745670E+00  3.428765E+02
  7.750060E+00  3.436736E+02
  7.758850E+00  3.456192E+02
  7.767650E+00  3.470192E+02
  7.776460E+00  3.474514E+02
  7.785280E+00  3.469895E+02
  7.820670E+00  3.423656E+02
  7.838420E+00  3.403127E+02
  7.856210E+00  3.387871E+02
  7.891910E+00  3.359769E+02
  7.927780E+00  3.325762E+02
  8.000000E+00  3.246680E+02
  8.059110E+00  3.181486E+02
  8.118650E+00  3.120951E+02
  8.239070E+00  3.009221E+02
  8.361270E+00  2.900730E+02
  8.485280E+00  2.792934E+02
  9.000000E+00  2.397689E+02
  9.486830E+00  2.089170E+02
  1.000000E+01  1.818214E+02
  1.100000E+01  1.412035E+02
  1.250000E+01  1.001903E+02
  1.400000E+01  7.360704E+01
  1.500000E+01  6.090013E+01
  1.750000E+01  3.968828E+01
  1.870830E+01  3.290610E+01
  2.000000E+01  2.725522E+01
  2.200000E+01  2.078778E+01
  2.500000E+01  1.440882E+01
  3.000000E+01  8.492157E+00
  3.240370E+01  6.777897E+00
  3.500000E+01  5.403875E+00
  4.000000E+01  3.640321E+00
  4.500000E+01  2.562893E+00
  5.000000E+01  1.868990E+00
  5.500000E+01  1.402695E+00
  6.000000E+01  1.078245E+00
  6.480740E+01  8.527279E-01
  7.000000E+01  6.750695E-01
  8.000000E+01  4.490947E-01
  9.000000E+01  3.131037E-01
  1.000000E+02  2.266003E-01
  1.100000E+02  1.690727E-01
  1.250000E+02  1.141314E-01
  1.400000E+02  8.057704E-02
  1.500000E+02  6.520767E-02
  1.620190E+02  5.144988E-02
  1.750000E+02  4.069880E-02
  2.000000E+02  2.712402E-02
  2.200000E+02  2.034531E-02
  2.345210E+02  1.679272E-02
  2.500000E+02  1.388338E-02
  2.738610E+02  1.058809E-02
  2.866330E+02  9.266532E-03
  3.000000E+02  8.123726E-03
  3.240370E+02  6.503048E-03
  3.500000E+02  5.220166E-03
  3.741660E+02  4.324639E-03
  4.000000E+02  3.594429E-03
  4.242640E+02  3.059047E-03
  4.500000E+02  2.609643E-03
  4.743420E+02  2.268026E-03
  5.000000E+02  1.975416E-03
  5.244040E+02  1.746193E-03
  5.500000E+02  1.546420E-03
  5.744560E+02  1.386162E-03
  6.000000E+02  1.244338E-03
  6.235740E+02  1.131964E-03
  6.480740E+02  1.031056E-03
  6.735370E+02  9.407426E-04
  7.000000E+02  8.596571E-04
  7.483310E+02  7.369686E-04
  7.737350E+02  6.833129E-04
  8.000000E+02  6.342095E-04
  8.485280E+02  5.571992E-04
  9.000000E+02  4.911094E-04
  9.486830E+02  4.396680E-04
  1.000000E+03  3.945489E-04
  1.048810E+03  3.584057E-04
  1.100000E+03  3.261732E-04
  1.172600E+03  2.881856E-04
  1.250000E+03  2.554841E-04
  1.322880E+03  2.301349E-04
  1.400000E+03  2.077837E-04
  1.500000E+03  1.840000E-04
  1.620190E+03  1.611625E-04
  1.750000E+03  1.417441E-04
  1.870830E+03  1.271254E-04
  2.000000E+03  1.143031E-04
  2.097620E+03  1.061200E-04
  2.200000E+03  9.864605E-05
  2.345210E+03  8.957502E-05
  2.500000E+03  8.148292E-05
  2.738610E+03  7.136662E-05
  3.000000E+03  6.274152E-05
  3.240370E+03  5.637595E-05
  3.500000E+03  5.075236E-05
  3.741660E+03  4.639924E-05
  4.000000E+03  4.247734E-05
  4.500000E+03  3.644745E-05
  5.000000E+03  3.187137E-05
  5.500000E+03  2.828740E-05
  6.000000E+03  2.540893E-05
  6.480740E+03  2.312957E-05
  7.000000E+03  2.108115E-05
  8.000000E+03  1.798982E-05
  9.000000E+03  1.567623E-05
  1.000000E+04  1.388195E-05
  1.100000E+04  1.245135E-05
  1.250000E+04  1.077887E-05
  1.400000E+04  9.498658E-06
  1.500000E+04  8.800299E-06
  1.750000E+04  7.431202E-06
  2.000000E+04  6.428585E-06
  2.200000E+04  5.801399E-06
  2.500000E+04  5.059917E-06
  3.000000E+04  4.170267E-06
  3.500000E+04  3.546024E-06
  4.000000E+04  3.084000E-06
  4.500000E+04  2.728312E-06
  5.000000E+04  2.446085E-06
  5.500000E+04  2.216708E-06
  6.000000E+04  2.026622E-06
  7.000000E+04  1.729874E-06
  8.000000E+04  1.508877E-06
  9.000000E+04  1.337920E-06
  1.000000E+05  1.201747E-06
  1.100000E+05  1.090732E-06
  1.250000E+05  9.579650E-07
  1.400000E+05  8.540082E-07
  1.500000E+05  7.963908E-07
  1.750000E+05  6.814469E-07
  2.000000E+05  5.954943E-07
  2.200000E+05  5.409118E-07
  2.500000E+05  4.755301E-07
  3.000000E+05  3.957935E-07
  3.500000E+05  3.389557E-07
  4.000000E+05  2.963922E-07
  4.500000E+05  2.633258E-07
  5.000000E+05  2.368965E-07
  5.500000E+05  2.152883E-07
  6.000000E+05  1.972933E-07
  7.000000E+05  1.690338E-07
  8.000000E+05  1.478558E-07
  9.000000E+05  1.313947E-07
  1.000000E+06  1.182301E-07
EndElement
Element    Ni   28    58.690000
Range      1.000000E+00 1.000000E+06
Npoints    182
Data
  1.000000E+00  9.149478E+03
  1.015000E+00  8.817198E+03
  1.015000E+00  1.026555E+04
  1.015640E+00  1.023546E+04
  1.016280E+00  1.020607E+04
  1.017550E+00  1.015104E+04
  1.020110E+00  1.005211E+04
  1.025250E+00  9.884879E+03
  1.030420E+00  9.744171E+03
  1.035610E+00  9.620095E+03
  1.046080E+00  9.399608E+03
  1.056650E+00  9.195293E+03
  1.078100E+00  8.794121E+03
  1.100000E+00  8.393196E+03
  1.172600E+00  7.231340E+03
  1.250000E+00  6.220618E+03
  1.400000E+00  4.741412E+03
  1.500000E+00  4.005857E+03
  1.620190E+00  3.311223E+03
  1.750000E+00  2.730270E+03
  1.870830E+00  2.306011E+03
  2.000000E+00  1.945493E+03
  2.200000E+00  1.522538E+03
  2.500000E+00  1.091907E+03
  2.738610E+00  8.593962E+02
  3.000000E+00  6.752114E+02
  3.500000E+00  4.474084E+02
  4.000000E+00  3.121273E+02
  4.500000E+00  2.266198E+02
  5.000000E+00  1.698800E+02
  5.500000E+00  1.307140E+02
  6.000000E+00  1.027827E+02
  7.000000E+00  6.697474E+01
  8.000000E+00  4.610770E+01
  8.338000E+00  4.104732E+01
  8.338000E+00  3.630092E+02
  8.342980E+00  3.413145E+02
  8.347960E+00  3.290537E+02
  8.352940E+00  3.221830E+02
  8.357930E+00  3.186522E+02
  8.362920E+00  3.172331E+02
  8.367910E+00  3.171069E+02
  8.372910E+00  3.177000E+02
  8.377910E+00  3.186368E+02
  8.387920E+00  3.205094E+02
  8.397940E+00  3.215694E+02
  8.407970E+00  3.216012E+02
  8.418010E+00  3.208460E+02
  8.458300E+00  3.163199E+02
  8.498790E+00  3.133689E+02
  8.662680E+00  2.987091E+02
  8.745800E+00  2.918948E+02
  8.829730E+00  2.848106E+02
  9.000000E+00  2.712375E+02
  9.240210E+00  2.535856E+02
  9.486830E+00  2.368377E+02
  1.000000E+01  2.064058E+02
  1.100000E+01  1.605754E+02
  1.250000E+01  1.142216E+02
  1.400000E+01  8.411665E+01
  1.500000E+01  6.969245E+01
  1.750000E+01  4.555331E+01
  1.870830E+01  3.781523E+01
  2.000000E+01  3.135874E+01
  2.200000E+01  2.395681E+01
  2.500000E+01  1.663985E+01
  3.000000E+01  9.834344E+00
  3.240370E+01  7.857934E+00
  3.500000E+01  6.271830E+00
  4.000000E+01  4.232798E+00
  4.500000E+01  2.984659E+00
  5.000000E+01  2.179473E+00
  5.500000E+01  1.637645E+00
  6.000000E+01  1.260165E+00
  7.000000E+01  7.903739E-01
  8.000000E+01  5.265756E-01
  9.000000E+01  3.675763E-01
  1.000000E+02  2.663071E-01
  1.100000E+02  1.988846E-01
  1.250000E+02  1.344182E-01
  1.400000E+02  9.499633E-02
  1.500000E+02  7.692272E-02
  1.620190E+02  6.073343E-02
  1.750000E+02  4.807246E-02
  2.000000E+02  3.207229E-02
  2.200000E+02  2.407409E-02
  2.345210E+02  1.987973E-02
  2.500000E+02  1.644284E-02
  2.738610E+02  1.254789E-02
  2.866330E+02  1.098505E-02
  3.000000E+02  9.632962E-03
  3.240370E+02  7.714836E-03
  3.500000E+02  6.195694E-03
  3.741660E+02  5.134714E-03
  4.000000E+02  4.269194E-03
  4.242640E+02  3.634350E-03
  4.500000E+02  3.101264E-03
  4.743420E+02  2.695896E-03
  5.000000E+02  2.348584E-03
  5.244040E+02  2.076433E-03
  5.500000E+02  1.839180E-03
  5.744560E+02  1.648819E-03
  6.000000E+02  1.480324E-03
  6.235740E+02  1.346768E-03
  6.480740E+02  1.226848E-03
  6.735370E+02  1.119478E-03
  7.000000E+02  1.023067E-03
  7.483310E+02  8.771568E-04
  7.737350E+02  8.133307E-04
  8.000000E+02  7.549122E-04
  8.485280E+02  6.632789E-04
  9.000000E+02  5.846238E-04
  9.486830E+02  5.233916E-04
  1.000000E+03  4.696757E-04
  1.048810E+03  4.266454E-04
  1.100000E+03  3.882665E-04
  1.172600E+03  3.430301E-04
  1.250000E+03  3.040848E-04
  1.322880E+03  2.738930E-04
  1.400000E+03  2.472710E-04
  1.500000E+03  2.189406E-04
  1.620190E+03  1.917358E-04
  1.750000E+03  1.686035E-04
  1.870830E+03  1.511887E-04
  2.000000E+03  1.359163E-04
  2.097620E+03  1.261725E-04
  2.200000E+03  1.172753E-04
  2.345210E+03  1.064756E-04
  2.500000E+03  9.684277E-05
  2.738610E+03  8.480127E-05
  3.000000E+03  7.453664E-05
  3.240370E+03  6.696192E-05
  3.500000E+03  6.027127E-05
  3.741660E+03  5.509279E-05
  4.000000E+03  5.042807E-05
  4.500000E+03  4.325763E-05
  5.000000E+03  3.781738E-05
  5.500000E+03  3.355766E-05
  6.000000E+03  3.013718E-05
  6.480740E+03  2.742922E-05
  7.000000E+03  2.499604E-05
  8.000000E+03  2.132519E-05
  9.000000E+03  1.857854E-05
  1.000000E+04  1.644920E-05
  1.100000E+04  1.475173E-05
  1.250000E+04  1.276778E-05
  1.400000E+04  1.124947E-05
  1.500000E+04  1.042152E-05
  1.750000E+04  8.798492E-06
  2.000000E+04  7.610276E-06
  2.200000E+04  6.867139E-06
  2.500000E+04  5.988731E-06
  3.000000E+04  4.935026E-06
  3.500000E+04  4.195839E-06
  4.000000E+04  3.648839E-06
  4.500000E+04  3.227791E-06
  5.000000E+04  2.893737E-06
  5.500000E+04  2.622273E-06
  6.000000E+04  2.397313E-06
  7.000000E+04  2.046153E-06
  8.000000E+04  1.784674E-06
  9.000000E+04  1.582410E-06
  1.000000E+05  1.421313E-06
  1.100000E+05  1.289973E-06
  1.250000E+05  1.132930E-06
  1.400000E+05  1.009963E-06
  1.500000E+05  9.418109E-07
  1.750000E+05  8.058576E-07
  2.000000E+05  7.041995E-07
  2.200000E+05  6.396449E-07
  2.500000E+05  5.623206E-07
  3.000000E+05  4.680227E-07
  3.500000E+05  4.008074E-07
  4.000000E+05  3.504734E-07
  4.500000E+05  3.113710E-07
  5.000000E+05  2.801183E-07
  5.500000E+05  2.545665E-07
  6.000000E+05  2.332864E-07
  7.000000E+05  1.998706E-07
  8.000000E+05  1.748288E-07
  9.000000E+05  1.553628E-07
  1.000000E+06  1.397980E-07
EndElement
Element    Cu   29    63.546000
Range      1.000000E+00 1.000000E+06
Npoints    181
Data
  1.000000E+00  1.002022E+04
  1.011990E+00  9.656217E+03
  1.024110E+00  9.325761E+03
  1.036390E+00  9.034045E+03
  1.048810E+00  8.767074E+03
  1.100000E+00  7.763478E+03
  1.103000E+00  7.709574E+03
  1.103000E+00  8.762041E+03
  1.104080E+00  8.755872E+03
  1.105160E+00  8.747314E+03
  1.107320E+00  8.722504E+03
  1.111660E+00  8.655076E+03
  1.120390E+00  8.492843E+03
  1.138040E+00  8.168565E+03
  1.155980E+00  7.874357E+03
  1.174200E+00  7.599425E+03
  1.211510E+00  7.071026E+03
  1.250000E+00  6.565561E+03
  1.400000E+00  5.012291E+03
  1.500000E+00  4.238300E+03
  1.620190E+00  3.508139E+03
  1.750000E+00  2.895140E+03
  1.870830E+00  2.447598E+03
  2.000000E+00  2.065757E+03
  2.200000E+00  1.617854E+03
  2.500000E+00  1.161024E+03
  2.738610E+00  9.141456E+02
  3.000000E+00  7.184719E+02
  3.500000E+00  4.762766E+02
  4.000000E+00  3.324042E+02
  4.500000E+00  2.414268E+02
  5.000000E+00  1.810224E+02
  5.500000E+00  1.393187E+02
  6.000000E+00  1.095748E+02
  7.000000E+00  7.142310E+01
  8.000000E+00  4.918328E+01
  8.986000E+00  3.548672E+01
  8.986000E+00  2.661726E+02
  8.993000E+00  2.669260E+02
  9.000000E+00  2.676719E+02
  9.029680E+00  2.705670E+02
  9.059460E+00  2.726500E+02
  9.074390E+00  2.732367E+02
  9.089340E+00  2.730538E+02
  9.104310E+00  2.722255E+02
  9.119310E+00  2.710020E+02
  9.149390E+00  2.684234E+02
  9.179560E+00  2.661442E+02
  9.240210E+00  2.620635E+02
  9.362710E+00  2.540338E+02
  9.486830E+00  2.455037E+02
  9.740040E+00  2.292443E+02
  1.000000E+01  2.144415E+02
  1.024110E+01  2.017805E+02
  1.048810E+01  1.896719E+02
  1.100000E+01  1.672422E+02
  1.250000E+01  1.192004E+02
  1.322880E+01  1.024662E+02
  1.400000E+01  8.797277E+01
  1.500000E+01  7.298204E+01
  1.750000E+01  4.783710E+01
  1.870830E+01  3.975593E+01
  2.000000E+01  3.300549E+01
  2.200000E+01  2.525412E+01
  2.500000E+01  1.757562E+01
  3.000000E+01  1.041465E+01
  3.240370E+01  8.330448E+00
  3.500000E+01  6.655865E+00
  4.000000E+01  4.499775E+00
  4.500000E+01  3.177635E+00
  5.000000E+01  2.323347E+00
  5.500000E+01  1.747706E+00
  6.000000E+01  1.346192E+00
  7.000000E+01  8.457693E-01
  8.000000E+01  5.642812E-01
  9.000000E+01  3.943675E-01
  1.000000E+02  2.860105E-01
  1.100000E+02  2.137923E-01
  1.250000E+02  1.446627E-01
  1.400000E+02  1.023374E-01
  1.500000E+02  8.291555E-02
  1.620190E+02  6.550701E-02
  1.750000E+02  5.188228E-02
  2.000000E+02  3.464963E-02
  2.200000E+02  2.602705E-02
  2.345210E+02  2.150215E-02
  2.500000E+02  1.779264E-02
  2.738610E+02  1.358625E-02
  2.866330E+02  1.189749E-02
  3.000000E+02  1.043597E-02
  3.240370E+02  8.361778E-03
  3.500000E+02  6.718195E-03
  3.741660E+02  5.569765E-03
  4.000000E+02  4.632488E-03
  4.242640E+02  3.944746E-03
  4.500000E+02  3.367039E-03
  4.743420E+02  2.927598E-03
  5.000000E+02  2.550971E-03
  5.244040E+02  2.255749E-03
  5.500000E+02  1.998339E-03
  5.744560E+02  1.791745E-03
  6.000000E+02  1.608842E-03
  6.235740E+02  1.463856E-03
  6.480740E+02  1.333626E-03
  6.735370E+02  1.217023E-03
  7.000000E+02  1.112295E-03
  7.483310E+02  9.537663E-04
  7.737350E+02  8.844082E-04
  8.000000E+02  8.209201E-04
  8.485280E+02  7.213159E-04
  9.000000E+02  6.357999E-04
  9.486830E+02  5.692148E-04
  1.000000E+03  5.107940E-04
  1.048810E+03  4.639871E-04
  1.100000E+03  4.222350E-04
  1.172600E+03  3.730191E-04
  1.250000E+03  3.306444E-04
  1.322880E+03  2.977911E-04
  1.400000E+03  2.688214E-04
  1.500000E+03  2.379924E-04
  1.620190E+03  2.083896E-04
  1.750000E+03  1.832173E-04
  1.870830E+03  1.642655E-04
  2.000000E+03  1.476489E-04
  2.097620E+03  1.370500E-04
  2.200000E+03  1.273732E-04
  2.345210E+03  1.156286E-04
  2.500000E+03  1.051510E-04
  2.738610E+03  9.205718E-05
  3.000000E+03  8.089690E-05
  3.240370E+03  7.266249E-05
  3.500000E+03  6.539007E-05
  3.741660E+03  5.976226E-05
  4.000000E+03  5.469348E-05
  4.500000E+03  4.690344E-05
  5.000000E+03  4.099483E-05
  5.500000E+03  3.636939E-05
  6.000000E+03  3.265618E-05
  6.480740E+03  2.971704E-05
  7.000000E+03  2.707661E-05
  8.000000E+03  2.309416E-05
  9.000000E+03  2.011541E-05
  1.000000E+04  1.780657E-05
  1.100000E+04  1.596655E-05
  1.250000E+04  1.381654E-05
  1.400000E+04  1.217165E-05
  1.500000E+04  1.127467E-05
  1.750000E+04  9.517003E-06
  2.000000E+04  8.230515E-06
  2.200000E+04  7.426075E-06
  2.500000E+04  6.475398E-06
  3.000000E+04  5.335252E-06
  3.500000E+04  4.535607E-06
  4.000000E+04  3.943978E-06
  4.500000E+04  3.488636E-06
  5.000000E+04  3.127417E-06
  5.500000E+04  2.833892E-06
  6.000000E+04  2.590679E-06
  7.000000E+04  2.211066E-06
  8.000000E+04  1.928410E-06
  9.000000E+04  1.709808E-06
  1.000000E+05  1.535690E-06
  1.100000E+05  1.393747E-06
  1.250000E+05  1.224036E-06
  1.400000E+05  1.091152E-06
  1.500000E+05  1.017507E-06
  1.750000E+05  8.706052E-07
  2.000000E+05  7.607642E-07
  2.200000E+05  6.910157E-07
  2.500000E+05  6.074728E-07
  3.000000E+05  5.055932E-07
  3.500000E+05  4.329770E-07
  4.000000E+05  3.785990E-07
  4.500000E+05  3.363561E-07
  5.000000E+05  3.025930E-07
  5.500000E+05  2.749899E-07
  6.000000E+05  2.520019E-07
  7.000000E+05  2.159038E-07
  8.000000E+05  1.888522E-07
  9.000000E+05  1.678241E-07
  1.000000E+06  1.510103E-07
EndElement
Element    Zn   30    65.380000
Range      1.000000E+00 1.000000E+06
Npoints    240
Data
  1.000000E+00  1.387340E+03
  1.024000E+00  1.312915E+03
  1.024000E+00  3.019194E+03
  1.024710E+00  3.280593E+03
  1.025420E+00  3.527346E+03
  1.026130E+00  3.759739E+03
  1.026850E+00  3.978749E+03
  1.027560E+00  4.185231E+03
  1.028270E+00  4.379905E+03
  1.028990E+00  4.563370E+03
  1.029700E+00  4.736159E+03
  1.030420E+00  4.898723E+03
  1.031130E+00  5.051497E+03
  1.031850E+00  5.194829E+03
  1.032570E+00  5.329134E+03
  1.033280E+00  5.454698E+03
  1.034000E+00  5.571908E+03
  1.034720E+00  5.681058E+03
  1.035440E+00  5.782443E+03
  1.036160E+00  5.876405E+03
  1.036870E+00  5.963237E+03
  1.037590E+00  6.043271E+03
  1.038320E+00  6.116793E+03
  1.039040E+00  6.184125E+03
  1.039760E+00  6.245562E+03
  1.041200E+00  6.351958E+03
  1.042650E+00  6.438357E+03
  1.044100E+00  6.507035E+03
  1.045550E+00  6.560136E+03
  1.047000E+00  6.599688E+03
  1.047000E+00  7.399975E+03
  1.047810E+00  7.559251E+03
  1.048620E+00  7.706645E+03
  1.049430E+00  7.842636E+03
  1.050240E+00  7.968081E+03
  1.051050E+00  8.083697E+03
  1.051860E+00  8.190130E+03
  1.052670E+00  8.287950E+03
  1.053480E+00  8.377629E+03
  1.055110E+00  8.534400E+03
  1.056740E+00  8.663768E+03
  1.058370E+00  8.768626E+03
  1.060010E+00  8.851626E+03
  1.061640E+00  8.915393E+03
  1.063280E+00  8.962296E+03
  1.064920E+00  8.994534E+03
  1.066570E+00  9.014237E+03
  1.069870E+00  9.023521E+03
  1.073170E+00  9.003377E+03
  1.076490E+00  8.963714E+03
  1.079820E+00  8.912160E+03
  1.086500E+00  8.793081E+03
  1.100000E+00  8.547838E+03
  1.123720E+00  8.138355E+03
  1.135770E+00  7.925950E+03
  1.147950E+00  7.708285E+03
  1.172710E+00  7.281632E+03
  1.198000E+00  6.893887E+03
  1.198000E+00  8.022960E+03
  1.198800E+00  7.996819E+03
  1.199590E+00  7.971240E+03
  1.201190E+00  7.923601E+03
  1.204380E+00  7.839376E+03
  1.210790E+00  7.699406E+03
  1.217240E+00  7.583347E+03
  1.223720E+00  7.481630E+03
  1.236790E+00  7.300754E+03
  1.250000E+00  7.131631E+03
  1.267830E+00  6.907998E+03
  1.285920E+00  6.683388E+03
  1.322880E+00  6.247524E+03
  1.400000E+00  5.461588E+03
  1.500000E+00  4.626410E+03
  1.620190E+00  3.838631E+03
  1.750000E+00  3.174879E+03
  1.870830E+00  2.688594E+03
  2.000000E+00  2.272718E+03
  2.200000E+00  1.783440E+03
  2.345210E+00  1.513346E+03
  2.500000E+00  1.282869E+03
  2.738610E+00  1.011605E+03
  3.000000E+00  7.960942E+02
  3.240370E+00  6.491735E+02
  3.500000E+00  5.287666E+02
  4.000000E+00  3.696054E+02
  4.500000E+00  2.687949E+02
  5.000000E+00  2.017583E+02
  5.500000E+00  1.554114E+02
  6.000000E+00  1.223246E+02
  7.000000E+00  7.983933E+01
  8.000000E+00  5.503305E+01
  9.000000E+00  3.956707E+01
  9.663000E+00  3.239668E+01
  9.663000E+00  2.804569E+02
  9.668180E+00  2.640080E+02
  9.673360E+00  2.543392E+02
  9.678540E+00  2.486929E+02
  9.683730E+00  2.456026E+02
  9.688910E+00  2.441647E+02
  9.694110E+00  2.437880E+02
  9.699300E+00  2.440478E+02
  9.704500E+00  2.446492E+02
  9.714900E+00  2.461258E+02
  9.725310E+00  2.472265E+02
  9.735730E+00  2.476474E+02
  9.746170E+00  2.474392E+02
  9.788020E+00  2.445765E+02
  9.809020E+00  2.432777E+02
  9.830060E+00  2.423124E+02
  9.872270E+00  2.402372E+02
  9.914660E+00  2.374628E+02
  9.957240E+00  2.346526E+02
  1.000000E+01  2.321969E+02
  1.011990E+01  2.256479E+02
  1.024110E+01  2.187701E+02
  1.048810E+01  2.057678E+02
  1.100000E+01  1.819611E+02
  1.250000E+01  1.300407E+02
  1.400000E+01  9.617372E+01
  1.500000E+01  7.989754E+01
  1.750000E+01  5.252849E+01
  1.870830E+01  4.370989E+01
  2.000000E+01  3.633134E+01
  2.200000E+01  2.784508E+01
  2.500000E+01  1.942007E+01
  3.000000E+01  1.153989E+01
  3.240370E+01  9.240827E+00
  3.500000E+01  7.391316E+00
  4.000000E+01  5.006059E+00
  4.500000E+01  3.540619E+00
  5.000000E+01  2.592192E+00
  5.500000E+01  1.952203E+00
  6.000000E+01  1.505259E+00
  7.000000E+01  9.473680E-01
  8.000000E+01  6.329815E-01
  9.000000E+01  4.429249E-01
  1.000000E+02  3.215655E-01
  1.100000E+02  2.405900E-01
  1.250000E+02  1.629883E-01
  1.400000E+02  1.154182E-01
  1.500000E+02  9.356977E-02
  1.620190E+02  7.397276E-02
  1.750000E+02  5.862358E-02
  2.000000E+02  3.919246E-02
  2.200000E+02  2.946022E-02
  2.345210E+02  2.434979E-02
  2.500000E+02  2.015796E-02
  2.738610E+02  1.540196E-02
  2.866330E+02  1.349142E-02
  3.000000E+02  1.183750E-02
  3.240370E+02  9.489155E-03
  3.500000E+02  7.627348E-03
  3.741660E+02  6.325827E-03
  4.000000E+02  5.263119E-03
  4.242640E+02  4.483050E-03
  4.500000E+02  3.827550E-03
  4.743420E+02  3.328766E-03
  5.000000E+02  2.901156E-03
  5.244040E+02  2.565876E-03
  5.500000E+02  2.273464E-03
  5.744560E+02  2.038713E-03
  6.000000E+02  1.830840E-03
  6.235740E+02  1.666018E-03
  6.480740E+02  1.517961E-03
  6.735370E+02  1.385350E-03
  7.000000E+02  1.266234E-03
  7.483310E+02  1.085892E-03
  8.000000E+02  9.347214E-04
  8.485280E+02  8.213572E-04
  9.000000E+02  7.240082E-04
  9.486830E+02  6.481981E-04
  1.000000E+03  5.816727E-04
  1.048810E+03  5.283650E-04
  1.100000E+03  4.808096E-04
  1.172600E+03  4.247451E-04
  1.250000E+03  3.764676E-04
  1.322880E+03  3.390342E-04
  1.400000E+03  3.060229E-04
  1.500000E+03  2.708922E-04
  1.620190E+03  2.371589E-04
  1.750000E+03  2.084740E-04
  1.870830E+03  1.868789E-04
  2.000000E+03  1.679475E-04
  2.097620E+03  1.558756E-04
  2.200000E+03  1.448556E-04
  2.345210E+03  1.314813E-04
  2.500000E+03  1.195503E-04
  2.738610E+03  1.046405E-04
  3.000000E+03  9.193556E-05
  3.240370E+03  8.256246E-05
  3.500000E+03  7.428557E-05
  3.741660E+03  6.788135E-05
  4.000000E+03  6.211408E-05
  4.500000E+03  5.325247E-05
  5.000000E+03  4.653278E-05
  5.500000E+03  4.127377E-05
  6.000000E+03  3.705284E-05
  6.480740E+03  3.371247E-05
  7.000000E+03  3.071218E-05
  8.000000E+03  2.618821E-05
  9.000000E+03  2.280538E-05
  1.000000E+04  2.018412E-05
  1.100000E+04  1.809562E-05
  1.250000E+04  1.565582E-05
  1.400000E+04  1.378967E-05
  1.500000E+04  1.277232E-05
  1.750000E+04  1.077906E-05
  2.000000E+04  9.320594E-06
  2.200000E+04  8.408789E-06
  2.500000E+04  7.331418E-06
  3.000000E+04  6.039623E-06
  3.500000E+04  5.133824E-06
  4.000000E+04  4.463771E-06
  4.500000E+04  3.948150E-06
  5.000000E+04  3.539154E-06
  5.500000E+04  3.206841E-06
  6.000000E+04  2.931506E-06
  7.000000E+04  2.501786E-06
  8.000000E+04  2.181870E-06
  9.000000E+04  1.934463E-06
  1.000000E+05  1.737422E-06
  1.100000E+05  1.576791E-06
  1.250000E+05  1.384742E-06
  1.400000E+05  1.234391E-06
  1.500000E+05  1.151060E-06
  1.750000E+05  9.848475E-07
  2.000000E+05  8.605794E-07
  2.200000E+05  7.816698E-07
  2.500000E+05  6.871559E-07
  3.000000E+05  5.719017E-07
  3.500000E+05  4.897553E-07
  4.000000E+05  4.282426E-07
  4.500000E+05  3.804578E-07
  5.000000E+05  3.422654E-07
  5.500000E+05  3.110420E-07
  6.000000E+05  2.850385E-07
  7.000000E+05  2.442071E-07
  8.000000E+05  2.136073E-07
  9.000000E+05  1.898227E-07
  1.000000E+06  1.708039E-07
EndElement
Element    Ga   31    69.720000
Range      1.000000E+00 1.000000E+06
Npoints    232
Data
  1.000000E+00  1.517947E+03
  1.100000E+00  1.215571E+03
  1.119000E+00  1.167658E+03
  1.119000E+00  2.477353E+03
  1.119830E+00  2.773890E+03
  1.120670E+00  3.063535E+03
  1.121500E+00  3.341191E+03
  1.122340E+00  3.603671E+03
  1.123180E+00  3.848504E+03
  1.124010E+00  4.074110E+03
  1.124850E+00  4.279659E+03
  1.125690E+00  4.464953E+03
  1.126530E+00  4.630346E+03
  1.127370E+00  4.776615E+03
  1.128210E+00  4.904832E+03
  1.129050E+00  5.016291E+03
  1.129890E+00  5.112393E+03
  1.130730E+00  5.194589E+03
  1.131580E+00  5.264320E+03
  1.132420E+00  5.322995E+03
  1.133260E+00  5.371910E+03
  1.134110E+00  5.412308E+03
  1.134950E+00  5.445287E+03
  1.135800E+00  5.471882E+03
  1.137490E+00  5.509412E+03
  1.139190E+00  5.531006E+03
  1.140890E+00  5.541320E+03
  1.142590E+00  5.543980E+03
  1.146000E+00  5.535774E+03
  1.146000E+00  6.155704E+03
  1.146780E+00  6.285907E+03
  1.147560E+00  6.413338E+03
  1.148340E+00  6.535949E+03
  1.149120E+00  6.652444E+03
  1.149900E+00  6.761883E+03
  1.150680E+00  6.863539E+03
  1.151460E+00  6.956998E+03
  1.152240E+00  7.042052E+03
  1.153020E+00  7.118711E+03
  1.153800E+00  7.187181E+03
  1.154590E+00  7.247826E+03
  1.155370E+00  7.301077E+03
  1.156940E+00  7.387513E+03
  1.158510E+00  7.450922E+03
  1.160080E+00  7.495708E+03
  1.161660E+00  7.525853E+03
  1.163240E+00  7.544761E+03
  1.164820E+00  7.555213E+03
  1.167980E+00  7.559074E+03
  1.171160E+00  7.549114E+03
  1.177530E+00  7.509356E+03
  1.183950E+00  7.456977E+03
  1.190390E+00  7.395823E+03
  1.196870E+00  7.325400E+03
  1.203390E+00  7.245805E+03
  1.209940E+00  7.158306E+03
  1.223150E+00  6.971034E+03
  1.250000E+00  6.592638E+03
  1.302000E+00  5.947762E+03
  1.302000E+00  6.934315E+03
  1.302740E+00  6.902209E+03
  1.303480E+00  6.873291E+03
  1.304960E+00  6.823702E+03
  1.307920E+00  6.747069E+03
  1.310890E+00  6.689042E+03
  1.313860E+00  6.641967E+03
  1.319840E+00  6.565636E+03
  1.325840E+00  6.500397E+03
  1.337920E+00  6.376801E+03
  1.350110E+00  6.248507E+03
  1.400000E+00  5.729715E+03
  1.500000E+00  4.860952E+03
  1.620190E+00  4.039300E+03
  1.750000E+00  3.348818E+03
  1.870830E+00  2.839752E+03
  2.000000E+00  2.404468E+03
  2.200000E+00  1.890496E+03
  2.345210E+00  1.605991E+03
  2.500000E+00  1.362816E+03
  2.738610E+00  1.076091E+03
  3.000000E+00  8.478875E+02
  3.240370E+00  6.920486E+02
  3.500000E+00  5.641689E+02
  4.000000E+00  3.948795E+02
  4.500000E+00  2.875002E+02
  5.000000E+00  2.160076E+02
  5.500000E+00  1.665184E+02
  6.000000E+00  1.311534E+02
  7.000000E+00  8.569950E+01
  8.000000E+00  5.912633E+01
  9.000000E+00  4.254065E+01
  1.000000E+01  3.164630E+01
  1.037100E+01  2.856043E+01
  1.037100E+01  2.464249E+02
  1.038050E+01  2.150246E+02
  1.039010E+01  2.118529E+02
  1.040920E+01  2.161579E+02
  1.041880E+01  2.170381E+02
  1.042840E+01  2.168264E+02
  1.044760E+01  2.153684E+02
  1.046690E+01  2.141064E+02
  1.048610E+01  2.133006E+02
  1.052480E+01  2.122442E+02
  1.054420E+01  2.115843E+02
  1.056360E+01  2.107041E+02
  1.060250E+01  2.085767E+02
  1.068090E+01  2.045040E+02
  1.100000E+01  1.898080E+02
  1.172600E+01  1.610137E+02
  1.250000E+01  1.362358E+02
  1.400000E+01  1.009581E+02
  1.500000E+01  8.397716E+01
  1.750000E+01  5.537113E+01
  1.870830E+01  4.613295E+01
  2.000000E+01  3.839020E+01
  2.200000E+01  2.947117E+01
  2.500000E+01  2.059716E+01
  3.000000E+01  1.227335E+01
  3.240370E+01  9.838927E+00
  3.500000E+01  7.878147E+00
  4.000000E+01  5.345281E+00
  4.500000E+01  3.786218E+00
  5.000000E+01  2.775635E+00
  5.500000E+01  2.092737E+00
  6.000000E+01  1.615250E+00
  7.000000E+01  1.018331E+00
  8.000000E+01  6.813657E-01
  9.000000E+01  4.773566E-01
  1.000000E+02  3.469235E-01
  1.100000E+02  2.597968E-01
  1.250000E+02  1.762055E-01
  1.400000E+02  1.249016E-01
  1.500000E+02  1.013174E-01
  1.620190E+02  8.014975E-02
  1.750000E+02  6.355751E-02
  2.000000E+02  4.253469E-02
  2.200000E+02  3.199491E-02
  2.345210E+02  2.645682E-02
  2.500000E+02  2.191180E-02
  2.738610E+02  1.675238E-02
  2.866330E+02  1.467867E-02
  3.000000E+02  1.288265E-02
  3.240370E+02  1.033179E-02
  3.500000E+02  8.308352E-03
  3.741660E+02  6.893131E-03
  4.000000E+02  5.737065E-03
  4.242640E+02  4.888143E-03
  4.500000E+02  4.174530E-03
  4.743420E+02  3.631354E-03
  5.000000E+02  3.165537E-03
  5.244040E+02  2.800209E-03
  5.500000E+02  2.481507E-03
  5.744560E+02  2.225601E-03
  6.000000E+02  1.998933E-03
  6.235740E+02  1.819184E-03
  6.480740E+02  1.657669E-03
  6.735370E+02  1.512998E-03
  7.000000E+02  1.383011E-03
  7.483310E+02  1.186168E-03
  8.000000E+02  1.021129E-03
  8.485280E+02  8.973352E-04
  9.000000E+02  7.910071E-04
  9.486830E+02  7.081906E-04
  1.000000E+03  6.355077E-04
  1.048810E+03  5.772600E-04
  1.100000E+03  5.252910E-04
  1.172600E+03  4.640184E-04
  1.250000E+03  4.112504E-04
  1.322880E+03  3.703323E-04
  1.400000E+03  3.342452E-04
  1.500000E+03  2.958390E-04
  1.620190E+03  2.589581E-04
  1.750000E+03  2.275975E-04
  1.870830E+03  2.039866E-04
  2.000000E+03  1.832909E-04
  2.097620E+03  1.700987E-04
  2.200000E+03  1.580587E-04
  2.345210E+03  1.434465E-04
  2.500000E+03  1.304106E-04
  2.738610E+03  1.141227E-04
  3.000000E+03  1.002455E-04
  3.240370E+03  9.000906E-05
  3.500000E+03  8.097050E-05
  3.741660E+03  7.397826E-05
  4.000000E+03  6.768240E-05
  4.500000E+03  5.801035E-05
  5.000000E+03  5.067806E-05
  5.500000E+03  4.494096E-05
  6.000000E+03  4.033737E-05
  6.480740E+03  3.669498E-05
  7.000000E+03  3.342400E-05
  8.000000E+03  2.849305E-05
  9.000000E+03  2.480713E-05
  1.000000E+04  2.195179E-05
  1.100000E+04  1.967716E-05
  1.250000E+04  1.702075E-05
  1.400000E+04  1.498953E-05
  1.500000E+04  1.388236E-05
  1.750000E+04  1.171363E-05
  2.000000E+04  1.012716E-05
  2.200000E+04  9.135566E-06
  2.500000E+04  7.964083E-06
  3.000000E+04  6.559797E-06
  3.500000E+04  5.575352E-06
  4.000000E+04  4.847245E-06
  4.500000E+04  4.287027E-06
  5.000000E+04  3.842708E-06
  5.500000E+04  3.481725E-06
  6.000000E+04  3.182674E-06
  7.000000E+04  2.715966E-06
  8.000000E+04  2.368553E-06
  9.000000E+04  2.099889E-06
  1.000000E+05  1.885944E-06
  1.100000E+05  1.711542E-06
  1.250000E+05  1.503039E-06
  1.400000E+05  1.339805E-06
  1.500000E+05  1.249344E-06
  1.750000E+05  1.068913E-06
  2.000000E+05  9.340192E-07
  2.200000E+05  8.483626E-07
  2.500000E+05  7.457729E-07
  3.000000E+05  6.206752E-07
  3.500000E+05  5.315161E-07
  4.000000E+05  4.647535E-07
  4.500000E+05  4.128906E-07
  5.000000E+05  3.714414E-07
  5.500000E+05  3.375543E-07
  6.000000E+05  3.093326E-07
  7.000000E+05  2.650191E-07
  8.000000E+05  2.318110E-07
  9.000000E+05  2.059983E-07
  1.000000E+06  1.853579E-07
EndElement
Element    Ge   32    72.590000
Range      1.000000E+00 1.000000E+06
Npoints    223
Data
  1.000000E+00  1.699971E+03
  1.100000E+00  1.361896E+03
  1.220000E+00  1.066870E+03
  1.220000E+00  2.287152E+03
  1.220930E+00  2.628803E+03
  1.221850E+00  2.960771E+03
  1.222780E+00  3.270713E+03
  1.223710E+00  3.550641E+03
  1.224640E+00  3.796280E+03
  1.225570E+00  4.006370E+03
  1.226500E+00  4.182082E+03
  1.227430E+00  4.326202E+03
  1.228360E+00  4.442297E+03
  1.229300E+00  4.534301E+03
  1.230230E+00  4.606038E+03
  1.231160E+00  4.661049E+03
  1.232100E+00  4.702488E+03
  1.233040E+00  4.733043E+03
  1.233970E+00  4.755011E+03
  1.234910E+00  4.770251E+03
  1.236790E+00  4.786494E+03
  1.238660E+00  4.790858E+03
  1.242430E+00  4.785233E+03
  1.250000E+00  4.771678E+03
  1.251000E+00  4.771462E+03
  1.251000E+00  5.352189E+03
  1.252100E+00  5.548184E+03
  1.253200E+00  5.736299E+03
  1.254300E+00  5.907489E+03
  1.255410E+00  6.056578E+03
  1.256510E+00  6.181667E+03
  1.257620E+00  6.283393E+03
  1.258720E+00  6.363940E+03
  1.259830E+00  6.426277E+03
  1.260940E+00  6.473515E+03
  1.262050E+00  6.508591E+03
  1.263160E+00  6.534060E+03
  1.264270E+00  6.552046E+03
  1.266490E+00  6.572147E+03
  1.268720E+00  6.578784E+03
  1.273190E+00  6.572919E+03
  1.277680E+00  6.556833E+03
  1.286690E+00  6.513245E+03
  1.295770E+00  6.454343E+03
  1.304920E+00  6.377645E+03
  1.314130E+00  6.286114E+03
  1.323400E+00  6.185599E+03
  1.361160E+00  5.784300E+03
  1.380450E+00  5.586554E+03
  1.400000E+00  5.388327E+03
  1.413000E+00  5.260866E+03
  1.413000E+00  6.048166E+03
  1.414320E+00  6.034004E+03
  1.415640E+00  6.019876E+03
  1.418290E+00  5.991719E+03
  1.423590E+00  5.935861E+03
  1.434270E+00  5.826054E+03
  1.455850E+00  5.614288E+03
  1.500000E+00  5.224047E+03
  1.558930E+00  4.766866E+03
  1.620190E+00  4.343765E+03
  1.750000E+00  3.604640E+03
  1.870830E+00  3.061677E+03
  2.000000E+00  2.596581E+03
  2.200000E+00  2.045329E+03
  2.345210E+00  1.739436E+03
  2.500000E+00  1.477652E+03
  2.738610E+00  1.168290E+03
  3.000000E+00  9.216638E+02
  3.240370E+00  7.529767E+02
  3.500000E+00  6.143421E+02
  4.000000E+00  4.305528E+02
  4.500000E+00  3.137876E+02
  5.000000E+00  2.359669E+02
  5.500000E+00  1.820455E+02
  6.000000E+00  1.434736E+02
  7.000000E+00  9.384634E+01
  8.000000E+00  6.480401E+01
  9.000000E+00  4.665803E+01
  1.000000E+01  3.472939E+01
  1.100000E+01  2.656030E+01
  1.110700E+01  2.584443E+01
  1.110700E+01  2.006180E+02
  1.111730E+01  1.886202E+02
  1.112750E+01  1.911405E+02
  1.113780E+01  1.941595E+02
  1.114810E+01  1.950862E+02
  1.115840E+01  1.945594E+02
  1.116870E+01  1.935356E+02
  1.117900E+01  1.927508E+02
  1.118930E+01  1.923402E+02
  1.121000E+01  1.921411E+02
  1.123070E+01  1.917296E+02
  1.125150E+01  1.907996E+02
  1.127230E+01  1.896456E+02
  1.131400E+01  1.877524E+02
  1.135580E+01  1.862400E+02
  1.139780E+01  1.845410E+02
  1.144000E+01  1.826686E+02
  1.178290E+01  1.693940E+02
  1.250000E+01  1.454863E+02
  1.400000E+01  1.080725E+02
  1.500000E+01  8.999944E+01
  1.750000E+01  5.950554E+01
  1.870830E+01  4.963774E+01
  2.000000E+01  4.135474E+01
  2.200000E+01  3.179805E+01
  2.500000E+01  2.226923E+01
  3.000000E+01  1.330612E+01
  3.240370E+01  1.067849E+01
  3.500000E+01  8.559421E+00
  4.000000E+01  5.817708E+00
  4.500000E+01  4.126929E+00
  5.000000E+01  3.029255E+00
  5.500000E+01  2.286530E+00
  6.000000E+01  1.766564E+00
  7.000000E+01  1.115610E+00
  8.000000E+01  7.474962E-01
  9.000000E+01  5.243079E-01
  1.000000E+02  3.814349E-01
  1.100000E+02  2.858978E-01
  1.250000E+02  1.941313E-01
  1.400000E+02  1.377427E-01
  1.500000E+02  1.117983E-01
  1.620190E+02  8.849702E-02
  1.750000E+02  7.021921E-02
  2.000000E+02  4.704089E-02
  2.200000E+02  3.540901E-02
  2.345210E+02  2.929304E-02
  2.500000E+02  2.427141E-02
  2.738610E+02  1.856767E-02
  2.866330E+02  1.627388E-02
  3.000000E+02  1.428664E-02
  3.240370E+02  1.146306E-02
  3.500000E+02  9.222113E-03
  3.741660E+02  7.654034E-03
  4.000000E+02  6.372518E-03
  4.242640E+02  5.431118E-03
  4.500000E+02  4.639471E-03
  4.743420E+02  4.036709E-03
  5.000000E+02  3.519630E-03
  5.244040E+02  3.113992E-03
  5.500000E+02  2.760030E-03
  5.744560E+02  2.475748E-03
  6.000000E+02  2.223895E-03
  6.235740E+02  2.024133E-03
  6.480740E+02  1.844614E-03
  6.735370E+02  1.683777E-03
  7.000000E+02  1.539234E-03
  7.483310E+02  1.320325E-03
  8.000000E+02  1.136724E-03
  8.485280E+02  9.989752E-04
  9.000000E+02  8.806313E-04
  9.486830E+02  7.884442E-04
  1.000000E+03  7.075240E-04
  1.048810E+03  6.426650E-04
  1.100000E+03  5.847931E-04
  1.172600E+03  5.165519E-04
  1.250000E+03  4.577781E-04
  1.322880E+03  4.121993E-04
  1.400000E+03  3.720005E-04
  1.500000E+03  3.292167E-04
  1.620190E+03  2.881319E-04
  1.750000E+03  2.531962E-04
  1.870830E+03  2.268934E-04
  2.000000E+03  2.038410E-04
  2.097620E+03  1.891511E-04
  2.200000E+03  1.757463E-04
  2.345210E+03  1.594776E-04
  2.500000E+03  1.449653E-04
  2.738610E+03  1.268325E-04
  3.000000E+03  1.113868E-04
  3.240370E+03  9.999458E-05
  3.500000E+03  8.993722E-05
  3.741660E+03  8.215721E-05
  4.000000E+03  7.515356E-05
  4.500000E+03  6.439617E-05
  5.000000E+03  5.624309E-05
  5.500000E+03  4.986538E-05
  6.000000E+03  4.474893E-05
  6.480740E+03  4.070143E-05
  7.000000E+03  3.706748E-05
  8.000000E+03  3.159081E-05
  9.000000E+03  2.749801E-05
  1.000000E+04  2.432849E-05
  1.100000E+04  2.180415E-05
  1.250000E+04  1.885688E-05
  1.400000E+04  1.660374E-05
  1.500000E+04  1.537591E-05
  1.750000E+04  1.297137E-05
  2.000000E+04  1.121285E-05
  2.200000E+04  1.011386E-05
  2.500000E+04  8.815853E-06
  3.000000E+04  7.260268E-06
  3.500000E+04  6.169994E-06
  4.000000E+04  5.363754E-06
  4.500000E+04  4.743512E-06
  5.000000E+04  4.251636E-06
  5.500000E+04  3.852063E-06
  6.000000E+04  3.521057E-06
  7.000000E+04  3.004541E-06
  8.000000E+04  2.620083E-06
  9.000000E+04  2.322809E-06
  1.000000E+05  2.086080E-06
  1.100000E+05  1.893129E-06
  1.250000E+05  1.662448E-06
  1.400000E+05  1.481875E-06
  1.500000E+05  1.381799E-06
  1.750000E+05  1.182211E-06
  2.000000E+05  1.032989E-06
  2.200000E+05  9.382477E-07
  2.500000E+05  8.247769E-07
  3.000000E+05  6.864137E-07
  3.500000E+05  5.878029E-07
  4.000000E+05  5.139651E-07
  4.500000E+05  4.566075E-07
  5.000000E+05  4.107657E-07
  5.500000E+05  3.732889E-07
  6.000000E+05  3.420790E-07
  7.000000E+05  2.930723E-07
  8.000000E+05  2.563471E-07
  9.000000E+05  2.278018E-07
  1.000000E+06  2.049760E-07
EndElement
Element    As   33    74.921600
Range      1.000000E+00 1.000000E+06
Npoints    218
Data
  1.000000E+00  1.913926E+03
  1.100000E+00  1.533580E+03
  1.172600E+00  1.319956E+03
  1.250000E+00  1.134673E+03
  1.327000E+00  9.838579E+02
  1.327000E+00  2.183108E+03
  1.328080E+00  2.603789E+03
  1.329160E+00  3.001288E+03
  1.330240E+00  3.349121E+03
  1.331330E+00  3.634468E+03
  1.332410E+00  3.855920E+03
  1.333490E+00  4.019573E+03
  1.334580E+00  4.135118E+03
  1.335660E+00  4.212869E+03
  1.336750E+00  4.262213E+03
  1.337840E+00  4.290925E+03
  1.338930E+00  4.305088E+03
  1.340020E+00  4.309340E+03
  1.342200E+00  4.300803E+03
  1.344390E+00  4.282670E+03
  1.348770E+00  4.247279E+03
  1.350960E+00  4.235294E+03
  1.353160E+00  4.227811E+03
  1.357580E+00  4.224186E+03
  1.362000E+00  4.230423E+03
  1.362000E+00  4.803656E+03
  1.363170E+00  5.026925E+03
  1.364340E+00  5.235501E+03
  1.365520E+00  5.413927E+03
  1.366690E+00  5.555869E+03
  1.367870E+00  5.662074E+03
  1.369050E+00  5.737462E+03
  1.370220E+00  5.788366E+03
  1.371400E+00  5.820887E+03
  1.372580E+00  5.840130E+03
  1.373760E+00  5.850113E+03
  1.376130E+00  5.853312E+03
  1.380870E+00  5.833555E+03
  1.400000E+00  5.743892E+03
  1.406050E+00  5.713380E+03
  1.412130E+00  5.676976E+03
  1.424360E+00  5.587635E+03
  1.449140E+00  5.379236E+03
  1.474350E+00  5.167814E+03
  1.500000E+00  4.951867E+03
  1.531000E+00  4.695457E+03
  1.531000E+00  5.341176E+03
  1.531800E+00  5.334199E+03
  1.532600E+00  5.327262E+03
  1.534200E+00  5.313694E+03
  1.537410E+00  5.288552E+03
  1.543850E+00  5.245838E+03
  1.556800E+00  5.164301E+03
  1.569860E+00  5.068779E+03
  1.583040E+00  4.965130E+03
  1.609710E+00  4.766127E+03
  1.636840E+00  4.583015E+03
  1.750000E+00  3.904317E+03
  1.870830E+00  3.320418E+03
  2.000000E+00  2.817477E+03
  2.200000E+00  2.223619E+03
  2.345210E+00  1.893831E+03
  2.500000E+00  1.610253E+03
  2.738610E+00  1.274863E+03
  3.000000E+00  1.006935E+03
  3.240370E+00  8.234370E+02
  3.500000E+00  6.724197E+02
  4.000000E+00  4.718454E+02
  4.500000E+00  3.442160E+02
  5.000000E+00  2.590623E+02
  5.500000E+00  2.000092E+02
  6.000000E+00  1.577306E+02
  7.000000E+00  1.032728E+02
  8.000000E+00  7.137073E+01
  9.000000E+00  5.142125E+01
  1.000000E+01  3.829629E+01
  1.100000E+01  2.930225E+01
  1.187100E+01  2.363278E+01
  1.187100E+01  1.677426E+02
  1.188060E+01  1.702424E+02
  1.189020E+01  1.731980E+02
  1.189980E+01  1.761977E+02
  1.190940E+01  1.770031E+02
  1.191900E+01  1.764011E+02
  1.192860E+01  1.753931E+02
  1.193820E+01  1.745909E+02
  1.194790E+01  1.741448E+02
  1.198650E+01  1.738651E+02
  1.200580E+01  1.732237E+02
  1.202520E+01  1.722856E+02
  1.206410E+01  1.704980E+02
  1.210310E+01  1.689877E+02
  1.218140E+01  1.664156E+02
  1.250000E+01  1.558393E+02
  1.285920E+01  1.449664E+02
  1.322880E+01  1.347124E+02
  1.400000E+01  1.162043E+02
  1.500000E+01  9.688913E+01
  1.750000E+01  6.422679E+01
  1.870830E+01  5.363762E+01
  2.000000E+01  4.473964E+01
  2.200000E+01  3.445585E+01
  2.500000E+01  2.417976E+01
  3.000000E+01  1.448699E+01
  3.240370E+01  1.163875E+01
  3.500000E+01  9.338861E+00
  4.000000E+01  6.358512E+00
  4.500000E+01  4.517120E+00
  5.000000E+01  3.319815E+00
  5.500000E+01  2.508604E+00
  6.000000E+01  1.940041E+00
  7.000000E+01  1.227198E+00
  8.000000E+01  8.233888E-01
  9.000000E+01  5.782136E-01
  1.000000E+02  4.210755E-01
  1.100000E+02  3.158880E-01
  1.250000E+02  2.147404E-01
  1.400000E+02  1.525124E-01
  1.500000E+02  1.238564E-01
  1.620190E+02  9.810366E-02
  1.750000E+02  7.788804E-02
  2.000000E+02  5.223099E-02
  2.200000E+02  3.934282E-02
  2.345210E+02  3.256203E-02
  2.500000E+02  2.699151E-02
  2.738610E+02  2.066100E-02
  2.866330E+02  1.811378E-02
  3.000000E+02  1.590617E-02
  3.240370E+02  1.276832E-02
  3.500000E+02  1.027673E-02
  3.741660E+02  8.532416E-03
  4.000000E+02  7.106224E-03
  4.242640E+02  6.058159E-03
  4.500000E+02  5.176511E-03
  4.743420E+02  4.504991E-03
  5.000000E+02  3.928760E-03
  5.244040E+02  3.476595E-03
  5.500000E+02  3.081925E-03
  5.744560E+02  2.764869E-03
  6.000000E+02  2.483919E-03
  6.235740E+02  2.261044E-03
  6.480740E+02  2.060715E-03
  6.735370E+02  1.881196E-03
  7.000000E+02  1.719850E-03
  7.483310E+02  1.475425E-03
  8.000000E+02  1.270378E-03
  8.485280E+02  1.116500E-03
  9.000000E+02  9.842759E-04
  9.486830E+02  8.812538E-04
  1.000000E+03  7.908119E-04
  1.048810E+03  7.183106E-04
  1.100000E+03  6.536109E-04
  1.172600E+03  5.773110E-04
  1.250000E+03  5.115865E-04
  1.322880E+03  4.606140E-04
  1.400000E+03  4.156563E-04
  1.500000E+03  3.678049E-04
  1.620190E+03  3.218545E-04
  1.750000E+03  2.827814E-04
  1.870830E+03  2.533642E-04
  2.000000E+03  2.275866E-04
  2.097620E+03  2.111643E-04
  2.200000E+03  1.961816E-04
  2.345210E+03  1.779982E-04
  2.500000E+03  1.617769E-04
  2.738610E+03  1.415125E-04
  3.000000E+03  1.242534E-04
  3.240370E+03  1.115246E-04
  3.500000E+03  1.002892E-04
  3.741660E+03  9.160018E-05
  4.000000E+03  8.377767E-05
  4.500000E+03  7.176643E-05
  5.000000E+03  6.266518E-05
  5.500000E+03  5.554735E-05
  6.000000E+03  4.983842E-05
  6.480740E+03  4.532320E-05
  7.000000E+03  4.127000E-05
  8.000000E+03  3.516310E-05
  9.000000E+03  3.060086E-05
  1.000000E+04  2.706859E-05
  1.100000E+04  2.425612E-05
  1.250000E+04  2.097319E-05
  1.400000E+04  1.846415E-05
  1.500000E+04  1.709706E-05
  1.750000E+04  1.442052E-05
  2.000000E+04  1.246360E-05
  2.200000E+04  1.124096E-05
  2.500000E+04  9.797104E-06
  3.000000E+04  8.067101E-06
  3.500000E+04  6.854846E-06
  4.000000E+04  5.958585E-06
  4.500000E+04  5.269188E-06
  5.000000E+04  4.722537E-06
  5.500000E+04  4.278498E-06
  6.000000E+04  3.910691E-06
  7.000000E+04  3.336807E-06
  8.000000E+04  2.909696E-06
  9.000000E+04  2.579458E-06
  1.000000E+05  2.316506E-06
  1.100000E+05  2.102182E-06
  1.250000E+05  1.845981E-06
  1.400000E+05  1.645419E-06
  1.500000E+05  1.534287E-06
  1.750000E+05  1.312633E-06
  2.000000E+05  1.146931E-06
  2.200000E+05  1.041723E-06
  2.500000E+05  9.157204E-07
  3.000000E+05  7.620884E-07
  3.500000E+05  6.525974E-07
  4.000000E+05  5.706146E-07
  4.500000E+05  5.069301E-07
  5.000000E+05  4.560340E-07
  5.500000E+05  4.144249E-07
  6.000000E+05  3.797734E-07
  7.000000E+05  3.253639E-07
  8.000000E+05  2.845915E-07
  9.000000E+05  2.528988E-07
  1.000000E+06  2.275584E-07
EndElement
Element    Se   34    78.960000
Range      1.000000E+00 1.000000E+06
Npoints    219
Data
  1.000000E+00  2.102029E+03
  1.100000E+00  1.684811E+03
  1.172600E+00  1.450370E+03
  1.250000E+00  1.247085E+03
  1.400000E+00  9.513625E+02
  1.439000E+00  8.905233E+02
  1.439000E+00  2.043592E+03
  1.440230E+00  2.537162E+03
  1.441470E+00  2.987702E+03
  1.442700E+00  3.348801E+03
  1.443940E+00  3.607214E+03
  1.445180E+00  3.773638E+03
  1.446420E+00  3.869042E+03
  1.447660E+00  3.914758E+03
  1.448900E+00  3.928150E+03
  1.450140E+00  3.921851E+03
  1.451380E+00  3.904522E+03
  1.453870E+00  3.856786E+03
  1.456370E+00  3.809225E+03
  1.458860E+00  3.769611E+03
  1.461360E+00  3.740302E+03
  1.463870E+00  3.720426E+03
  1.466380E+00  3.708490E+03
  1.468900E+00  3.702755E+03
  1.473940E+00  3.703395E+03
  1.479000E+00  3.711259E+03
  1.479000E+00  4.264615E+03
  1.480300E+00  4.519771E+03
  1.481610E+00  4.749140E+03
  1.482910E+00  4.927585E+03
  1.484220E+00  5.050087E+03
  1.485530E+00  5.124791E+03
  1.486840E+00  5.164337E+03
  1.488150E+00  5.180437E+03
  1.489460E+00  5.181977E+03
  1.492090E+00  5.163650E+03
  1.494720E+00  5.135888E+03
  1.500000E+00  5.084766E+03
  1.537570E+00  4.896032E+03
  1.547100E+00  4.837344E+03
  1.556700E+00  4.773622E+03
  1.576070E+00  4.643058E+03
  1.595680E+00  4.512731E+03
  1.615540E+00  4.378552E+03
  1.656000E+00  4.111408E+03
  1.656000E+00  4.643478E+03
  1.657430E+00  4.641380E+03
  1.658860E+00  4.638589E+03
  1.661720E+00  4.629612E+03
  1.667470E+00  4.608265E+03
  1.679020E+00  4.557951E+03
  1.690640E+00  4.493229E+03
  1.702350E+00  4.418792E+03
  1.726010E+00  4.268208E+03
  1.750000E+00  4.129392E+03
  1.809410E+00  3.811422E+03
  1.870830E+00  3.514410E+03
  2.000000E+00  2.983309E+03
  2.200000E+00  2.358535E+03
  2.345210E+00  2.010721E+03
  2.500000E+00  1.711948E+03
  2.738610E+00  1.357293E+03
  3.000000E+00  1.073338E+03
  3.240370E+00  8.785034E+02
  3.500000E+00  7.180076E+02
  4.000000E+00  5.045327E+02
  4.500000E+00  3.684344E+02
  5.000000E+00  2.775051E+02
  5.500000E+00  2.143954E+02
  6.000000E+00  1.691820E+02
  7.000000E+00  1.108818E+02
  8.000000E+00  7.668848E+01
  9.000000E+00  5.528967E+01
  1.000000E+01  4.120049E+01
  1.100000E+01  3.153936E+01
  1.250000E+01  2.200446E+01
  1.266200E+01  2.121920E+01
  1.266200E+01  1.405967E+02
  1.267190E+01  1.485942E+02
  1.268190E+01  1.539848E+02
  1.269180E+01  1.568251E+02
  1.270180E+01  1.572979E+02
  1.271180E+01  1.565482E+02
  1.272180E+01  1.555544E+02
  1.273170E+01  1.548345E+02
  1.274170E+01  1.544600E+02
  1.278180E+01  1.543166E+02
  1.280190E+01  1.537652E+02
  1.282200E+01  1.529209E+02
  1.286230E+01  1.513048E+02
  1.290270E+01  1.499777E+02
  1.298400E+01  1.477888E+02
  1.306580E+01  1.456273E+02
  1.314810E+01  1.433401E+02
  1.331420E+01  1.386267E+02
  1.365280E+01  1.297971E+02
  1.400000E+01  1.217813E+02
  1.449140E+01  1.114241E+02
  1.500000E+01  1.017350E+02
  1.750000E+01  6.760502E+01
  1.870830E+01  5.653681E+01
  2.000000E+01  4.719967E+01
  2.200000E+01  3.640764E+01
  2.500000E+01  2.560150E+01
  3.000000E+01  1.538041E+01
  3.240370E+01  1.237002E+01
  3.500000E+01  9.935846E+00
  4.000000E+01  6.776625E+00
  4.500000E+01  4.821114E+00
  5.000000E+01  3.547617E+00
  5.500000E+01  2.683651E+00
  6.000000E+01  2.077417E+00
  7.000000E+01  1.316260E+00
  8.000000E+01  8.843532E-01
  9.000000E+01  6.217342E-01
  1.000000E+02  4.532179E-01
  1.100000E+02  3.402967E-01
  1.250000E+02  2.315946E-01
  1.400000E+02  1.646403E-01
  1.500000E+02  1.337806E-01
  1.620190E+02  1.060304E-01
  1.750000E+02  8.423141E-02
  2.000000E+02  5.654101E-02
  2.200000E+02  4.261839E-02
  2.345210E+02  3.528879E-02
  2.500000E+02  2.926435E-02
  2.738610E+02  2.241425E-02
  2.866330E+02  1.965646E-02
  3.000000E+02  1.726553E-02
  3.240370E+02  1.386572E-02
  3.500000E+02  1.116483E-02
  3.741660E+02  9.273075E-03
  4.000000E+02  7.725744E-03
  4.242640E+02  6.588150E-03
  4.500000E+02  5.630877E-03
  4.743420E+02  4.901531E-03
  5.000000E+02  4.275491E-03
  5.244040E+02  3.784102E-03
  5.500000E+02  3.355078E-03
  5.744560E+02  3.010346E-03
  6.000000E+02  2.704815E-03
  6.235740E+02  2.462381E-03
  6.480740E+02  2.244430E-03
  6.735370E+02  2.049091E-03
  7.000000E+02  1.873484E-03
  7.483310E+02  1.607407E-03
  8.000000E+02  1.384147E-03
  8.485280E+02  1.216555E-03
  9.000000E+02  1.072530E-03
  9.486830E+02  9.602935E-04
  1.000000E+03  8.617397E-04
  1.048810E+03  7.827334E-04
  1.100000E+03  7.122158E-04
  1.172600E+03  6.290460E-04
  1.250000E+03  5.573966E-04
  1.322880E+03  5.018229E-04
  1.400000E+03  4.528038E-04
  1.500000E+03  4.006264E-04
  1.620190E+03  3.505212E-04
  1.750000E+03  3.079125E-04
  1.870830E+03  2.758348E-04
  2.000000E+03  2.477299E-04
  2.097620E+03  2.298321E-04
  2.200000E+03  2.135061E-04
  2.345210E+03  1.936924E-04
  2.500000E+03  1.760157E-04
  2.738610E+03  1.539360E-04
  3.000000E+03  1.351336E-04
  3.240370E+03  1.212696E-04
  3.500000E+03  1.090323E-04
  3.741660E+03  9.956972E-05
  4.000000E+03  9.105285E-05
  4.500000E+03  7.797665E-05
  5.000000E+03  6.807162E-05
  5.500000E+03  6.032688E-05
  6.000000E+03  5.411636E-05
  6.480740E+03  4.920553E-05
  7.000000E+03  4.479806E-05
  8.000000E+03  3.815899E-05
  9.000000E+03  3.320071E-05
  1.000000E+04  2.936289E-05
  1.100000E+04  2.630782E-05
  1.250000E+04  2.274258E-05
  1.400000E+04  2.001858E-05
  1.500000E+04  1.853463E-05
  1.750000E+04  1.562996E-05
  2.000000E+04  1.350680E-05
  2.200000E+04  1.218057E-05
  2.500000E+04  1.061471E-05
  3.000000E+04  8.738892E-06
  3.500000E+04  7.424851E-06
  4.000000E+04  6.453483E-06
  4.500000E+04  5.706421E-06
  5.000000E+04  5.114106E-06
  5.500000E+04  4.633029E-06
  6.000000E+04  4.234573E-06
  7.000000E+04  3.612926E-06
  8.000000E+04  3.150313E-06
  9.000000E+04  2.792661E-06
  1.000000E+05  2.507898E-06
  1.100000E+05  2.275814E-06
  1.250000E+05  1.998381E-06
  1.400000E+05  1.781222E-06
  1.500000E+05  1.660894E-06
  1.750000E+05  1.420908E-06
  2.000000E+05  1.241517E-06
  2.200000E+05  1.127618E-06
  2.500000E+05  9.912126E-07
  3.000000E+05  8.248945E-07
  3.500000E+05  7.063698E-07
  4.000000E+05  6.176248E-07
  4.500000E+05  5.486898E-07
  5.000000E+05  4.935974E-07
  5.500000E+05  4.485587E-07
  6.000000E+05  4.110515E-07
  7.000000E+05  3.521587E-07
  8.000000E+05  3.080261E-07
  9.000000E+05  2.737229E-07
  1.000000E+06  2.462946E-07
EndElement
Element    Br   35    79.904000
Range      1.000000E+00 1.000000E+06
Npoints    226
Data
  1.000000E+00  2.394484E+03
  1.100000E+00  1.920349E+03
  1.172600E+00  1.653375E+03
  1.250000E+00  1.421893E+03
  1.400000E+00  1.085303E+03
  1.500000E+00  9.191030E+02
  1.556000E+00  8.409924E+02
  1.556000E+00  1.982376E+03
  1.557420E+00  2.584417E+03
  1.558840E+00  3.112281E+03
  1.560260E+00  3.486698E+03
  1.561680E+00  3.703303E+03
  1.563100E+00  3.800210E+03
  1.564520E+00  3.821479E+03
  1.565950E+00  3.800934E+03
  1.567370E+00  3.760311E+03
  1.570230E+00  3.663878E+03
  1.571660E+00  3.618387E+03
  1.573090E+00  3.577606E+03
  1.574530E+00  3.541995E+03
  1.575960E+00  3.511554E+03
  1.577400E+00  3.485982E+03
  1.578830E+00  3.464849E+03
  1.581710E+00  3.433971E+03
  1.584590E+00  3.415189E+03
  1.587480E+00  3.405181E+03
  1.590370E+00  3.401231E+03
  1.596180E+00  3.402460E+03
  1.602000E+00  3.407223E+03
  1.602000E+00  3.957162E+03
  1.603110E+00  4.187665E+03
  1.604210E+00  4.402778E+03
  1.605320E+00  4.577789E+03
  1.606430E+00  4.703019E+03
  1.607540E+00  4.781672E+03
  1.608650E+00  4.823448E+03
  1.609760E+00  4.839170E+03
  1.610870E+00  4.837964E+03
  1.611980E+00  4.826538E+03
  1.613100E+00  4.809475E+03
  1.615330E+00  4.769108E+03
  1.619790E+00  4.693907E+03
  1.622030E+00  4.663941E+03
  1.624270E+00  4.638927E+03
  1.628760E+00  4.600761E+03
  1.633270E+00  4.573463E+03
  1.637780E+00  4.552322E+03
  1.655970E+00  4.479578E+03
  1.665140E+00  4.436219E+03
  1.674370E+00  4.387193E+03
  1.711770E+00  4.176436E+03
  1.730780E+00  4.069331E+03
  1.750000E+00  3.960222E+03
  1.787000E+00  3.755412E+03
  1.787000E+00  4.219546E+03
  1.788570E+00  4.223925E+03
  1.790150E+00  4.225417E+03
  1.793300E+00  4.223344E+03
  1.799620E+00  4.210193E+03
  1.805970E+00  4.190951E+03
  1.812330E+00  4.166487E+03
  1.825130E+00  4.104566E+03
  1.838020E+00  4.033637E+03
  1.864080E+00  3.893500E+03
  1.890500E+00  3.764765E+03
  1.944480E+00  3.516257E+03
  2.000000E+00  3.280764E+03
  2.200000E+00  2.596031E+03
  2.345210E+00  2.214876E+03
  2.500000E+00  1.887767E+03
  2.738610E+00  1.499039E+03
  3.000000E+00  1.187026E+03
  3.240370E+00  9.725233E+02
  3.500000E+00  7.955309E+02
  4.000000E+00  5.597883E+02
  4.500000E+00  4.092070E+02
  5.000000E+00  3.084651E+02
  5.500000E+00  2.384739E+02
  6.000000E+00  1.882967E+02
  7.000000E+00  1.235344E+02
  8.000000E+00  8.550484E+01
  9.000000E+00  6.168557E+01
  1.000000E+01  4.599253E+01
  1.100000E+01  3.522452E+01
  1.250000E+01  2.459036E+01
  1.348100E+01  1.986582E+01
  1.348100E+01  1.245556E+02
  1.348900E+01  1.346616E+02
  1.349690E+01  1.402380E+02
  1.350490E+01  1.437622E+02
  1.351290E+01  1.454384E+02
  1.352080E+01  1.457428E+02
  1.352880E+01  1.452710E+02
  1.354480E+01  1.438127E+02
  1.355280E+01  1.432648E+02
  1.356080E+01  1.429490E+02
  1.357680E+01  1.428088E+02
  1.359290E+01  1.428615E+02
  1.360890E+01  1.427523E+02
  1.362500E+01  1.423935E+02
  1.364110E+01  1.418222E+02
  1.367330E+01  1.407234E+02
  1.373800E+01  1.391279E+02
  1.400000E+01  1.323154E+02
  1.500000E+01  1.107574E+02
  1.620190E+01  9.048737E+01
  1.750000E+01  7.383257E+01
  1.870830E+01  6.178905E+01
  2.000000E+01  5.165517E+01
  2.200000E+01  3.990678E+01
  2.500000E+01  2.811852E+01
  3.000000E+01  1.693795E+01
  3.240370E+01  1.363709E+01
  3.500000E+01  1.096510E+01
  4.000000E+01  7.491439E+00
  4.500000E+01  5.337317E+00
  5.000000E+01  3.932276E+00
  5.500000E+01  2.977811E+00
  6.000000E+01  2.307314E+00
  7.000000E+01  1.464302E+00
  8.000000E+01  9.851322E-01
  9.000000E+01  6.933744E-01
  1.000000E+02  5.059355E-01
  1.100000E+02  3.802057E-01
  1.250000E+02  2.590431E-01
  1.400000E+02  1.843286E-01
  1.500000E+02  1.498624E-01
  1.620190E+02  1.188495E-01
  1.750000E+02  9.446977E-02
  2.000000E+02  6.347637E-02
  2.200000E+02  4.787830E-02
  2.345210E+02  3.966146E-02
  2.500000E+02  3.290464E-02
  2.738610E+02  2.521749E-02
  2.866330E+02  2.212103E-02
  3.000000E+02  1.943554E-02
  3.240370E+02  1.561556E-02
  3.500000E+02  1.257924E-02
  3.741660E+02  1.045155E-02
  4.000000E+02  8.710413E-03
  4.242640E+02  7.429970E-03
  4.500000E+02  6.352076E-03
  4.743420E+02  5.530566E-03
  5.000000E+02  4.825197E-03
  5.244040E+02  4.271391E-03
  5.500000E+02  3.787767E-03
  5.744560E+02  3.399068E-03
  6.000000E+02  3.054482E-03
  6.235740E+02  2.781019E-03
  6.480740E+02  2.535119E-03
  6.735370E+02  2.314685E-03
  7.000000E+02  2.116484E-03
  7.483310E+02  1.816108E-03
  8.000000E+02  1.564005E-03
  8.485280E+02  1.374720E-03
  9.000000E+02  1.212010E-03
  9.486830E+02  1.085190E-03
  1.000000E+03  9.738271E-04
  1.048810E+03  8.845321E-04
  1.100000E+03  8.048313E-04
  1.172600E+03  7.108137E-04
  1.250000E+03  6.298113E-04
  1.322880E+03  5.669792E-04
  1.400000E+03  5.115533E-04
  1.500000E+03  4.525544E-04
  1.620190E+03  3.958956E-04
  1.750000E+03  3.477126E-04
  1.870830E+03  3.114376E-04
  2.000000E+03  2.796590E-04
  2.097620E+03  2.594290E-04
  2.200000E+03  2.409798E-04
  2.345210E+03  2.185890E-04
  2.500000E+03  1.986129E-04
  2.738610E+03  1.736626E-04
  3.000000E+03  1.524196E-04
  3.240370E+03  1.367576E-04
  3.500000E+03  1.229360E-04
  3.741660E+03  1.122489E-04
  4.000000E+03  1.026313E-04
  4.500000E+03  8.786911E-05
  5.000000E+03  7.668839E-05
  5.500000E+03  6.794881E-05
  6.000000E+03  6.094199E-05
  6.480740E+03  5.540266E-05
  7.000000E+03  5.043204E-05
  8.000000E+03  4.294657E-05
  9.000000E+03  3.735794E-05
  1.000000E+04  3.303337E-05
  1.100000E+04  2.959157E-05
  1.250000E+04  2.557616E-05
  1.400000E+04  2.250902E-05
  1.500000E+04  2.083850E-05
  1.750000E+04  1.756922E-05
  2.000000E+04  1.518031E-05
  2.200000E+04  1.368834E-05
  2.500000E+04  1.192709E-05
  3.000000E+04  9.817859E-06
  3.500000E+04  8.340587E-06
  4.000000E+04  7.248727E-06
  4.500000E+04  6.409136E-06
  5.000000E+04  5.743546E-06
  5.500000E+04  5.203005E-06
  6.000000E+04  4.755339E-06
  7.000000E+04  4.056979E-06
  8.000000E+04  3.537329E-06
  9.000000E+04  3.135615E-06
  1.000000E+05  2.815794E-06
  1.100000E+05  2.555144E-06
  1.250000E+05  2.243599E-06
  1.400000E+05  1.999740E-06
  1.500000E+05  1.864622E-06
  1.750000E+05  1.595162E-06
  2.000000E+05  1.393735E-06
  2.200000E+05  1.265852E-06
  2.500000E+05  1.112706E-06
  3.000000E+05  9.259916E-07
  3.500000E+05  7.929232E-07
  4.000000E+05  6.932998E-07
  4.500000E+05  6.159128E-07
  5.000000E+05  5.540665E-07
  5.500000E+05  5.035079E-07
  6.000000E+05  4.614040E-07
  7.000000E+05  3.952934E-07
  8.000000E+05  3.457538E-07
  9.000000E+05  3.072480E-07
  1.000000E+06  2.764597E-07
EndElement
Element    Kr   36    83.800000
Range      1.000000E+00 1.000000E+06
Npoints    222
Data
  1.000000E+00  2.624698E+03
  1.100000E+00  2.105119E+03
  1.172600E+00  1.813074E+03
  1.250000E+00  1.559612E+03
  1.400000E+00  1.190810E+03
  1.500000E+00  1.008723E+03
  1.678400E+00  7.677870E+02
  1.678400E+00  1.842674E+03
  1.680020E+00  2.540115E+03
  1.681630E+00  3.126928E+03
  1.683250E+00  3.481078E+03
  1.684870E+00  3.624926E+03
  1.686500E+00  3.638113E+03
  1.688120E+00  3.587658E+03
  1.689750E+00  3.513452E+03
  1.691370E+00  3.435638E+03
  1.693000E+00  3.362819E+03
  1.694630E+00  3.298674E+03
  1.696260E+00  3.243792E+03
  1.697900E+00  3.197757E+03
  1.699530E+00  3.159684E+03
  1.701170E+00  3.128574E+03
  1.702810E+00  3.103443E+03
  1.704450E+00  3.083408E+03
  1.706090E+00  3.067641E+03
  1.707730E+00  3.055453E+03
  1.711020E+00  3.039413E+03
  1.714320E+00  3.031221E+03
  1.717620E+00  3.027865E+03
  1.730900E+00  3.025019E+03
  1.730900E+00  3.545072E+03
  1.732090E+00  3.795788E+03
  1.733280E+00  4.029811E+03
  1.734470E+00  4.210720E+03
  1.735660E+00  4.326211E+03
  1.736850E+00  4.384377E+03
  1.738040E+00  4.401560E+03
  1.739230E+00  4.393310E+03
  1.740420E+00  4.371090E+03
  1.745210E+00  4.251459E+03
  1.747600E+00  4.199703E+03
  1.750000E+00  4.157110E+03
  1.752600E+00  4.120172E+03
  1.755210E+00  4.091096E+03
  1.757820E+00  4.068222E+03
  1.760430E+00  4.050048E+03
  1.765670E+00  4.023135E+03
  1.770930E+00  4.003135E+03
  1.781490E+00  3.967944E+03
  1.792110E+00  3.927183E+03
  1.802790E+00  3.878884E+03
  1.813540E+00  3.827085E+03
  1.835220E+00  3.725219E+03
  1.879380E+00  3.520811E+03
  1.924600E+00  3.315634E+03
  1.924600E+00  3.710508E+03
  1.925760E+00  3.716387E+03
  1.926910E+00  3.720504E+03
  1.929230E+00  3.724895E+03
  1.933870E+00  3.724572E+03
  1.943180E+00  3.708575E+03
  1.952540E+00  3.680469E+03
  1.961940E+00  3.643618E+03
  2.000000E+00  3.472332E+03
  2.097620E+00  3.092721E+03
  2.200000E+00  2.749488E+03
  2.500000E+00  2.001744E+03
  2.738610E+00  1.591872E+03
  3.000000E+00  1.262292E+03
  3.240370E+00  1.035320E+03
  3.500000E+00  8.476990E+02
  4.000000E+00  5.972922E+02
  4.500000E+00  4.370975E+02
  5.000000E+00  3.297690E+02
  5.500000E+00  2.551138E+02
  6.000000E+00  2.015484E+02
  7.000000E+00  1.323585E+02
  8.000000E+00  9.168314E+01
  9.000000E+00  6.618304E+01
  1.000000E+01  4.937243E+01
  1.100000E+01  3.783105E+01
  1.250000E+01  2.642556E+01
  1.400000E+01  1.919662E+01
  1.432700E+01  1.798443E+01
  1.432700E+01  1.075189E+02
  1.433730E+01  1.209538E+02
  1.434760E+01  1.270521E+02
  1.435790E+01  1.298612E+02
  1.436820E+01  1.304232E+02
  1.437850E+01  1.298511E+02
  1.438880E+01  1.289795E+02
  1.439910E+01  1.282572E+02
  1.440940E+01  1.278296E+02
  1.441980E+01  1.276665E+02
  1.443010E+01  1.276687E+02
  1.445080E+01  1.277412E+02
  1.447160E+01  1.274984E+02
  1.449240E+01  1.269400E+02
  1.465960E+01  1.230443E+02
  1.474400E+01  1.210673E+02
  1.482880E+01  1.193002E+02
  1.500000E+01  1.158608E+02
  1.620190E+01  9.488896E+01
  1.750000E+01  7.751315E+01
  2.000000E+01  5.434177E+01
  2.200000E+01  4.204561E+01
  2.500000E+01  2.968477E+01
  3.000000E+01  1.792952E+01
  3.240370E+01  1.445069E+01
  3.500000E+01  1.163150E+01
  4.000000E+01  7.960292E+00
  4.500000E+01  5.679461E+00
  5.000000E+01  4.189470E+00
  5.500000E+01  3.175939E+00
  6.000000E+01  2.463149E+00
  7.000000E+01  1.565706E+00
  8.000000E+01  1.054759E+00
  9.000000E+01  7.432170E-01
  1.000000E+02  5.428284E-01
  1.100000E+02  4.082767E-01
  1.250000E+02  2.784744E-01
  1.400000E+02  1.983419E-01
  1.500000E+02  1.613452E-01
  1.620190E+02  1.280345E-01
  1.750000E+02  1.018295E-01
  2.000000E+02  6.848870E-02
  2.200000E+02  5.169354E-02
  2.345210E+02  4.284070E-02
  2.500000E+02  3.555722E-02
  2.738610E+02  2.726657E-02
  2.866330E+02  2.392529E-02
  3.000000E+02  2.102640E-02
  3.240370E+02  1.690138E-02
  3.500000E+02  1.362089E-02
  3.741660E+02  1.132105E-02
  4.000000E+02  9.438232E-03
  4.242640E+02  8.053068E-03
  4.500000E+02  6.886598E-03
  4.743420E+02  5.997298E-03
  5.000000E+02  5.233499E-03
  5.244040E+02  4.633663E-03
  5.500000E+02  4.109709E-03
  5.744560E+02  3.688497E-03
  6.000000E+02  3.315016E-03
  6.235740E+02  3.018551E-03
  6.480740E+02  2.751931E-03
  6.735370E+02  2.512871E-03
  7.000000E+02  2.297892E-03
  7.483310E+02  1.972014E-03
  8.000000E+02  1.698431E-03
  8.485280E+02  1.492966E-03
  9.000000E+02  1.316312E-03
  9.486830E+02  1.178600E-03
  1.000000E+03  1.057655E-03
  1.048810E+03  9.606608E-04
  1.100000E+03  8.740799E-04
  1.172600E+03  7.719335E-04
  1.250000E+03  6.839233E-04
  1.322880E+03  6.156489E-04
  1.400000E+03  5.554189E-04
  1.500000E+03  4.913039E-04
  1.620190E+03  4.297300E-04
  1.750000E+03  3.773676E-04
  1.870830E+03  3.379449E-04
  2.000000E+03  3.034146E-04
  2.097620E+03  2.814395E-04
  2.200000E+03  2.614026E-04
  2.345210E+03  2.370841E-04
  2.500000E+03  2.153878E-04
  2.738610E+03  1.882932E-04
  3.000000E+03  1.652266E-04
  3.240370E+03  1.482223E-04
  3.500000E+03  1.332179E-04
  3.741660E+03  1.216178E-04
  4.000000E+03  1.111811E-04
  4.500000E+03  9.516204E-05
  5.000000E+03  8.303368E-05
  5.500000E+03  7.355563E-05
  6.000000E+03  6.595789E-05
  6.480740E+03  5.995271E-05
  7.000000E+03  5.456512E-05
  8.000000E+03  4.645385E-05
  9.000000E+03  4.039980E-05
  1.000000E+04  3.571633E-05
  1.100000E+04  3.198993E-05
  1.250000E+04  2.764342E-05
  1.400000E+04  2.432427E-05
  1.500000E+04  2.251677E-05
  1.750000E+04  1.898045E-05
  2.000000E+04  1.639704E-05
  2.200000E+04  1.478400E-05
  2.500000E+04  1.288012E-05
  3.000000E+04  1.060062E-05
  3.500000E+04  9.004466E-06
  4.000000E+04  7.824974E-06
  4.500000E+04  6.918160E-06
  5.000000E+04  6.199341E-06
  5.500000E+04  5.615625E-06
  6.000000E+04  5.132244E-06
  7.000000E+04  4.378240E-06
  8.000000E+04  3.817254E-06
  9.000000E+04  3.383617E-06
  1.000000E+05  3.038400E-06
  1.100000E+05  2.757077E-06
  1.250000E+05  2.420829E-06
  1.400000E+05  2.157658E-06
  1.500000E+05  2.011841E-06
  1.750000E+05  1.721053E-06
  2.000000E+05  1.503695E-06
  2.200000E+05  1.365711E-06
  2.500000E+05  1.200461E-06
  3.000000E+05  9.989998E-07
  3.500000E+05  8.554314E-07
  4.000000E+05  7.479456E-07
  4.500000E+05  6.644527E-07
  5.000000E+05  5.977284E-07
  5.500000E+05  5.431820E-07
  6.000000E+05  4.977580E-07
  7.000000E+05  4.264366E-07
  8.000000E+05  3.729911E-07
  9.000000E+05  3.314506E-07
  1.000000E+06  2.982361E-07
EndElement
Element    Rb   37    85.467800
Range      1.000000E+00 1.000000E+06
Npoints    230
Data
  1.000000E+00  2.904061E+03
  1.100000E+00  2.332976E+03
  1.172600E+00  2.010786E+03
  1.250000E+00  1.731049E+03
  1.400000E+00  1.323587E+03
  1.500000E+00  1.122126E+03
  1.620190E+00  9.317049E+02
  1.750000E+00  7.724350E+02
  1.807000E+00  7.141427E+02
  1.807000E+00  6.156017E+03
  1.807920E+00  5.333272E+03
  1.808850E+00  4.671672E+03
  1.809770E+00  4.198076E+03
  1.810690E+00  3.859808E+03
  1.811620E+00  3.613455E+03
  1.812540E+00  3.430109E+03
  1.813470E+00  3.291019E+03
  1.814390E+00  3.183897E+03
  1.815320E+00  3.100429E+03
  1.816250E+00  3.034879E+03
  1.817170E+00  2.983126E+03
  1.818100E+00  2.942195E+03
  1.819030E+00  2.909839E+03
  1.819960E+00  2.884346E+03
  1.820890E+00  2.864392E+03
  1.821820E+00  2.848947E+03
  1.822750E+00  2.837145E+03
  1.823680E+00  2.828309E+03
  1.825540E+00  2.817401E+03
  1.827400E+00  2.812765E+03
  1.829270E+00  2.811976E+03
  1.836760E+00  2.819170E+03
  1.840510E+00  2.819163E+03
  1.844270E+00  2.814329E+03
  1.848040E+00  2.804993E+03
  1.851820E+00  2.792254E+03
  1.867000E+00  2.730847E+03
  1.867000E+00  5.355792E+03
  1.868000E+00  4.901333E+03
  1.869010E+00  4.561514E+03
  1.870010E+00  4.328563E+03
  1.871020E+00  4.166573E+03
  1.872030E+00  4.050552E+03
  1.873030E+00  3.965097E+03
  1.874040E+00  3.900710E+03
  1.875050E+00  3.851317E+03
  1.876060E+00  3.812909E+03
  1.877060E+00  3.782744E+03
  1.878070E+00  3.758893E+03
  1.879080E+00  3.739939E+03
  1.881110E+00  3.712826E+03
  1.883130E+00  3.695605E+03
  1.885150E+00  3.684705E+03
  1.887180E+00  3.677758E+03
  1.891250E+00  3.669781E+03
  1.899400E+00  3.656154E+03
  1.907580E+00  3.631648E+03
  1.915810E+00  3.597608E+03
  1.932360E+00  3.522835E+03
  1.965890E+00  3.389784E+03
  2.000000E+00  3.256923E+03
  2.068000E+00  2.996682E+03
  2.068000E+00  3.364791E+03
  2.070000E+00  3.381772E+03
  2.072000E+00  3.393215E+03
  2.074010E+00  3.400001E+03
  2.076010E+00  3.402953E+03
  2.080030E+00  3.400275E+03
  2.084060E+00  3.389939E+03
  2.092130E+00  3.358344E+03
  2.100240E+00  3.322938E+03
  2.116550E+00  3.257134E+03
  2.132980E+00  3.198193E+03
  2.166230E+00  3.081686E+03
  2.200000E+00  2.965954E+03
  2.500000E+00  2.163235E+03
  2.738610E+00  1.722812E+03
  3.000000E+00  1.368464E+03
  3.240370E+00  1.123901E+03
  3.500000E+00  9.214035E+02
  4.000000E+00  6.505376E+02
  4.500000E+00  4.767802E+02
  5.000000E+00  3.601533E+02
  5.500000E+00  2.788935E+02
  6.000000E+00  2.205131E+02
  7.000000E+00  1.450100E+02
  8.000000E+00  1.005576E+02
  9.000000E+00  7.265297E+01
  1.000000E+01  5.423878E+01
  1.100000E+01  4.158675E+01
  1.250000E+01  2.907281E+01
  1.400000E+01  2.113412E+01
  1.500000E+01  1.739279E+01
  1.520300E+01  1.674208E+01
  1.520300E+01  1.003927E+02
  1.521140E+01  1.169243E+02
  1.521970E+01  1.208102E+02
  1.522810E+01  1.203959E+02
  1.523650E+01  1.191952E+02
  1.524480E+01  1.183539E+02
  1.525320E+01  1.180347E+02
  1.526160E+01  1.180643E+02
  1.527000E+01  1.182250E+02
  1.528680E+01  1.182863E+02
  1.530360E+01  1.180192E+02
  1.533730E+01  1.172287E+02
  1.540490E+01  1.159040E+02
  1.547280E+01  1.148027E+02
  1.574730E+01  1.095407E+02
  1.631110E+01  1.000270E+02
  1.750000E+01  8.331159E+01
  1.870830E+01  6.987780E+01
  2.000000E+01  5.854564E+01
  2.200000E+01  4.536641E+01
  2.500000E+01  3.209439E+01
  3.000000E+01  1.943862E+01
  3.240370E+01  1.568432E+01
  3.500000E+01  1.263780E+01
  4.000000E+01  8.664158E+00
  4.500000E+01  6.190690E+00
  5.000000E+01  4.572294E+00
  5.500000E+01  3.469905E+00
  6.000000E+01  2.693700E+00
  7.000000E+01  1.715040E+00
  8.000000E+01  1.156905E+00
  9.000000E+01  8.161208E-01
  1.000000E+02  5.966604E-01
  1.100000E+02  4.491497E-01
  1.250000E+02  3.066918E-01
  1.400000E+02  2.186459E-01
  1.500000E+02  1.779611E-01
  1.620190E+02  1.413066E-01
  1.750000E+02  1.124514E-01
  2.000000E+02  7.570745E-02
  2.200000E+02  5.718046E-02
  2.345210E+02  4.740886E-02
  2.500000E+02  3.936533E-02
  2.738610E+02  3.020477E-02
  2.866330E+02  2.651093E-02
  3.000000E+02  2.330509E-02
  3.240370E+02  1.874148E-02
  3.500000E+02  1.511042E-02
  3.741660E+02  1.256368E-02
  4.000000E+02  1.047775E-02
  4.242640E+02  8.942549E-03
  4.500000E+02  7.649239E-03
  4.743420E+02  6.662983E-03
  5.000000E+02  5.815641E-03
  5.244040E+02  5.150018E-03
  5.500000E+02  4.568433E-03
  5.744560E+02  4.100791E-03
  6.000000E+02  3.686051E-03
  6.235740E+02  3.356780E-03
  6.480740E+02  3.060597E-03
  6.735370E+02  2.794981E-03
  7.000000E+02  2.556076E-03
  7.483310E+02  2.193864E-03
  8.000000E+02  1.889685E-03
  8.485280E+02  1.661194E-03
  9.000000E+02  1.464707E-03
  9.486830E+02  1.311503E-03
  1.000000E+03  1.176923E-03
  1.048810E+03  1.068984E-03
  1.100000E+03  9.726145E-04
  1.172600E+03  8.589187E-04
  1.250000E+03  7.609358E-04
  1.322880E+03  6.849253E-04
  1.400000E+03  6.178642E-04
  1.500000E+03  5.464746E-04
  1.620190E+03  4.779154E-04
  1.750000E+03  4.196118E-04
  1.870830E+03  3.757160E-04
  2.000000E+03  3.372732E-04
  2.097620E+03  3.128169E-04
  2.200000E+03  2.905217E-04
  2.345210E+03  2.634619E-04
  2.500000E+03  2.393192E-04
  2.738610E+03  2.091724E-04
  3.000000E+03  1.835120E-04
  3.240370E+03  1.645967E-04
  3.500000E+03  1.479081E-04
  3.741660E+03  1.350081E-04
  4.000000E+03  1.234032E-04
  4.500000E+03  1.055949E-04
  5.000000E+03  9.211428E-05
  5.500000E+03  8.158178E-05
  6.000000E+03  7.314127E-05
  6.480740E+03  6.647136E-05
  7.000000E+03  6.048831E-05
  8.000000E+03  5.148277E-05
  9.000000E+03  4.476334E-05
  1.000000E+04  3.956656E-05
  1.100000E+04  3.543262E-05
  1.250000E+04  3.061210E-05
  1.400000E+04  2.693193E-05
  1.500000E+04  2.492830E-05
  1.750000E+04  2.100898E-05
  2.000000E+04  1.814658E-05
  2.200000E+04  1.635969E-05
  2.500000E+04  1.425108E-05
  3.000000E+04  1.172702E-05
  3.500000E+04  9.960075E-06
  4.000000E+04  8.654646E-06
  4.500000E+04  7.651070E-06
  5.000000E+04  6.855715E-06
  5.500000E+04  6.209891E-06
  6.000000E+04  5.675113E-06
  7.000000E+04  4.841040E-06
  8.000000E+04  4.220539E-06
  9.000000E+04  3.740940E-06
  1.000000E+05  3.359161E-06
  1.100000E+05  3.048055E-06
  1.250000E+05  2.676233E-06
  1.400000E+05  2.385236E-06
  1.500000E+05  2.224008E-06
  1.750000E+05  1.902501E-06
  2.000000E+05  1.662195E-06
  2.200000E+05  1.509640E-06
  2.500000E+05  1.326955E-06
  3.000000E+05  1.104243E-06
  3.500000E+05  9.455364E-07
  4.000000E+05  8.267181E-07
  4.500000E+05  7.344284E-07
  5.000000E+05  6.606706E-07
  5.500000E+05  6.003772E-07
  6.000000E+05  5.501681E-07
  7.000000E+05  4.713329E-07
  8.000000E+05  4.122592E-07
  9.000000E+05  3.663433E-07
  1.000000E+06  3.296310E-07
EndElement
Element    Sr   38    87.620000
Range      1.000000E+00 1.000000E+06
Npoints    193
Data
  1.000000E+00  3.188525E+03
  1.100000E+00  2.564750E+03
  1.172600E+00  2.212528E+03
  1.250000E+00  1.906356E+03
  1.400000E+00  1.459513E+03
  1.500000E+00  1.238237E+03
  1.620190E+00  1.028974E+03
  1.750000E+00  8.537735E+02
  1.943000E+00  6.610499E+02
  1.943000E+00  2.845568E+03
  1.944760E+00  2.745985E+03
  1.946510E+00  2.700389E+03
  1.948270E+00  2.681097E+03
  1.950040E+00  2.672519E+03
  1.953560E+00  2.659893E+03
  1.957100E+00  2.639487E+03
  1.964180E+00  2.585232E+03
  1.967730E+00  2.561939E+03
  1.971290E+00  2.544440E+03
  2.000000E+00  2.488350E+03
  2.010000E+00  2.459710E+03
  2.010000E+00  3.483247E+03
  2.011420E+00  3.445273E+03
  2.012840E+00  3.423094E+03
  2.014260E+00  3.410420E+03
  2.015680E+00  3.402654E+03
  2.021380E+00  3.380241E+03
  2.032820E+00  3.316920E+03
  2.038570E+00  3.291146E+03
  2.044330E+00  3.271998E+03
  2.055900E+00  3.240107E+03
  2.067540E+00  3.202450E+03
  2.079250E+00  3.159782E+03
  2.102860E+00  3.078247E+03
  2.150880E+00  2.918065E+03
  2.200000E+00  2.760274E+03
  2.219000E+00  2.701028E+03
  2.219000E+00  3.116179E+03
  2.221070E+00  3.109210E+03
  2.223140E+00  3.102255E+03
  2.227280E+00  3.088364E+03
  2.235600E+00  3.060687E+03
  2.252320E+00  3.005778E+03
  2.286140E+00  2.898222E+03
  2.355310E+00  2.693173E+03
  2.500000E+00  2.321809E+03
  2.738610E+00  1.850554E+03
  3.000000E+00  1.472201E+03
  3.240370E+00  1.210724E+03
  3.500000E+00  9.938525E+02
  3.741660E+00  8.363641E+02
  4.000000E+00  7.030001E+02
  4.500000E+00  5.160133E+02
  5.000000E+00  3.902543E+02
  5.500000E+00  3.024995E+02
  6.000000E+00  2.393736E+02
  7.000000E+00  1.576176E+02
  8.000000E+00  1.094171E+02
  9.000000E+00  7.912290E+01
  1.000000E+01  5.911073E+01
  1.100000E+01  4.535066E+01
  1.250000E+01  3.172985E+01
  1.400000E+01  2.308125E+01
  1.500000E+01  1.900280E+01
  1.610800E+01  1.552567E+01
  1.610800E+01  1.111450E+02
  1.611840E+01  1.109244E+02
  1.612890E+01  1.107044E+02
  1.614980E+01  1.102639E+02
  1.619170E+01  1.093848E+02
  1.627580E+01  1.076514E+02
  1.644530E+01  1.043895E+02
  1.678960E+01  9.878799E+01
  1.750000E+01  8.875681E+01
  1.870830E+01  7.457709E+01
  2.000000E+01  6.254689E+01
  2.200000E+01  4.853837E+01
  2.500000E+01  3.440627E+01
  3.000000E+01  2.089611E+01
  3.240370E+01  1.687911E+01
  3.500000E+01  1.361470E+01
  4.000000E+01  9.350264E+00
  4.500000E+01  6.690652E+00
  5.000000E+01  4.947695E+00
  5.500000E+01  3.758848E+00
  6.000000E+01  2.920766E+00
  7.000000E+01  1.862602E+00
  8.000000E+01  1.258113E+00
  9.000000E+01  8.885166E-01
  1.000000E+02  6.502194E-01
  1.100000E+02  4.898821E-01
  1.250000E+02  3.348721E-01
  1.400000E+02  2.389591E-01
  1.500000E+02  1.946020E-01
  1.620190E+02  1.546141E-01
  1.750000E+02  1.231130E-01
  2.000000E+02  8.296629E-02
  2.200000E+02  6.270532E-02
  2.345210E+02  5.201227E-02
  2.500000E+02  4.320587E-02
  2.738610E+02  3.317119E-02
  2.866330E+02  2.912277E-02
  3.000000E+02  2.560798E-02
  3.240370E+02  2.060277E-02
  3.500000E+02  1.661828E-02
  3.741660E+02  1.382233E-02
  4.000000E+02  1.153135E-02
  4.242640E+02  9.844572E-03
  4.500000E+02  8.423162E-03
  4.743420E+02  7.338737E-03
  5.000000E+02  6.406824E-03
  5.244040E+02  5.674558E-03
  5.500000E+02  5.034591E-03
  5.744560E+02  4.519884E-03
  6.000000E+02  4.063295E-03
  6.235740E+02  3.700730E-03
  6.480740E+02  3.374543E-03
  6.735370E+02  3.081966E-03
  7.000000E+02  2.818750E-03
  7.483310E+02  2.419620E-03
  8.000000E+02  2.084347E-03
  8.485280E+02  1.832450E-03
  9.000000E+02  1.615772E-03
  9.486830E+02  1.446805E-03
  1.000000E+03  1.298355E-03
  1.048810E+03  1.179273E-03
  1.100000E+03  1.072947E-03
  1.172600E+03  9.474802E-04
  1.250000E+03  8.393470E-04
  1.322880E+03  7.554481E-04
  1.400000E+03  6.814222E-04
  1.500000E+03  6.026168E-04
  1.620190E+03  5.269346E-04
  1.750000E+03  4.625715E-04
  1.870830E+03  4.141132E-04
  2.000000E+03  3.716827E-04
  2.097620E+03  3.446992E-04
  2.200000E+03  3.201061E-04
  2.345210E+03  2.902552E-04
  2.500000E+03  2.636216E-04
  2.738610E+03  2.303678E-04
  3.000000E+03  2.020668E-04
  3.240370E+03  1.812086E-04
  3.500000E+03  1.628067E-04
  3.741660E+03  1.485844E-04
  4.000000E+03  1.357910E-04
  4.500000E+03  1.161637E-04
  5.000000E+03  1.013097E-04
  5.500000E+03  8.970666E-05
  6.000000E+03  8.041022E-05
  6.480740E+03  7.306502E-05
  7.000000E+03  6.647799E-05
  8.000000E+03  5.656551E-05
  9.000000E+03  4.917165E-05
  1.000000E+04  4.345488E-05
  1.100000E+04  3.890831E-05
  1.250000E+04  3.360804E-05
  1.400000E+04  2.956265E-05
  1.500000E+04  2.736060E-05
  1.750000E+04  2.305417E-05
  2.000000E+04  1.990997E-05
  2.200000E+04  1.794759E-05
  2.500000E+04  1.563227E-05
  3.000000E+04  1.286142E-05
  3.500000E+04  1.092226E-05
  4.000000E+04  9.489786E-06
  4.500000E+04  8.388797E-06
  5.000000E+04  7.516267E-06
  5.500000E+04  6.807885E-06
  6.000000E+04  6.221349E-06
  7.000000E+04  5.306632E-06
  8.000000E+04  4.626223E-06
  9.000000E+04  4.100355E-06
  1.000000E+05  3.681781E-06
  1.100000E+05  3.340707E-06
  1.250000E+05  2.933089E-06
  1.400000E+05  2.614099E-06
  1.500000E+05  2.437366E-06
  1.750000E+05  2.084952E-06
  2.000000E+05  1.821564E-06
  2.200000E+05  1.654357E-06
  2.500000E+05  1.454139E-06
  3.000000E+05  1.210050E-06
  3.500000E+05  1.036122E-06
  4.000000E+05  9.059122E-07
  4.500000E+05  8.047689E-07
  5.000000E+05  7.239490E-07
  5.500000E+05  6.578752E-07
  6.000000E+05  6.028546E-07
  7.000000E+05  5.164663E-07
  8.000000E+05  4.517327E-07
  9.000000E+05  4.014195E-07
  1.000000E+06  3.611903E-07
EndElement
Element    Y    39    88.905900
Range      1.000000E+00 1.000000E+06
Npoints    205
Data
  1.000000E+00  3.537776E+03
  1.100000E+00  2.847667E+03
  1.172600E+00  2.457710E+03
  1.250000E+00  2.118352E+03
  1.400000E+00  1.622815E+03
  1.500000E+00  1.377380E+03
  1.620190E+00  1.144978E+03
  1.750000E+00  9.504055E+02
  2.000000E+00  6.858621E+02
  2.083000E+00  6.204866E+02
  2.083000E+00  2.181056E+03
  2.084150E+00  2.255884E+03
  2.085300E+00  2.307221E+03
  2.086460E+00  2.346271E+03
  2.087610E+00  2.377165E+03
  2.088760E+00  2.401537E+03
  2.089920E+00  2.420151E+03
  2.091070E+00  2.433549E+03
  2.092230E+00  2.442239E+03
  2.093390E+00  2.446771E+03
  2.094540E+00  2.447733E+03
  2.096860E+00  2.441352E+03
  2.099180E+00  2.427703E+03
  2.101500E+00  2.410525E+03
  2.106150E+00  2.375912E+03
  2.108480E+00  2.361241E+03
  2.110810E+00  2.349068E+03
  2.115490E+00  2.331911E+03
  2.120170E+00  2.321981E+03
  2.129560E+00  2.309971E+03
  2.139000E+00  2.293633E+03
  2.148480E+00  2.269980E+03
  2.158000E+00  2.244253E+03
  2.158000E+00  2.974801E+03
  2.159300E+00  3.014420E+03
  2.160600E+00  3.039936E+03
  2.161900E+00  3.058191E+03
  2.163210E+00  3.071528E+03
  2.164510E+00  3.080869E+03
  2.165810E+00  3.086735E+03
  2.168420E+00  3.089715E+03
  2.171040E+00  3.083910E+03
  2.173660E+00  3.072734E+03
  2.178900E+00  3.044881E+03
  2.184160E+00  3.019405E+03
  2.189420E+00  2.999836E+03
  2.200000E+00  2.971719E+03
  2.285830E+00  2.721190E+03
  2.375000E+00  2.473107E+03
  2.375000E+00  2.873305E+03
  2.376900E+00  2.856202E+03
  2.378810E+00  2.842262E+03
  2.382630E+00  2.821203E+03
  2.386450E+00  2.806396E+03
  2.390280E+00  2.795361E+03
  2.405650E+00  2.760904E+03
  2.421130E+00  2.719585E+03
  2.436700E+00  2.675943E+03
  2.500000E+00  2.514724E+03
  2.616590E+00  2.247376E+03
  2.738610E+00  2.006357E+03
  3.000000E+00  1.597130E+03
  3.240370E+00  1.314894E+03
  3.500000E+00  1.080615E+03
  3.741660E+00  9.102448E+02
  4.000000E+00  7.657433E+02
  4.500000E+00  5.628255E+02
  5.000000E+00  4.261218E+02
  5.500000E+00  3.306004E+02
  6.000000E+00  2.618048E+02
  7.000000E+00  1.725855E+02
  8.000000E+00  1.199194E+02
  9.000000E+00  8.678555E+01
  1.000000E+01  6.487725E+01
  1.100000E+01  4.980190E+01
  1.250000E+01  3.486933E+01
  1.400000E+01  2.538059E+01
  1.500000E+01  2.090337E+01
  1.704100E+01  1.457505E+01
  1.704100E+01  1.074308E+02
  1.705520E+01  9.925171E+01
  1.706930E+01  1.009478E+02
  1.708350E+01  1.014389E+02
  1.709770E+01  1.008753E+02
  1.715460E+01  1.002772E+02
  1.726900E+01  9.878094E+01
  1.750000E+01  9.534808E+01
  2.000000E+01  6.731040E+01
  2.200000E+01  5.231586E+01
  2.500000E+01  3.715408E+01
  3.000000E+01  2.262515E+01
  3.240370E+01  1.829553E+01
  3.500000E+01  1.477264E+01
  4.000000E+01  1.016299E+01
  4.500000E+01  7.282581E+00
  5.000000E+01  5.392019E+00
  5.500000E+01  4.100752E+00
  6.000000E+01  3.189416E+00
  7.000000E+01  2.037123E+00
  8.000000E+01  1.377793E+00
  9.000000E+01  9.741064E-01
  1.000000E+02  7.135391E-01
  1.100000E+02  5.380348E-01
  1.250000E+02  3.681851E-01
  1.400000E+02  2.629720E-01
  1.500000E+02  2.142744E-01
  1.620190E+02  1.703462E-01
  1.750000E+02  1.357174E-01
  2.000000E+02  9.154943E-02
  2.200000E+02  6.923783E-02
  2.345210E+02  5.745554E-02
  2.500000E+02  4.774760E-02
  2.738610E+02  3.667992E-02
  2.866330E+02  3.221211E-02
  3.000000E+02  2.833192E-02
  3.240370E+02  2.280438E-02
  3.500000E+02  1.840201E-02
  3.741660E+02  1.531148E-02
  4.000000E+02  1.277795E-02
  4.242640E+02  1.091188E-02
  4.500000E+02  9.338847E-03
  4.743420E+02  8.138427E-03
  5.000000E+02  7.106535E-03
  5.244040E+02  6.295422E-03
  5.500000E+02  5.586388E-03
  5.744560E+02  5.015975E-03
  6.000000E+02  4.509878E-03
  6.235740E+02  4.107918E-03
  6.480740E+02  3.746221E-03
  6.735370E+02  3.421731E-03
  7.000000E+02  3.129761E-03
  7.483310E+02  2.686916E-03
  8.000000E+02  2.314834E-03
  8.485280E+02  2.035206E-03
  9.000000E+02  1.794642E-03
  9.486830E+02  1.607006E-03
  1.000000E+03  1.442136E-03
  1.048810E+03  1.309861E-03
  1.100000E+03  1.191742E-03
  1.172600E+03  1.052348E-03
  1.250000E+03  9.321845E-04
  1.322880E+03  8.389525E-04
  1.400000E+03  7.566870E-04
  1.500000E+03  6.690974E-04
  1.620190E+03  5.849786E-04
  1.750000E+03  5.134384E-04
  1.870830E+03  4.595760E-04
  2.000000E+03  4.124215E-04
  2.097620E+03  3.824449E-04
  2.200000E+03  3.551303E-04
  2.345210E+03  3.219748E-04
  2.500000E+03  2.923924E-04
  2.738610E+03  2.554586E-04
  3.000000E+03  2.240318E-04
  3.240370E+03  2.008708E-04
  3.500000E+03  1.804402E-04
  3.741660E+03  1.646523E-04
  4.000000E+03  1.504528E-04
  4.500000E+03  1.286709E-04
  5.000000E+03  1.121907E-04
  5.500000E+03  9.932012E-05
  6.000000E+03  8.901068E-05
  6.480740E+03  8.086677E-05
  7.000000E+03  7.356414E-05
  8.000000E+03  6.257829E-05
  9.000000E+03  5.438628E-05
  1.000000E+04  4.805397E-05
  1.100000E+04  4.301921E-05
  1.250000E+04  3.715116E-05
  1.400000E+04  3.267374E-05
  1.500000E+04  3.023700E-05
  1.750000E+04  2.547257E-05
  2.000000E+04  2.199500E-05
  2.200000E+04  1.982501E-05
  2.500000E+04  1.726526E-05
  3.000000E+04  1.420264E-05
  3.500000E+04  1.205974E-05
  4.000000E+04  1.047715E-05
  4.500000E+04  9.260883E-06
  5.000000E+04  8.297133E-06
  5.500000E+04  7.514781E-06
  6.000000E+04  6.867020E-06
  7.000000E+04  5.856980E-06
  8.000000E+04  5.105739E-06
  9.000000E+04  4.525186E-06
  1.000000E+05  4.063104E-06
  1.100000E+05  3.686606E-06
  1.250000E+05  3.236676E-06
  1.400000E+05  2.884597E-06
  1.500000E+05  2.689537E-06
  1.750000E+05  2.300596E-06
  2.000000E+05  2.009920E-06
  2.200000E+05  1.825400E-06
  2.500000E+05  1.604452E-06
  3.000000E+05  1.335106E-06
  3.500000E+05  1.143189E-06
  4.000000E+05  9.995074E-07
  4.500000E+05  8.879122E-07
  5.000000E+05  7.987308E-07
  5.500000E+05  7.258331E-07
  6.000000E+05  6.651233E-07
  7.000000E+05  5.698071E-07
  8.000000E+05  4.983855E-07
  9.000000E+05  4.428737E-07
  1.000000E+06  3.984889E-07
EndElement
Element    Zr   40    91.220000
Range      1.000000E+00 1.000000E+06
Npoints    215
Data
  1.000000E+00  3.860752E+03
  1.100000E+00  3.110209E+03
  1.172600E+00  2.685471E+03
  1.250000E+00  2.315936E+03
  1.400000E+00  1.775442E+03
  1.500000E+00  1.507377E+03
  1.620190E+00  1.253625E+03
  1.750000E+00  1.040922E+03
  2.000000E+00  7.516717E+02
  2.200000E+00  5.942438E+02
  2.227000E+00  5.765351E+02
  2.227000E+00  1.787629E+03
  2.228290E+00  1.910878E+03
  2.229580E+00  1.997592E+03
  2.230870E+00  2.062593E+03
  2.232160E+00  2.112476E+03
  2.233450E+00  2.150621E+03
  2.234740E+00  2.179075E+03
  2.236040E+00  2.199356E+03
  2.237330E+00  2.212751E+03
  2.238630E+00  2.220409E+03
  2.239920E+00  2.223406E+03
  2.241220E+00  2.222719E+03
  2.242510E+00  2.219220E+03
  2.245110E+00  2.206776E+03
  2.247710E+00  2.190687E+03
  2.252920E+00  2.159032E+03
  2.255520E+00  2.146086E+03
  2.258140E+00  2.135602E+03
  2.263370E+00  2.121204E+03
  2.268610E+00  2.112727E+03
  2.279130E+00  2.099682E+03
  2.289710E+00  2.080484E+03
  2.311000E+00  2.030522E+03
  2.311000E+00  2.596334E+03
  2.312420E+00  2.659354E+03
  2.313840E+00  2.701962E+03
  2.315260E+00  2.732594E+03
  2.316680E+00  2.754875E+03
  2.318110E+00  2.770667E+03
  2.319530E+00  2.781150E+03
  2.320960E+00  2.787270E+03
  2.322380E+00  2.789812E+03
  2.325240E+00  2.787006E+03
  2.328090E+00  2.777618E+03
  2.333820E+00  2.752149E+03
  2.339560E+00  2.728554E+03
  2.345320E+00  2.710346E+03
  2.356870E+00  2.683939E+03
  2.368470E+00  2.657803E+03
  2.380140E+00  2.627065E+03
  2.403640E+00  2.563972E+03
  2.500000E+00  2.328288E+03
  2.536000E+00  2.245614E+03
  2.536000E+00  2.620641E+03
  2.537670E+00  2.604256E+03
  2.539330E+00  2.591006E+03
  2.542670E+00  2.571062E+03
  2.546010E+00  2.556954E+03
  2.549350E+00  2.546530E+03
  2.556050E+00  2.531603E+03
  2.562770E+00  2.519363E+03
  2.576260E+00  2.492085E+03
  2.589830E+00  2.459954E+03
  2.644800E+00  2.337306E+03
  2.758260E+00  2.106568E+03
  3.000000E+00  1.708183E+03
  3.240370E+00  1.407334E+03
  3.500000E+00  1.157747E+03
  3.741660E+00  9.761717E+02
  4.000000E+00  8.219608E+02
  4.500000E+00  6.049915E+02
  5.000000E+00  4.585542E+02
  5.500000E+00  3.561005E+02
  6.000000E+00  2.822167E+02
  7.000000E+00  1.862658E+02
  8.000000E+00  1.295454E+02
  9.000000E+00  9.382643E+01
  1.000000E+01  7.018745E+01
  1.100000E+01  5.390813E+01
  1.250000E+01  3.777127E+01
  1.400000E+01  2.750987E+01
  1.500000E+01  2.266529E+01
  1.750000E+01  1.467463E+01
  1.800200E+01  1.354731E+01
  1.800200E+01  1.011214E+02
  1.801680E+01  9.116526E+01
  1.803160E+01  9.260048E+01
  1.804650E+01  9.319200E+01
  1.806130E+01  9.270347E+01
  1.812080E+01  9.218919E+01
  1.818050E+01  9.152901E+01
  1.824040E+01  9.075463E+01
  1.848200E+01  8.769866E+01
  1.897470E+01  8.183958E+01
  1.948060E+01  7.639906E+01
  2.000000E+01  7.139689E+01
  2.097620E+01  6.306519E+01
  2.200000E+01  5.559462E+01
  2.500000E+01  3.955620E+01
  3.000000E+01  2.415154E+01
  3.240370E+01  1.954832E+01
  3.500000E+01  1.580254E+01
  4.000000E+01  1.089022E+01
  4.500000E+01  7.814919E+00
  5.000000E+01  5.793184E+00
  5.500000E+01  4.410502E+00
  6.000000E+01  3.433511E+00
  7.000000E+01  2.196471E+00
  8.000000E+01  1.487479E+00
  9.000000E+01  1.052805E+00
  1.000000E+02  7.719128E-01
  1.100000E+02  5.825348E-01
  1.250000E+02  3.990635E-01
  1.400000E+02  2.852865E-01
  1.500000E+02  2.325812E-01
  1.620190E+02  1.850108E-01
  1.750000E+02  1.474843E-01
  2.000000E+02  9.958186E-02
  2.200000E+02  7.536258E-02
  2.345210E+02  6.256504E-02
  2.500000E+02  5.201547E-02
  2.738610E+02  3.998188E-02
  2.866330E+02  3.512165E-02
  3.000000E+02  3.089915E-02
  3.240370E+02  2.488183E-02
  3.500000E+02  2.008703E-02
  3.741660E+02  1.671946E-02
  4.000000E+02  1.395754E-02
  4.242640E+02  1.192268E-02
  4.500000E+02  1.020668E-02
  4.743420E+02  8.896753E-03
  5.000000E+02  7.770292E-03
  5.244040E+02  6.884663E-03
  5.500000E+02  6.110334E-03
  5.744560E+02  5.487232E-03
  6.000000E+02  4.934254E-03
  6.235740E+02  4.494978E-03
  6.480740E+02  4.099624E-03
  6.735370E+02  3.744865E-03
  7.000000E+02  3.425602E-03
  7.483310E+02  2.941263E-03
  8.000000E+02  2.534211E-03
  8.485280E+02  2.228232E-03
  9.000000E+02  1.964933E-03
  9.486830E+02  1.759539E-03
  1.000000E+03  1.579026E-03
  1.048810E+03  1.434190E-03
  1.100000E+03  1.304841E-03
  1.172600E+03  1.152175E-03
  1.250000E+03  1.020555E-03
  1.322880E+03  9.184260E-04
  1.400000E+03  8.282985E-04
  1.500000E+03  7.323417E-04
  1.620190E+03  6.401783E-04
  1.750000E+03  5.617954E-04
  1.870830E+03  5.027795E-04
  2.000000E+03  4.511212E-04
  2.097620E+03  4.182939E-04
  2.200000E+03  3.883885E-04
  2.345210E+03  3.520866E-04
  2.500000E+03  3.196950E-04
  2.738610E+03  2.792585E-04
  3.000000E+03  2.448559E-04
  3.240370E+03  2.195045E-04
  3.500000E+03  1.971442E-04
  3.741660E+03  1.798667E-04
  4.000000E+03  1.643301E-04
  4.500000E+03  1.405010E-04
  5.000000E+03  1.224762E-04
  5.500000E+03  1.084031E-04
  6.000000E+03  9.713194E-05
  6.480740E+03  8.823011E-05
  7.000000E+03  8.024988E-05
  8.000000E+03  6.824719E-05
  9.000000E+03  5.929954E-05
  1.000000E+04  5.238516E-05
  1.100000E+04  4.688879E-05
  1.250000E+04  4.048454E-05
  1.400000E+04  3.559916E-05
  1.500000E+04  3.294102E-05
  1.750000E+04  2.774476E-05
  2.000000E+04  2.395316E-05
  2.200000E+04  2.158761E-05
  2.500000E+04  1.879783E-05
  3.000000E+04  1.546070E-05
  3.500000E+04  1.312638E-05
  4.000000E+04  1.140272E-05
  4.500000E+04  1.007827E-05
  5.000000E+04  9.028854E-06
  5.500000E+04  8.177093E-06
  6.000000E+04  7.471957E-06
  7.000000E+04  6.372497E-06
  8.000000E+04  5.554847E-06
  9.000000E+04  4.923024E-06
  1.000000E+05  4.420173E-06
  1.100000E+05  4.010480E-06
  1.250000E+05  3.520906E-06
  1.400000E+05  3.137825E-06
  1.500000E+05  2.925597E-06
  1.750000E+05  2.502450E-06
  2.000000E+05  2.186218E-06
  2.200000E+05  1.985484E-06
  2.500000E+05  1.745133E-06
  3.000000E+05  1.452140E-06
  3.500000E+05  1.243379E-06
  4.000000E+05  1.087095E-06
  4.500000E+05  9.657079E-07
  5.000000E+05  8.687080E-07
  5.500000E+05  7.894140E-07
  6.000000E+05  7.233897E-07
  7.000000E+05  6.197174E-07
  8.000000E+05  5.420362E-07
  9.000000E+05  4.816603E-07
  1.000000E+06  4.333868E-07
EndElement
Element    Nb   41    92.906400
Range      1.000000E+00 1.000000E+06
Npoints    214
Data
  1.000000E+00  4.226552E+03
  1.100000E+00  3.407344E+03
  1.172600E+00  2.943840E+03
  1.250000E+00  2.539502E+03
  1.400000E+00  1.948466E+03
  1.500000E+00  1.655048E+03
  1.620190E+00  1.376966E+03
  1.750000E+00  1.143804E+03
  2.000000E+00  8.264803E+02
  2.200000E+00  6.536587E+02
  2.375000E+00  5.405189E+02
  2.375000E+00  1.520923E+03
  2.376440E+00  1.666910E+03
  2.377880E+00  1.771029E+03
  2.379330E+00  1.848987E+03
  2.380770E+00  1.908284E+03
  2.382210E+00  1.953081E+03
  2.383660E+00  1.986068E+03
  2.385100E+00  2.009331E+03
  2.386550E+00  2.024609E+03
  2.388000E+00  2.033438E+03
  2.389450E+00  2.037184E+03
  2.390900E+00  2.037022E+03
  2.392350E+00  2.033976E+03
  2.395250E+00  2.022509E+03
  2.398160E+00  2.007821E+03
  2.403980E+00  1.979689E+03
  2.406900E+00  1.968566E+03
  2.409820E+00  1.959731E+03
  2.415680E+00  1.947701E+03
  2.421540E+00  1.940169E+03
  2.433320E+00  1.925701E+03
  2.439230E+00  1.916199E+03
  2.445160E+00  1.904622E+03
  2.469000E+00  1.855256E+03
  2.469000E+00  2.312051E+03
  2.470930E+00  2.398812E+03
  2.472850E+00  2.454673E+03
  2.474780E+00  2.492411E+03
  2.476710E+00  2.517444E+03
  2.478650E+00  2.532852E+03
  2.480580E+00  2.540883E+03
  2.482510E+00  2.543392E+03
  2.484450E+00  2.541914E+03
  2.488330E+00  2.531854E+03
  2.492210E+00  2.517827E+03
  2.500000E+00  2.490927E+03
  2.506080E+00  2.474579E+03
  2.512170E+00  2.461291E+03
  2.524400E+00  2.436660E+03
  2.536690E+00  2.409008E+03
  2.549040E+00  2.379113E+03
  2.573920E+00  2.321930E+03
  2.599040E+00  2.269095E+03
  2.650020E+00  2.164496E+03
  2.702000E+00  2.059852E+03
  2.702000E+00  2.411737E+03
  2.704210E+00  2.390897E+03
  2.706420E+00  2.375276E+03
  2.708630E+00  2.363161E+03
  2.710850E+00  2.353542E+03
  2.715280E+00  2.339334E+03
  2.719730E+00  2.329254E+03
  2.737570E+00  2.299554E+03
  2.755530E+00  2.264512E+03
  2.773600E+00  2.227345E+03
  2.847100E+00  2.089429E+03
  3.000000E+00  1.835434E+03
  3.240370E+00  1.512730E+03
  3.500000E+00  1.245369E+03
  3.741660E+00  1.050943E+03
  4.000000E+00  8.857512E+02
  4.500000E+00  6.529262E+02
  5.000000E+00  4.954662E+02
  5.500000E+00  3.851383E+02
  6.000000E+00  3.054791E+02
  7.000000E+00  2.018789E+02
  8.000000E+00  1.405370E+02
  9.000000E+00  1.018683E+02
  1.000000E+01  7.625553E+01
  1.100000E+01  5.860261E+01
  1.250000E+01  4.109027E+01
  1.400000E+01  2.994580E+01
  1.500000E+01  2.468136E+01
  1.750000E+01  1.599277E+01
  1.899000E+01  1.269249E+01
  1.899000E+01  9.534421E+01
  1.900540E+01  8.457576E+01
  1.902080E+01  8.568482E+01
  1.903620E+01  8.636153E+01
  1.905160E+01  8.597391E+01
  1.906700E+01  8.570750E+01
  1.908250E+01  8.567704E+01
  1.911340E+01  8.549944E+01
  1.923760E+01  8.418360E+01
  1.948850E+01  8.141710E+01
  2.000000E+01  7.604163E+01
  2.200000E+01  5.932742E+01
  2.500000E+01  4.229857E+01
  3.000000E+01  2.589258E+01
  3.240370E+01  2.098212E+01
  3.500000E+01  1.697777E+01
  4.000000E+01  1.172039E+01
  4.500000E+01  8.422703E+00
  5.000000E+01  6.251368E+00
  5.500000E+01  4.764371E+00
  6.000000E+01  3.712443E+00
  7.000000E+01  2.378634E+00
  8.000000E+01  1.612915E+00
  9.000000E+01  1.142832E+00
  1.000000E+02  8.387052E-01
  1.100000E+02  6.334609E-01
  1.250000E+02  4.344134E-01
  1.400000E+02  3.108397E-01
  1.500000E+02  2.535497E-01
  1.620190E+02  2.018095E-01
  1.750000E+02  1.609668E-01
  2.000000E+02  1.087891E-01
  2.200000E+02  8.238486E-02
  2.345210E+02  6.842405E-02
  2.500000E+02  5.691004E-02
  2.738610E+02  4.376972E-02
  2.866330E+02  3.845971E-02
  3.000000E+02  3.384489E-02
  3.240370E+02  2.726604E-02
  3.500000E+02  2.202124E-02
  3.741660E+02  1.833586E-02
  4.000000E+02  1.531217E-02
  4.242640E+02  1.308341E-02
  4.500000E+02  1.120333E-02
  4.743420E+02  9.767706E-03
  5.000000E+02  8.532831E-03
  5.244040E+02  7.561706E-03
  5.500000E+02  6.712377E-03
  5.744560E+02  6.028759E-03
  6.000000E+02  5.421945E-03
  6.235740E+02  4.939812E-03
  6.480740E+02  4.505807E-03
  6.735370E+02  4.116294E-03
  7.000000E+02  3.765685E-03
  7.483310E+02  3.233680E-03
  8.000000E+02  2.786439E-03
  8.485280E+02  2.450168E-03
  9.000000E+02  2.160743E-03
  9.486830E+02  1.934925E-03
  1.000000E+03  1.736441E-03
  1.048810E+03  1.577161E-03
  1.100000E+03  1.434888E-03
  1.172600E+03  1.266954E-03
  1.250000E+03  1.122161E-03
  1.322880E+03  1.009790E-03
  1.400000E+03  9.106289E-04
  1.500000E+03  8.050445E-04
  1.620190E+03  7.036345E-04
  1.750000E+03  6.173818E-04
  1.870830E+03  5.524392E-04
  2.000000E+03  4.956023E-04
  2.097620E+03  4.594979E-04
  2.200000E+03  4.266130E-04
  2.345210E+03  3.866940E-04
  2.500000E+03  3.510725E-04
  2.738610E+03  3.066083E-04
  3.000000E+03  2.687842E-04
  3.240370E+03  2.409150E-04
  3.500000E+03  2.163355E-04
  3.741660E+03  1.973460E-04
  4.000000E+03  1.802719E-04
  4.500000E+03  1.540894E-04
  5.000000E+03  1.342897E-04
  5.500000E+03  1.188335E-04
  6.000000E+03  1.064575E-04
  6.480740E+03  9.668468E-05
  7.000000E+03  8.792563E-05
  8.000000E+03  7.475496E-05
  9.000000E+03  6.493935E-05
  1.000000E+04  5.735613E-05
  1.100000E+04  5.132974E-05
  1.250000E+04  4.430960E-05
  1.400000E+04  3.895590E-05
  1.500000E+04  3.604350E-05
  1.750000E+04  3.035157E-05
  2.000000E+04  2.619937E-05
  2.200000E+04  2.360951E-05
  2.500000E+04  2.055561E-05
  3.000000E+04  1.690368E-05
  3.500000E+04  1.434966E-05
  4.000000E+04  1.246413E-05
  4.500000E+04  1.101555E-05
  5.000000E+04  9.867982E-06
  5.500000E+04  8.936591E-06
  6.000000E+04  8.165564E-06
  7.000000E+04  6.963553E-06
  8.000000E+04  6.069763E-06
  9.000000E+04  5.379145E-06
  1.000000E+05  4.829541E-06
  1.100000E+05  4.381787E-06
  1.250000E+05  3.846755E-06
  1.400000E+05  3.428132E-06
  1.500000E+05  3.196227E-06
  1.750000E+05  2.733851E-06
  2.000000E+05  2.388324E-06
  2.200000E+05  2.169008E-06
  2.500000E+05  1.906398E-06
  3.000000E+05  1.586300E-06
  3.500000E+05  1.358233E-06
  4.000000E+05  1.187499E-06
  4.500000E+05  1.054891E-06
  5.000000E+05  9.489242E-07
  5.500000E+05  8.623059E-07
  6.000000E+05  7.901749E-07
  7.000000E+05  6.769288E-07
  8.000000E+05  5.920744E-07
  9.000000E+05  5.261226E-07
  1.000000E+06  4.733906E-07
EndElement
Element    Mo   42    95.940000
Range      1.000000E+00 1.000000E+06
Npoints    213
Data
  1.000000E+00  4.541312E+03
  1.100000E+00  3.665277E+03
  1.172600E+00  3.167913E+03
  1.250000E+00  2.734695E+03
  1.400000E+00  2.099658E+03
  1.500000E+00  1.784321E+03
  1.620190E+00  1.485229E+03
  1.750000E+00  1.234256E+03
  2.000000E+00  8.923803E+02
  2.200000E+00  7.061170E+02
  2.500000E+00  5.141385E+02
  2.527000E+00  5.005357E+02
  2.527000E+00  1.297541E+03
  2.528610E+00  1.452859E+03
  2.530220E+00  1.564476E+03
  2.531830E+00  1.647985E+03
  2.533440E+00  1.711088E+03
  2.535050E+00  1.758265E+03
  2.536660E+00  1.792588E+03
  2.538280E+00  1.816478E+03
  2.539890E+00  1.831964E+03
  2.541510E+00  1.840814E+03
  2.543130E+00  1.844549E+03
  2.544740E+00  1.844474E+03
  2.546360E+00  1.841662E+03
  2.549600E+00  1.831135E+03
  2.552850E+00  1.817972E+03
  2.559350E+00  1.793718E+03
  2.562610E+00  1.784390E+03
  2.565870E+00  1.777134E+03
  2.572410E+00  1.767179E+03
  2.578970E+00  1.760293E+03
  2.592120E+00  1.744732E+03
  2.605350E+00  1.722336E+03
  2.632000E+00  1.675962E+03
  2.632000E+00  2.046084E+03
  2.633790E+00  2.125739E+03
  2.635590E+00  2.180795E+03
  2.637390E+00  2.220220E+03
  2.639190E+00  2.248341E+03
  2.640990E+00  2.267718E+03
  2.642790E+00  2.280191E+03
  2.644590E+00  2.287240E+03
  2.646390E+00  2.290115E+03
  2.650010E+00  2.287409E+03
  2.653620E+00  2.278471E+03
  2.660870E+00  2.256012E+03
  2.668130E+00  2.236616E+03
  2.675420E+00  2.221758E+03
  2.690050E+00  2.197209E+03
  2.749380E+00  2.084255E+03
  2.872000E+00  1.868345E+03
  2.872000E+00  2.193041E+03
  2.873960E+00  2.175453E+03
  2.875920E+00  2.161926E+03
  2.879840E+00  2.142474E+03
  2.883760E+00  2.129298E+03
  2.887700E+00  2.119826E+03
  2.895580E+00  2.106588E+03
  2.903480E+00  2.095848E+03
  2.919350E+00  2.072046E+03
  2.935300E+00  2.044239E+03
  3.000000E+00  1.937762E+03
  3.240370E+00  1.598987E+03
  3.500000E+00  1.317113E+03
  3.741660E+00  1.112194E+03
  4.000000E+00  9.381396E+02
  4.500000E+00  6.926341E+02
  5.000000E+00  5.262569E+02
  5.500000E+00  4.094817E+02
  6.000000E+00  3.250657E+02
  7.000000E+00  2.151167E+02
  8.000000E+00  1.499032E+02
  9.000000E+00  1.087457E+02
  1.000000E+01  8.146085E+01
  1.100000E+01  6.264074E+01
  1.250000E+01  4.395460E+01
  1.400000E+01  3.205349E+01
  1.500000E+01  2.642850E+01
  1.750000E+01  1.713887E+01
  2.000000E+01  1.175309E+01
  2.000600E+01  1.174311E+01
  2.000600E+01  8.842453E+01
  2.002090E+01  7.762749E+01
  2.003570E+01  7.812777E+01
  2.005060E+01  7.899525E+01
  2.006550E+01  7.886406E+01
  2.008040E+01  7.851443E+01
  2.009530E+01  7.839768E+01
  2.012520E+01  7.826586E+01
  2.018500E+01  7.783024E+01
  2.024500E+01  7.729167E+01
  2.048690E+01  7.499869E+01
  2.097930E+01  7.043532E+01
  2.148360E+01  6.617952E+01
  2.200000E+01  6.224982E+01
  2.345210E+01  5.269913E+01
  2.500000E+01  4.448519E+01
  3.000000E+01  2.730050E+01
  3.240370E+01  2.215312E+01
  3.500000E+01  1.793900E+01
  4.000000E+01  1.240540E+01
  4.500000E+01  8.927883E+00
  5.000000E+01  6.634398E+00
  5.500000E+01  5.061611E+00
  6.000000E+01  3.947729E+00
  7.000000E+01  2.533348E+00
  8.000000E+01  1.720032E+00
  9.000000E+01  1.220045E+00
  1.000000E+02  8.962030E-01
  1.100000E+02  6.774438E-01
  1.250000E+02  4.650682E-01
  1.400000E+02  3.330757E-01
  1.500000E+02  2.718324E-01
  1.620190E+02  2.164889E-01
  1.750000E+02  1.727722E-01
  2.000000E+02  1.168787E-01
  2.200000E+02  8.856828E-02
  2.345210E+02  7.359139E-02
  2.500000E+02  6.123332E-02
  2.738610E+02  4.712209E-02
  2.866330E+02  4.141681E-02
  3.000000E+02  3.645693E-02
  3.240370E+02  2.938364E-02
  3.500000E+02  2.374157E-02
  3.741660E+02  1.977533E-02
  4.000000E+02  1.651971E-02
  4.242640E+02  1.411927E-02
  4.500000E+02  1.209356E-02
  4.743420E+02  1.054628E-02
  5.000000E+02  9.214930E-03
  5.244040E+02  8.167678E-03
  5.500000E+02  7.251488E-03
  5.744560E+02  6.513943E-03
  6.000000E+02  5.859102E-03
  6.235740E+02  5.338709E-03
  6.480740E+02  4.870176E-03
  6.735370E+02  4.449580E-03
  7.000000E+02  4.070927E-03
  7.483310E+02  3.496263E-03
  8.000000E+02  3.013016E-03
  8.485280E+02  2.649598E-03
  9.000000E+02  2.336727E-03
  9.486830E+02  2.092578E-03
  1.000000E+03  1.877936E-03
  1.048810E+03  1.705664E-03
  1.100000E+03  1.551778E-03
  1.172600E+03  1.370109E-03
  1.250000E+03  1.213461E-03
  1.322880E+03  1.091876E-03
  1.400000E+03  9.845704E-04
  1.500000E+03  8.703104E-04
  1.620190E+03  7.605699E-04
  1.750000E+03  6.672311E-04
  1.870830E+03  5.969508E-04
  2.000000E+03  5.354527E-04
  2.097620E+03  4.964017E-04
  2.200000E+03  4.608419E-04
  2.345210E+03  4.176726E-04
  2.500000E+03  3.791482E-04
  2.738610E+03  3.310652E-04
  3.000000E+03  2.901688E-04
  3.240370E+03  2.600380E-04
  3.500000E+03  2.334669E-04
  3.741660E+03  2.129411E-04
  4.000000E+03  1.944880E-04
  4.500000E+03  1.661964E-04
  5.000000E+03  1.448063E-04
  5.500000E+03  1.281120E-04
  6.000000E+03  1.147477E-04
  6.480740E+03  1.041967E-04
  7.000000E+03  9.474169E-05
  8.000000E+03  8.052808E-05
  9.000000E+03  6.993818E-05
  1.000000E+04  6.175971E-05
  1.100000E+04  5.526140E-05
  1.250000E+04  4.769342E-05
  1.400000E+04  4.192361E-05
  1.500000E+04  3.878537E-05
  1.750000E+04  3.265364E-05
  2.000000E+04  2.818185E-05
  2.200000E+04  2.539324E-05
  2.500000E+04  2.210573E-05
  3.000000E+04  1.817520E-05
  3.500000E+04  1.542714E-05
  4.000000E+04  1.339879E-05
  4.500000E+04  1.184059E-05
  5.000000E+04  1.060641E-05
  5.500000E+04  9.604856E-06
  6.000000E+04  8.775792E-06
  7.000000E+04  7.483423E-06
  8.000000E+04  6.522542E-06
  9.000000E+04  5.780176E-06
  1.000000E+05  5.189423E-06
  1.100000E+05  4.708167E-06
  1.250000E+05  4.133145E-06
  1.400000E+05  3.683254E-06
  1.500000E+05  3.434039E-06
  1.750000E+05  2.937171E-06
  2.000000E+05  2.565888E-06
  2.200000E+05  2.330231E-06
  2.500000E+05  2.048074E-06
  3.000000E+05  1.704145E-06
  3.500000E+05  1.459111E-06
  4.000000E+05  1.275685E-06
  4.500000E+05  1.133222E-06
  5.000000E+05  1.019376E-06
  5.500000E+05  9.263200E-07
  6.000000E+05  8.488306E-07
  7.000000E+05  7.271763E-07
  8.000000E+05  6.360156E-07
  9.000000E+05  5.651673E-07
  1.000000E+06  5.085207E-07
EndElement
Element    Tc   43    97.907000
Range      1.000000E+00 1.000000E+06
Npoints    214
Data
  1.000000E+00  4.958279E+03
  1.100000E+00  4.003262E+03
  1.172600E+00  3.460343E+03
  1.250000E+00  2.987242E+03
  1.400000E+00  2.293706E+03
  1.500000E+00  1.949238E+03
  1.620190E+00  1.622454E+03
  1.750000E+00  1.348310E+03
  2.000000E+00  9.747359E+02
  2.200000E+00  7.711726E+02
  2.500000E+00  5.614651E+02
  2.683000E+00  4.704020E+02
  2.683000E+00  1.253783E+03
  2.684790E+00  1.375724E+03
  2.686580E+00  1.455556E+03
  2.688370E+00  1.514346E+03
  2.690170E+00  1.560453E+03
  2.691960E+00  1.597617E+03
  2.693760E+00  1.627701E+03
  2.695550E+00  1.651800E+03
  2.697350E+00  1.670646E+03
  2.699150E+00  1.684855E+03
  2.700950E+00  1.694979E+03
  2.702760E+00  1.701573E+03
  2.704560E+00  1.705153E+03
  2.706360E+00  1.706229E+03
  2.708170E+00  1.705263E+03
  2.711780E+00  1.698897E+03
  2.726290E+00  1.654857E+03
  2.733570E+00  1.636380E+03
  2.740880E+00  1.622694E+03
  2.770280E+00  1.584946E+03
  2.800000E+00  1.541023E+03
  2.800000E+00  1.898899E+03
  2.801510E+00  1.949281E+03
  2.803020E+00  1.983886E+03
  2.804530E+00  2.009750E+03
  2.806040E+00  2.030122E+03
  2.807560E+00  2.046600E+03
  2.809070E+00  2.060058E+03
  2.810580E+00  2.071013E+03
  2.812100E+00  2.079797E+03
  2.815130E+00  2.091772E+03
  2.818170E+00  2.097566E+03
  2.821210E+00  2.098532E+03
  2.824250E+00  2.095918E+03
  2.830350E+00  2.084158E+03
  2.836460E+00  2.068774E+03
  2.848710E+00  2.039336E+03
  2.898280E+00  1.955364E+03
  2.948700E+00  1.871755E+03
  3.000000E+00  1.794045E+03
  3.048000E+00  1.723033E+03
  3.048000E+00  2.002997E+03
  3.049650E+00  1.998876E+03
  3.051290E+00  1.994718E+03
  3.054590E+00  1.986113E+03
  3.061200E+00  1.968047E+03
  3.067820E+00  1.952941E+03
  3.074460E+00  1.940781E+03
  3.101140E+00  1.903937E+03
  3.128060E+00  1.865438E+03
  3.155210E+00  1.825415E+03
  3.266190E+00  1.675635E+03
  3.381070E+00  1.537603E+03
  3.500000E+00  1.409437E+03
  4.000000E+00  1.004549E+03
  4.500000E+00  7.425587E+02
  5.000000E+00  5.648229E+02
  5.500000E+00  4.398537E+02
  6.000000E+00  3.494320E+02
  7.000000E+00  2.315092E+02
  8.000000E+00  1.614643E+02
  9.000000E+00  1.172099E+02
  1.000000E+01  8.785054E+01
  1.100000E+01  6.758832E+01
  1.250000E+01  4.745606E+01
  1.400000E+01  3.462502E+01
  1.500000E+01  2.855767E+01
  1.750000E+01  1.853223E+01
  2.000000E+01  1.271596E+01
  2.105000E+01  1.100128E+01
  2.105000E+01  7.733684E+01
  2.106450E+01  7.357250E+01
  2.107910E+01  7.211229E+01
  2.109360E+01  7.250287E+01
  2.110820E+01  7.303061E+01
  2.112270E+01  7.313887E+01
  2.113730E+01  7.294573E+01
  2.116650E+01  7.260313E+01
  2.122490E+01  7.235832E+01
  2.125420E+01  7.215780E+01
  2.128360E+01  7.187055E+01
  2.140130E+01  7.081383E+01
  2.151980E+01  6.991704E+01
  2.200000E+01  6.594541E+01
  2.345210E+01  5.584007E+01
  2.500000E+01  4.722220E+01
  2.738610E+01  3.708070E+01
  3.000000E+01  2.905626E+01
  3.500000E+01  1.913102E+01
  3.741660E+01  1.593078E+01
  4.000000E+01  1.325244E+01
  4.500000E+01  9.550962E+00
  5.000000E+01  7.105987E+00
  5.500000E+01  5.427031E+00
  6.000000E+01  4.236596E+00
  7.000000E+01  2.722914E+00
  8.000000E+01  1.851064E+00
  9.000000E+01  1.314387E+00
  1.000000E+02  9.663891E-01
  1.100000E+02  7.310811E-01
  1.250000E+02  5.024130E-01
  1.400000E+02  3.601413E-01
  1.500000E+02  2.940766E-01
  1.620190E+02  2.343405E-01
  1.750000E+02  1.871214E-01
  2.000000E+02  1.267050E-01
  2.200000E+02  9.607611E-02
  2.345210E+02  7.986301E-02
  2.500000E+02  6.647869E-02
  2.738610E+02  5.118841E-02
  2.866330E+02  4.500321E-02
  3.000000E+02  3.962427E-02
  3.240370E+02  3.195062E-02
  3.500000E+02  2.582662E-02
  3.741660E+02  2.151965E-02
  4.000000E+02  1.798289E-02
  4.242640E+02  1.537412E-02
  4.500000E+02  1.317192E-02
  4.743420E+02  1.148923E-02
  5.000000E+02  1.004100E-02
  5.244040E+02  8.901490E-03
  5.500000E+02  7.904371E-03
  5.744560E+02  7.101435E-03
  6.000000E+02  6.388364E-03
  6.235740E+02  5.821647E-03
  6.480740E+02  5.311296E-03
  6.735370E+02  4.853074E-03
  7.000000E+02  4.440479E-03
  7.483310E+02  3.814148E-03
  8.000000E+02  3.287319E-03
  8.485280E+02  2.891017E-03
  9.000000E+02  2.549773E-03
  9.486830E+02  2.283428E-03
  1.000000E+03  2.049239E-03
  1.048810E+03  1.861256E-03
  1.100000E+03  1.693306E-03
  1.172600E+03  1.495014E-03
  1.250000E+03  1.324001E-03
  1.322880E+03  1.191259E-03
  1.400000E+03  1.074103E-03
  1.500000E+03  9.493450E-04
  1.620190E+03  8.294890E-04
  1.750000E+03  7.275997E-04
  1.870830E+03  6.509721E-04
  2.000000E+03  5.837147E-04
  2.097620E+03  5.406696E-04
  2.200000E+03  5.014135E-04
  2.345210E+03  4.542042E-04
  2.500000E+03  4.124281E-04
  2.738610E+03  3.601561E-04
  3.000000E+03  3.155192E-04
  3.240370E+03  2.826821E-04
  3.500000E+03  2.537766E-04
  3.741660E+03  2.314379E-04
  4.000000E+03  2.113430E-04
  4.500000E+03  1.805511E-04
  5.000000E+03  1.572755E-04
  5.500000E+03  1.391138E-04
  6.000000E+03  1.245780E-04
  6.480740E+03  1.131042E-04
  7.000000E+03  1.028242E-04
  8.000000E+03  8.737385E-05
  9.000000E+03  7.586678E-05
  1.000000E+04  6.698184E-05
  1.100000E+04  5.992401E-05
  1.250000E+04  5.170656E-05
  1.400000E+04  4.544324E-05
  1.500000E+04  4.203732E-05
  1.750000E+04  3.538391E-05
  2.000000E+04  3.053321E-05
  2.200000E+04  2.750888E-05
  2.500000E+04  2.394420E-05
  3.000000E+04  1.968343E-05
  3.500000E+04  1.670517E-05
  4.000000E+04  1.450734E-05
  4.500000E+04  1.281929E-05
  5.000000E+04  1.148234E-05
  5.500000E+04  1.039751E-05
  6.000000E+04  9.499602E-06
  7.000000E+04  8.100092E-06
  8.000000E+04  7.059671E-06
  9.000000E+04  6.255874E-06
  1.000000E+05  5.616306E-06
  1.100000E+05  5.095320E-06
  1.250000E+05  4.472864E-06
  1.400000E+05  3.985880E-06
  1.500000E+05  3.716133E-06
  1.750000E+05  3.178356E-06
  2.000000E+05  2.776525E-06
  2.200000E+05  2.521485E-06
  2.500000E+05  2.216125E-06
  3.000000E+05  1.843935E-06
  3.500000E+05  1.578777E-06
  4.000000E+05  1.380288E-06
  4.500000E+05  1.226135E-06
  5.000000E+05  1.102951E-06
  5.500000E+05  1.002261E-06
  6.000000E+05  9.184123E-07
  7.000000E+05  7.867773E-07
  8.000000E+05  6.881419E-07
  9.000000E+05  6.114834E-07
  1.000000E+06  5.501924E-07
EndElement
Element    Ru   44   101.070000
Range      1.000000E+00 1.000000E+06
Npoints    209
Data
  1.000000E+00  5.299150E+03
  1.100000E+00  4.280832E+03
  1.172600E+00  3.703536E+03
  1.250000E+00  3.198313E+03
  1.400000E+00  2.458120E+03
  1.500000E+00  2.089546E+03
  1.620190E+00  1.740081E+03
  1.750000E+00  1.446565E+03
  2.000000E+00  1.046513E+03
  2.200000E+00  8.282812E+02
  2.500000E+00  6.032925E+02
  2.844000E+00  4.366401E+02
  2.844000E+00  1.076180E+03
  2.845970E+00  1.205447E+03
  2.847950E+00  1.291301E+03
  2.849920E+00  1.354621E+03
  2.851900E+00  1.403969E+03
  2.853870E+00  1.443318E+03
  2.855850E+00  1.474766E+03
  2.857830E+00  1.499589E+03
  2.859810E+00  1.518697E+03
  2.861800E+00  1.532854E+03
  2.863780E+00  1.542751E+03
  2.865770E+00  1.549025E+03
  2.867750E+00  1.552285E+03
  2.869740E+00  1.553083E+03
  2.871730E+00  1.551927E+03
  2.875720E+00  1.545582E+03
  2.891710E+00  1.504725E+03
  2.899730E+00  1.488470E+03
  2.907780E+00  1.476476E+03
  2.940210E+00  1.440893E+03
  2.973000E+00  1.398195E+03
  2.973000E+00  1.688845E+03
  2.974680E+00  1.742172E+03
  2.976360E+00  1.779299E+03
  2.978040E+00  1.807196E+03
  2.979730E+00  1.829135E+03
  2.981410E+00  1.846778E+03
  2.983100E+00  1.861060E+03
  2.984780E+00  1.872542E+03
  2.986470E+00  1.881623E+03
  2.989850E+00  1.893694E+03
  2.993230E+00  1.899212E+03
  2.996610E+00  1.899808E+03
  3.000000E+00  1.896900E+03
  3.027830E+00  1.842321E+03
  3.041840E+00  1.820776E+03
  3.055920E+00  1.801607E+03
  3.112880E+00  1.719692E+03
  3.230000E+00  1.566585E+03
  3.230000E+00  1.822390E+03
  3.232030E+00  1.817933E+03
  3.234050E+00  1.813447E+03
  3.238110E+00  1.804193E+03
  3.246250E+00  1.785615E+03
  3.254400E+00  1.770969E+03
  3.262580E+00  1.759416E+03
  3.295480E+00  1.721539E+03
  3.362290E+00  1.638473E+03
  3.500000E+00  1.483584E+03
  3.741660E+00  1.254067E+03
  4.000000E+00  1.058740E+03
  4.500000E+00  7.835576E+02
  5.000000E+00  5.967800E+02
  5.500000E+00  4.652499E+02
  6.000000E+00  3.699371E+02
  6.480740E+00  3.014991E+02
  7.000000E+00  2.454456E+02
  8.000000E+00  1.713733E+02
  9.000000E+00  1.245076E+02
  1.000000E+01  9.338578E+01
  1.100000E+01  7.189091E+01
  1.250000E+01  5.051651E+01
  1.400000E+01  3.688152E+01
  1.500000E+01  3.043025E+01
  1.750000E+01  1.976349E+01
  2.000000E+01  1.357010E+01
  2.200000E+01  1.036431E+01
  2.212300E+01  1.020183E+01
  2.212300E+01  7.110321E+01
  2.214410E+01  6.669817E+01
  2.216530E+01  6.635914E+01
  2.218650E+01  6.704376E+01
  2.220770E+01  6.706998E+01
  2.222890E+01  6.678755E+01
  2.225010E+01  6.662310E+01
  2.229270E+01  6.653849E+01
  2.246370E+01  6.534503E+01
  2.280960E+01  6.279960E+01
  2.351750E+01  5.793809E+01
  2.500000E+01  4.941230E+01
  2.738610E+01  3.885726E+01
  3.000000E+01  3.048704E+01
  3.500000E+01  2.011474E+01
  3.741660E+01  1.676440E+01
  4.000000E+01  1.395794E+01
  4.500000E+01  1.007402E+01
  5.000000E+01  7.504289E+00
  5.500000E+01  5.737300E+00
  6.000000E+01  4.482953E+00
  7.000000E+01  2.885760E+00
  8.000000E+01  1.964265E+00
  9.000000E+01  1.396264E+00
  1.000000E+02  1.027530E+00
  1.100000E+02  7.779626E-01
  1.250000E+02  5.351912E-01
  1.400000E+02  3.839792E-01
  1.500000E+02  3.137072E-01
  1.620190E+02  2.501295E-01
  1.750000E+02  1.998401E-01
  2.000000E+02  1.354442E-01
  2.200000E+02  1.027691E-01
  2.345210E+02  8.546292E-02
  2.500000E+02  7.116935E-02
  2.738610E+02  5.483169E-02
  2.866330E+02  4.821955E-02
  3.000000E+02  4.246744E-02
  3.240370E+02  3.425834E-02
  3.500000E+02  2.770387E-02
  3.741660E+02  2.309208E-02
  4.000000E+02  1.930338E-02
  4.242640E+02  1.650777E-02
  4.500000E+02  1.414700E-02
  4.743420E+02  1.234262E-02
  5.000000E+02  1.078909E-02
  5.244040E+02  9.566427E-03
  5.500000E+02  8.496301E-03
  5.744560E+02  7.634361E-03
  6.000000E+02  6.868768E-03
  6.235740E+02  6.260119E-03
  6.480740E+02  5.711929E-03
  6.735370E+02  5.219642E-03
  7.000000E+02  4.776284E-03
  7.483310E+02  4.103135E-03
  8.000000E+02  3.536779E-03
  8.485280E+02  3.110641E-03
  9.000000E+02  2.743616E-03
  9.486830E+02  2.457095E-03
  1.000000E+03  2.205127E-03
  1.048810E+03  2.002846E-03
  1.100000E+03  1.822098E-03
  1.172600E+03  1.608669E-03
  1.250000E+03  1.424579E-03
  1.322880E+03  1.281673E-03
  1.400000E+03  1.155540E-03
  1.500000E+03  1.021208E-03
  1.620190E+03  8.921551E-04
  1.750000E+03  7.824315E-04
  1.870830E+03  6.999018E-04
  2.000000E+03  6.275074E-04
  2.097620E+03  5.812137E-04
  2.200000E+03  5.388997E-04
  2.345210E+03  4.876343E-04
  2.500000E+03  4.421164E-04
  2.616590E+03  4.127386E-04
  2.738610E+03  3.857459E-04
  3.000000E+03  3.381044E-04
  3.240370E+03  3.029369E-04
  3.500000E+03  2.718508E-04
  3.741660E+03  2.478641E-04
  4.000000E+03  2.263263E-04
  4.500000E+03  1.932990E-04
  5.000000E+03  1.683399E-04
  5.500000E+03  1.488691E-04
  6.000000E+03  1.332885E-04
  6.480740E+03  1.209922E-04
  7.000000E+03  1.099775E-04
  8.000000E+03  9.342689E-05
  9.000000E+03  8.110377E-05
  1.000000E+04  7.159120E-05
  1.100000E+04  6.403716E-05
  1.250000E+04  5.524377E-05
  1.400000E+04  4.854339E-05
  1.500000E+04  4.490049E-05
  1.750000E+04  3.778594E-05
  2.000000E+04  3.260047E-05
  2.200000E+04  2.936817E-05
  2.500000E+04  2.555903E-05
  3.000000E+04  2.100730E-05
  3.500000E+04  1.782642E-05
  4.000000E+04  1.547953E-05
  4.500000E+04  1.367724E-05
  5.000000E+04  1.225008E-05
  5.500000E+04  1.109207E-05
  6.000000E+04  1.013378E-05
  7.000000E+04  8.640196E-06
  8.000000E+04  7.529970E-06
  9.000000E+04  6.672379E-06
  1.000000E+05  5.990025E-06
  1.100000E+05  5.434191E-06
  1.250000E+05  4.770171E-06
  1.400000E+05  4.250706E-06
  1.500000E+05  3.962976E-06
  1.750000E+05  3.389374E-06
  2.000000E+05  2.960793E-06
  2.200000E+05  2.688787E-06
  2.500000E+05  2.363126E-06
  3.000000E+05  1.966202E-06
  3.500000E+05  1.683441E-06
  4.000000E+05  1.471775E-06
  4.500000E+05  1.307389E-06
  5.000000E+05  1.176036E-06
  5.500000E+05  1.068666E-06
  6.000000E+05  9.792607E-07
  7.000000E+05  8.388931E-07
  8.000000E+05  7.337216E-07
  9.000000E+05  6.519845E-07
  1.000000E+06  5.866293E-07
EndElement
Element    Rh   45   102.906000
Range      1.000000E+00 1.000000E+06
Npoints    215
Data
  1.000000E+00  5.717441E+03
  1.048810E+00  5.145043E+03
  1.100000E+00  4.624664E+03
  1.172600E+00  4.002530E+03
  1.250000E+00  3.459556E+03
  1.400000E+00  2.660777E+03
  1.500000E+00  2.263450E+03
  1.620190E+00  1.885558E+03
  1.750000E+00  1.568340E+03
  2.000000E+00  1.135344E+03
  2.200000E+00  8.990198E+02
  2.500000E+00  6.551578E+02
  2.738610E+00  5.216502E+02
  3.000000E+00  4.146503E+02
  3.010000E+00  4.111753E+02
  3.010000E+00  9.452805E+02
  3.012170E+00  1.078837E+03
  3.014340E+00  1.168491E+03
  3.016510E+00  1.234730E+03
  3.018680E+00  1.286129E+03
  3.020860E+00  1.326789E+03
  3.023040E+00  1.358935E+03
  3.025210E+00  1.383982E+03
  3.027390E+00  1.402977E+03
  3.029580E+00  1.416806E+03
  3.031760E+00  1.426269E+03
  3.033940E+00  1.432074E+03
  3.036130E+00  1.434906E+03
  3.038320E+00  1.435357E+03
  3.040510E+00  1.433970E+03
  3.044890E+00  1.427433E+03
  3.062480E+00  1.389442E+03
  3.071320E+00  1.375005E+03
  3.080180E+00  1.364325E+03
  3.097980E+00  1.347623E+03
  3.115880E+00  1.329171E+03
  3.152000E+00  1.289172E+03
  3.152000E+00  1.530535E+03
  3.154000E+00  1.588781E+03
  3.155990E+00  1.628938E+03
  3.157990E+00  1.658854E+03
  3.159990E+00  1.682069E+03
  3.161990E+00  1.700386E+03
  3.163990E+00  1.714823E+03
  3.166000E+00  1.726018E+03
  3.168000E+00  1.734451E+03
  3.170010E+00  1.740502E+03
  3.172010E+00  1.744499E+03
  3.176030E+00  1.747560E+03
  3.180060E+00  1.745786E+03
  3.184080E+00  1.740941E+03
  3.200250E+00  1.712096E+03
  3.208360E+00  1.698718E+03
  3.216490E+00  1.687154E+03
  3.249230E+00  1.647864E+03
  3.282310E+00  1.606320E+03
  3.418000E+00  1.448384E+03
  3.418000E+00  1.685059E+03
  3.420530E+00  1.681197E+03
  3.423070E+00  1.676205E+03
  3.428140E+00  1.665104E+03
  3.438320E+00  1.645640E+03
  3.448520E+00  1.631138E+03
  3.458760E+00  1.619739E+03
  3.479320E+00  1.599496E+03
  3.500000E+00  1.577797E+03
  3.618810E+00  1.452866E+03
  3.741660E+00  1.336439E+03
  4.000000E+00  1.129083E+03
  4.500000E+00  8.363265E+02
  5.000000E+00  6.377128E+02
  5.500000E+00  4.977188E+02
  6.000000E+00  3.961185E+02
  6.480740E+00  3.230734E+02
  7.000000E+00  2.631932E+02
  8.000000E+00  1.839712E+02
  9.000000E+00  1.337774E+02
  1.000000E+01  1.004088E+02
  1.100000E+01  7.734401E+01
  1.250000E+01  5.439080E+01
  1.400000E+01  3.973585E+01
  1.500000E+01  3.279751E+01
  1.750000E+01  2.131819E+01
  2.000000E+01  1.464752E+01
  2.200000E+01  1.119257E+01
  2.322500E+01  9.599341E+00
  2.322500E+01  6.620165E+01
  2.323840E+01  6.351379E+01
  2.325170E+01  6.180615E+01
  2.326510E+01  6.166804E+01
  2.327850E+01  6.208237E+01
  2.329190E+01  6.242003E+01
  2.330530E+01  6.253883E+01
  2.331870E+01  6.245164E+01
  2.333210E+01  6.229070E+01
  2.343980E+01  6.178333E+01
  2.365660E+01  6.040751E+01
  2.409620E+01  5.757112E+01
  2.500000E+01  5.227990E+01
  2.738610E+01  4.118161E+01
  3.000000E+01  3.235398E+01
  3.500000E+01  2.139034E+01
  4.000000E+01  1.486855E+01
  4.500000E+01  1.074682E+01
  5.000000E+01  8.015359E+00
  5.500000E+01  6.134501E+00
  6.000000E+01  4.797745E+00
  7.000000E+01  3.093222E+00
  8.000000E+01  2.108159E+00
  9.000000E+01  1.500145E+00
  1.000000E+02  1.104995E+00
  1.100000E+02  8.372862E-01
  1.250000E+02  5.765978E-01
  1.400000E+02  4.140545E-01
  1.500000E+02  3.384556E-01
  1.620190E+02  2.700184E-01
  1.750000E+02  2.158499E-01
  2.000000E+02  1.464319E-01
  2.200000E+02  1.111778E-01
  2.345210E+02  9.249445E-02
  2.500000E+02  7.705667E-02
  2.738610E+02  5.940153E-02
  2.866330E+02  5.225257E-02
  3.000000E+02  4.603140E-02
  3.240370E+02  3.714988E-02
  3.500000E+02  3.005511E-02
  3.741660E+02  2.506083E-02
  4.000000E+02  2.095618E-02
  4.242640E+02  1.792627E-02
  4.500000E+02  1.536686E-02
  4.743420E+02  1.340992E-02
  5.000000E+02  1.172464E-02
  5.244040E+02  1.039792E-02
  5.500000E+02  9.236337E-03
  5.744560E+02  8.300531E-03
  6.000000E+02  7.469184E-03
  6.235740E+02  6.808075E-03
  6.480740E+02  6.212567E-03
  6.735370E+02  5.677711E-03
  7.000000E+02  5.195897E-03
  7.483310E+02  4.464206E-03
  8.000000E+02  3.848415E-03
  8.485280E+02  3.384983E-03
  9.000000E+02  2.985754E-03
  9.486830E+02  2.674037E-03
  1.000000E+03  2.399862E-03
  1.048810E+03  2.179724E-03
  1.100000E+03  1.982995E-03
  1.172600E+03  1.750667E-03
  1.250000E+03  1.550245E-03
  1.322880E+03  1.394644E-03
  1.400000E+03  1.257296E-03
  1.500000E+03  1.111011E-03
  1.620190E+03  9.704737E-04
  1.750000E+03  8.509860E-04
  1.870830E+03  7.611098E-04
  2.000000E+03  6.822705E-04
  2.097620E+03  6.318666E-04
  2.200000E+03  5.857932E-04
  2.345210E+03  5.299731E-04
  2.500000E+03  4.804223E-04
  2.616590E+03  4.484507E-04
  2.738610E+03  4.190826E-04
  3.000000E+03  3.672624E-04
  3.240370E+03  3.290098E-04
  3.500000E+03  2.951959E-04
  3.741660E+03  2.691090E-04
  4.000000E+03  2.456884E-04
  4.500000E+03  2.097801E-04
  5.000000E+03  1.826492E-04
  5.500000E+03  1.614887E-04
  6.000000E+03  1.445598E-04
  6.480740E+03  1.312019E-04
  7.000000E+03  1.192379E-04
  8.000000E+03  1.012661E-04
  9.000000E+03  8.788887E-05
  1.000000E+04  7.756521E-05
  1.100000E+04  6.936879E-05
  1.250000E+04  5.983049E-05
  1.400000E+04  5.256455E-05
  1.500000E+04  4.861492E-05
  1.750000E+04  4.090299E-05
  2.000000E+04  3.528382E-05
  2.200000E+04  3.178194E-05
  2.500000E+04  2.765593E-05
  3.000000E+04  2.272673E-05
  3.500000E+04  1.928301E-05
  4.000000E+04  1.674268E-05
  4.500000E+04  1.479218E-05
  5.000000E+04  1.324776E-05
  5.500000E+04  1.199483E-05
  6.000000E+04  1.095802E-05
  7.000000E+04  9.342318E-06
  8.000000E+04  8.141413E-06
  9.000000E+04  7.213858E-06
  1.000000E+05  6.475911E-06
  1.100000E+05  5.874844E-06
  1.250000E+05  5.156782E-06
  1.400000E+05  4.595088E-06
  1.500000E+05  4.283980E-06
  1.750000E+05  3.663799E-06
  2.000000E+05  3.200444E-06
  2.200000E+05  2.906377E-06
  2.500000E+05  2.554316E-06
  3.000000E+05  2.125235E-06
  3.500000E+05  1.819569E-06
  4.000000E+05  1.590771E-06
  4.500000E+05  1.413078E-06
  5.000000E+05  1.271095E-06
  5.500000E+05  1.155037E-06
  6.000000E+05  1.058401E-06
  7.000000E+05  9.066860E-07
  8.000000E+05  7.930095E-07
  9.000000E+05  7.046606E-07
  1.000000E+06  6.340260E-07
EndElement
Element    Pd   46   106.420000
Range      1.000000E+00 1.000000E+06
Npoints    216
Data
  1.000000E+00  6.058131E+03
  1.100000E+00  4.907779E+03
  1.172600E+00  4.250091E+03
  1.250000E+00  3.674587E+03
  1.322880E+00  3.226095E+03
  1.400000E+00  2.829359E+03
  1.500000E+00  2.407521E+03
  1.620190E+00  2.006960E+03
  1.750000E+00  1.669766E+03
  1.870830E+00  1.422084E+03
  2.000000E+00  1.209583E+03
  2.200000E+00  9.582685E+02
  2.500000E+00  6.986804E+02
  2.738610E+00  5.564448E+02
  3.000000E+00  4.424491E+02
  3.180000E+00  3.817852E+02
  3.180000E+00  8.240860E+02
  3.182400E+00  9.574762E+02
  3.184790E+00  1.047610E+03
  3.187190E+00  1.114243E+03
  3.189590E+00  1.165716E+03
  3.192000E+00  1.206081E+03
  3.194400E+00  1.237623E+03
  3.196810E+00  1.261837E+03
  3.199210E+00  1.279872E+03
  3.201620E+00  1.292700E+03
  3.204040E+00  1.301200E+03
  3.206450E+00  1.306163E+03
  3.208860E+00  1.308291E+03
  3.211280E+00  1.308217E+03
  3.213700E+00  1.306485E+03
  3.218540E+00  1.299780E+03
  3.237990E+00  1.265040E+03
  3.247760E+00  1.252528E+03
  3.257550E+00  1.243169E+03
  3.277240E+00  1.227307E+03
  3.297040E+00  1.209153E+03
  3.337000E+00  1.169134E+03
  3.337000E+00  1.367788E+03
  3.339490E+00  1.431540E+03
  3.341980E+00  1.474366E+03
  3.344470E+00  1.505614E+03
  3.346960E+00  1.529263E+03
  3.349460E+00  1.547269E+03
  3.351950E+00  1.560777E+03
  3.354450E+00  1.570555E+03
  3.356950E+00  1.577233E+03
  3.359450E+00  1.581318E+03
  3.361960E+00  1.583299E+03
  3.366970E+00  1.582569E+03
  3.371990E+00  1.577804E+03
  3.377020E+00  1.570980E+03
  3.397220E+00  1.541644E+03
  3.417530E+00  1.518675E+03
  3.437960E+00  1.497551E+03
  3.458520E+00  1.474904E+03
  3.500000E+00  1.428881E+03
  3.611000E+00  1.319687E+03
  3.611000E+00  1.535114E+03
  3.613890E+00  1.530327E+03
  3.616780E+00  1.525522E+03
  3.622560E+00  1.515721E+03
  3.634160E+00  1.497149E+03
  3.645800E+00  1.483568E+03
  3.657480E+00  1.472850E+03
  3.680940E+00  1.453089E+03
  3.704550E+00  1.431534E+03
  3.800530E+00  1.344371E+03
  4.000000E+00  1.182336E+03
  4.500000E+00  8.767698E+02
  5.000000E+00  6.691752E+02
  5.500000E+00  5.228448E+02
  6.000000E+00  4.165112E+02
  6.480740E+00  3.399714E+02
  7.000000E+00  2.771537E+02
  8.000000E+00  1.939534E+02
  9.000000E+00  1.411661E+02
  1.000000E+01  1.060314E+02
  1.100000E+01  8.172557E+01
  1.250000E+01  5.751761E+01
  1.400000E+01  4.204798E+01
  1.500000E+01  3.471921E+01
  1.750000E+01  2.258580E+01
  2.000000E+01  1.552905E+01
  2.200000E+01  1.187186E+01
  2.435700E+01  8.902266E+00
  2.435700E+01  6.064243E+01
  2.437680E+01  5.744971E+01
  2.439670E+01  5.656398E+01
  2.441660E+01  5.706830E+01
  2.443650E+01  5.740896E+01
  2.445640E+01  5.735068E+01
  2.447630E+01  5.715431E+01
  2.449620E+01  5.703209E+01
  2.451620E+01  5.699021E+01
  2.455610E+01  5.686571E+01
  2.459620E+01  5.665464E+01
  2.467640E+01  5.624963E+01
  2.483770E+01  5.535735E+01
  2.500000E+01  5.441837E+01
  2.738610E+01  4.286794E+01
  3.000000E+01  3.372682E+01
  3.500000E+01  2.234394E+01
  3.741660E+01  1.865477E+01
  4.000000E+01  1.555786E+01
  4.500000E+01  1.126127E+01
  5.000000E+01  8.409381E+00
  5.500000E+01  6.442933E+00
  6.000000E+01  5.043597E+00
  7.000000E+01  3.256777E+00
  8.000000E+01  2.222448E+00
  9.000000E+01  1.583152E+00
  1.000000E+02  1.167204E+00
  1.100000E+02  8.851279E-01
  1.250000E+02  6.101704E-01
  1.400000E+02  4.385490E-01
  1.500000E+02  3.586648E-01
  1.620190E+02  2.863063E-01
  1.750000E+02  2.289958E-01
  2.000000E+02  1.554954E-01
  2.200000E+02  1.181346E-01
  2.345210E+02  9.832353E-02
  2.500000E+02  8.194571E-02
  2.738610E+02  6.320701E-02
  2.866330E+02  5.561511E-02
  3.000000E+02  4.900649E-02
  3.240370E+02  3.956833E-02
  3.500000E+02  3.202537E-02
  3.741660E+02  2.671325E-02
  4.000000E+02  2.234547E-02
  4.242640E+02  1.912016E-02
  4.500000E+02  1.639469E-02
  4.743420E+02  1.431020E-02
  5.000000E+02  1.251447E-02
  5.244040E+02  1.110044E-02
  5.500000E+02  9.862118E-03
  5.744560E+02  8.864238E-03
  6.000000E+02  7.977497E-03
  6.235740E+02  7.272292E-03
  6.480740E+02  6.636917E-03
  6.735370E+02  6.066053E-03
  7.000000E+02  5.551783E-03
  7.483310E+02  4.770620E-03
  8.000000E+02  4.113023E-03
  8.485280E+02  3.617993E-03
  9.000000E+02  3.191452E-03
  9.486830E+02  2.858349E-03
  1.000000E+03  2.565318E-03
  1.048810E+03  2.330012E-03
  1.100000E+03  2.119695E-03
  1.172600E+03  1.871300E-03
  1.250000E+03  1.656983E-03
  1.322880E+03  1.490585E-03
  1.400000E+03  1.343687E-03
  1.500000E+03  1.187225E-03
  1.620190E+03  1.036904E-03
  1.750000E+03  9.090875E-04
  1.870830E+03  8.129551E-04
  2.000000E+03  7.286326E-04
  2.200000E+03  6.254436E-04
  2.345210E+03  5.657525E-04
  2.500000E+03  5.127698E-04
  2.616590E+03  4.785944E-04
  2.738610E+03  4.472104E-04
  3.000000E+03  3.918477E-04
  3.240370E+03  3.509790E-04
  3.500000E+03  3.148518E-04
  3.741660E+03  2.869843E-04
  4.000000E+03  2.619699E-04
  4.500000E+03  2.236222E-04
  5.000000E+03  1.946546E-04
  5.500000E+03  1.720667E-04
  6.000000E+03  1.539992E-04
  6.480740E+03  1.397457E-04
  7.000000E+03  1.269822E-04
  8.000000E+03  1.078134E-04
  9.000000E+03  9.354973E-05
  1.000000E+04  8.254498E-05
  1.100000E+04  7.380999E-05
  1.250000E+04  6.364727E-05
  1.400000E+04  5.590750E-05
  1.500000E+04  5.170134E-05
  1.750000E+04  4.349047E-05
  2.000000E+04  3.750947E-05
  2.200000E+04  3.378284E-05
  2.500000E+04  2.939299E-05
  3.000000E+04  2.414996E-05
  3.500000E+04  2.048790E-05
  4.000000E+04  1.778705E-05
  4.500000E+04  1.571359E-05
  5.000000E+04  1.407207E-05
  5.500000E+04  1.274049E-05
  6.000000E+04  1.163871E-05
  7.000000E+04  9.921876E-06
  8.000000E+04  8.645976E-06
  9.000000E+04  7.660602E-06
  1.000000E+05  6.876682E-06
  1.100000E+05  6.238252E-06
  1.250000E+05  5.475598E-06
  1.400000E+05  4.879043E-06
  1.500000E+05  4.548640E-06
  1.750000E+05  3.890019E-06
  2.000000E+05  3.397971E-06
  2.200000E+05  3.085711E-06
  2.500000E+05  2.711876E-06
  3.000000E+05  2.256277E-06
  3.500000E+05  1.931731E-06
  4.000000E+05  1.688808E-06
  4.500000E+05  1.500154E-06
  5.000000E+05  1.349413E-06
  5.500000E+05  1.226198E-06
  6.000000E+05  1.123603E-06
  7.000000E+05  9.625296E-07
  8.000000E+05  8.418491E-07
  9.000000E+05  7.480538E-07
  1.000000E+06  6.730685E-07
EndElement
Element    Ag   47   107.868000
Range      1.000000E+00 1.000000E+06
Npoints    213
Data
  1.000000E+00  6.558823E+03
  1.100000E+00  5.316398E+03
  1.172600E+00  4.608584E+03
  1.250000E+00  3.986338E+03
  1.400000E+00  3.071137E+03
  1.500000E+00  2.614267E+03
  1.620190E+00  2.179724E+03
  1.750000E+00  1.814380E+03
  2.000000E+00  1.314818E+03
  2.200000E+00  1.041782E+03
  2.500000E+00  7.598523E+02
  2.738610E+00  6.053014E+02
  3.000000E+00  4.813414E+02
  3.357000E+00  3.619856E+02
  3.357000E+00  7.379004E+02
  3.359190E+00  8.527626E+02
  3.361380E+00  9.349537E+02
  3.363570E+00  9.978504E+02
  3.365760E+00  1.047823E+03
  3.367960E+00  1.088243E+03
  3.370150E+00  1.121065E+03
  3.372350E+00  1.147572E+03
  3.374550E+00  1.168687E+03
  3.376750E+00  1.185162E+03
  3.378950E+00  1.197639E+03
  3.381160E+00  1.206712E+03
  3.383360E+00  1.212903E+03
  3.385570E+00  1.216699E+03
  3.387770E+00  1.218542E+03
  3.392190E+00  1.217844E+03
  3.396620E+00  1.213389E+03
  3.401050E+00  1.206918E+03
  3.409930E+00  1.192520E+03
  3.418830E+00  1.179757E+03
  3.427750E+00  1.169742E+03
  3.463690E+00  1.142341E+03
  3.481800E+00  1.127290E+03
  3.500000E+00  1.110764E+03
  3.530000E+00  1.084748E+03
  3.530000E+00  1.252469E+03
  3.532120E+00  1.304021E+03
  3.534240E+00  1.341516E+03
  3.536360E+00  1.370346E+03
  3.538490E+00  1.393219E+03
  3.540610E+00  1.411620E+03
  3.542740E+00  1.426426E+03
  3.544870E+00  1.438234E+03
  3.547000E+00  1.447479E+03
  3.549130E+00  1.454513E+03
  3.551260E+00  1.459633E+03
  3.555530E+00  1.465221E+03
  3.559800E+00  1.466148E+03
  3.564080E+00  1.463959E+03
  3.598480E+00  1.423199E+03
  3.633220E+00  1.391717E+03
  3.668290E+00  1.358225E+03
  3.812000E+00  1.230199E+03
  3.812000E+00  1.430150E+03
  3.814870E+00  1.426158E+03
  3.817740E+00  1.422133E+03
  3.823490E+00  1.413831E+03
  3.835010E+00  1.397155E+03
  3.846560E+00  1.384532E+03
  3.858150E+00  1.374589E+03
  3.904870E+00  1.338177E+03
  4.000000E+00  1.261267E+03
  4.242640E+00  1.088360E+03
  4.500000E+00  9.370696E+02
  5.000000E+00  7.156805E+02
  5.500000E+00  5.596614E+02
  6.000000E+00  4.462189E+02
  6.480740E+00  3.644872E+02
  7.000000E+00  2.973420E+02
  8.000000E+00  2.083039E+02
  9.000000E+00  1.517421E+02
  1.000000E+01  1.140549E+02
  1.100000E+01  8.795939E+01
  1.250000E+01  6.194931E+01
  1.400000E+01  4.531618E+01
  1.500000E+01  3.743131E+01
  1.750000E+01  2.436871E+01
  2.000000E+01  1.676567E+01
  2.200000E+01  1.282298E+01
  2.500000E+01  8.936907E+00
  2.552000E+01  8.429367E+00
  2.552000E+01  5.664781E+01
  2.553610E+01  5.449187E+01
  2.555230E+01  5.310542E+01
  2.556840E+01  5.312920E+01
  2.558460E+01  5.354177E+01
  2.560070E+01  5.379964E+01
  2.561690E+01  5.383861E+01
  2.564930E+01  5.358493E+01
  2.568170E+01  5.346261E+01
  2.571420E+01  5.342085E+01
  2.577930E+01  5.311267E+01
  2.590990E+01  5.251653E+01
  2.604120E+01  5.183955E+01
  2.657300E+01  4.916892E+01
  2.766950E+01  4.422411E+01
  3.000000E+01  3.579419E+01
  3.500000E+01  2.376263E+01
  4.000000E+01  1.657350E+01
  4.500000E+01  1.201358E+01
  5.000000E+01  8.982128E+00
  5.500000E+01  6.888994E+00
  6.000000E+01  5.397779E+00
  7.000000E+01  3.490852E+00
  8.000000E+01  2.385185E+00
  9.000000E+01  1.700875E+00
  1.000000E+02  1.255132E+00
  1.100000E+02  9.525565E-01
  1.250000E+02  6.573227E-01
  1.400000E+02  4.728515E-01
  1.500000E+02  3.869181E-01
  1.620190E+02  3.090364E-01
  1.750000E+02  2.473104E-01
  2.000000E+02  1.680866E-01
  2.200000E+02  1.277821E-01
  2.345210E+02  1.063974E-01
  2.500000E+02  8.871084E-02
  2.738610E+02  6.846397E-02
  2.866330E+02  6.025714E-02
  3.000000E+02  5.311083E-02
  3.240370E+02  4.290108E-02
  3.500000E+02  3.473751E-02
  3.741660E+02  2.898581E-02
  4.000000E+02  2.425460E-02
  4.242640E+02  2.075966E-02
  4.500000E+02  1.780531E-02
  4.743420E+02  1.554508E-02
  5.000000E+02  1.359738E-02
  5.244040E+02  1.206321E-02
  5.500000E+02  1.071935E-02
  5.744560E+02  9.636218E-03
  6.000000E+02  8.673451E-03
  6.235740E+02  7.907647E-03
  6.480740E+02  7.217547E-03
  6.735370E+02  6.597401E-03
  7.000000E+02  6.038610E-03
  7.483310E+02  5.189650E-03
  8.000000E+02  4.474773E-03
  8.485280E+02  3.936505E-03
  9.000000E+02  3.472607E-03
  9.486830E+02  3.110261E-03
  1.000000E+03  2.791457E-03
  1.048810E+03  2.535409E-03
  1.100000E+03  2.306533E-03
  1.172600E+03  2.036177E-03
  1.250000E+03  1.802885E-03
  1.322880E+03  1.621737E-03
  1.400000E+03  1.461810E-03
  1.500000E+03  1.291465E-03
  1.620190E+03  1.127786E-03
  1.750000E+03  9.886220E-04
  1.870830E+03  8.839485E-04
  2.000000E+03  7.921325E-04
  2.200000E+03  6.797938E-04
  2.345210E+03  6.148704E-04
  2.500000E+03  5.571407E-04
  2.738610E+03  4.851450E-04
  3.000000E+03  4.241548E-04
  3.240370E+03  3.796665E-04
  3.500000E+03  3.406975E-04
  3.741660E+03  3.105466E-04
  4.000000E+03  2.833898E-04
  4.500000E+03  2.418420E-04
  5.000000E+03  2.104645E-04
  5.500000E+03  1.860026E-04
  6.000000E+03  1.664396E-04
  6.480740E+03  1.510091E-04
  7.000000E+03  1.371942E-04
  8.000000E+03  1.164516E-04
  9.000000E+03  1.010216E-04
  1.000000E+04  8.912063E-05
  1.100000E+04  7.967551E-05
  1.250000E+04  6.869064E-05
  1.400000E+04  6.032692E-05
  1.500000E+04  5.578224E-05
  1.750000E+04  4.691305E-05
  2.000000E+04  4.045439E-05
  2.200000E+04  3.643108E-05
  2.500000E+04  3.169267E-05
  3.000000E+04  2.603475E-05
  3.500000E+04  2.208397E-05
  4.000000E+04  1.917077E-05
  4.500000E+04  1.693466E-05
  5.000000E+04  1.516455E-05
  5.500000E+04  1.372880E-05
  6.000000E+04  1.254099E-05
  7.000000E+04  1.069027E-05
  8.000000E+04  9.315035E-06
  9.000000E+04  8.253060E-06
  1.000000E+05  7.408258E-06
  1.100000E+05  6.720280E-06
  1.250000E+05  5.898480E-06
  1.400000E+05  5.255690E-06
  1.500000E+05  4.899703E-06
  1.750000E+05  4.190119E-06
  2.000000E+05  3.660024E-06
  2.200000E+05  3.323628E-06
  2.500000E+05  2.920918E-06
  3.000000E+05  2.430144E-06
  3.500000E+05  2.080555E-06
  4.000000E+05  1.818891E-06
  4.500000E+05  1.615691E-06
  5.000000E+05  1.453330E-06
  5.500000E+05  1.320619E-06
  6.000000E+05  1.210111E-06
  7.000000E+05  1.036629E-06
  8.000000E+05  9.066541E-07
  9.000000E+05  8.056375E-07
  1.000000E+06  7.248755E-07
EndElement
Element    Cd   48   112.410000
Range      1.000000E+00 1.000000E+06
Npoints    210
Data
  1.000000E+00  6.840468E+03
  1.100000E+00  5.557770E+03
  1.172600E+00  4.821527E+03
  1.250000E+00  4.174242E+03
  1.322880E+00  3.668700E+03
  1.400000E+00  3.220460E+03
  1.500000E+00  2.743232E+03
  1.620190E+00  2.289212E+03
  1.750000E+00  1.906540E+03
  1.870830E+00  1.624992E+03
  2.000000E+00  1.383099E+03
  2.200000E+00  1.096720E+03
  2.500000E+00  8.005788E+02
  2.738610E+00  6.380812E+02
  3.000000E+00  5.076781E+02
  3.240370E+00  4.178635E+02
  3.500000E+00  3.435481E+02
  3.542000E+00  3.332492E+02
  3.542000E+00  6.090821E+02
  3.544890E+00  7.529792E+02
  3.547790E+00  8.593163E+02
  3.550690E+00  9.378596E+02
  3.553590E+00  9.946952E+02
  3.556490E+00  1.034446E+03
  3.559390E+00  1.060992E+03
  3.562300E+00  1.077637E+03
  3.565210E+00  1.087109E+03
  3.568120E+00  1.091571E+03
  3.571040E+00  1.092686E+03
  3.573950E+00  1.091684E+03
  3.576870E+00  1.089450E+03
  3.588570E+00  1.077696E+03
  3.635760E+00  1.049383E+03
  3.683570E+00  1.011817E+03
  3.732000E+00  9.782376E+02
  3.732000E+00  1.102645E+03
  3.734020E+00  1.151011E+03
  3.736050E+00  1.190247E+03
  3.738070E+00  1.222064E+03
  3.740100E+00  1.247656E+03
  3.742120E+00  1.267955E+03
  3.744150E+00  1.283748E+03
  3.746180E+00  1.295727E+03
  3.748210E+00  1.304535E+03
  3.750240E+00  1.310738E+03
  3.752270E+00  1.314842E+03
  3.756340E+00  1.318426E+03
  3.760420E+00  1.318019E+03
  3.764490E+00  1.315437E+03
  3.780840E+00  1.300302E+03
  3.797270E+00  1.287590E+03
  3.813760E+00  1.275702E+03
  3.830330E+00  1.262303E+03
  3.863680E+00  1.233100E+03
  3.931250E+00  1.178451E+03
  4.000000E+00  1.127979E+03
  4.022000E+00  1.112400E+03
  4.022000E+00  1.316594E+03
  4.025530E+00  1.299863E+03
  4.029060E+00  1.288415E+03
  4.032600E+00  1.280052E+03
  4.036140E+00  1.273698E+03
  4.043230E+00  1.264687E+03
  4.050330E+00  1.258499E+03
  4.078860E+00  1.240579E+03
  4.136520E+00  1.198808E+03
  4.254290E+00  1.118256E+03
  4.500000E+00  9.711660E+02
  5.000000E+00  7.423985E+02
  5.500000E+00  5.809938E+02
  6.000000E+00  4.636529E+02
  6.480740E+00  3.790488E+02
  7.000000E+00  3.094660E+02
  8.000000E+00  2.170633E+02
  9.000000E+00  1.582793E+02
  1.000000E+01  1.190655E+02
  1.100000E+01  9.188519E+01
  1.250000E+01  6.476868E+01
  1.400000E+01  4.741216E+01
  1.500000E+01  3.917879E+01
  1.750000E+01  2.552882E+01
  2.000000E+01  1.757650E+01
  2.200000E+01  1.344988E+01
  2.500000E+01  9.380096E+00
  2.671500E+01  7.767763E+00
  2.671500E+01  5.729632E+01
  2.673920E+01  4.842340E+01
  2.676350E+01  4.887593E+01
  2.678770E+01  4.922389E+01
  2.681200E+01  4.904780E+01
  2.690930E+01  4.881791E+01
  2.700700E+01  4.843631E+01
  2.710510E+01  4.799364E+01
  2.750090E+01  4.626987E+01
  2.830990E+01  4.287260E+01
  3.000000E+01  3.686047E+01
  3.240370E+01  3.009554E+01
  3.500000E+01  2.452545E+01
  4.000000E+01  1.713441E+01
  4.500000E+01  1.243810E+01
  5.000000E+01  9.311148E+00
  5.500000E+01  7.148995E+00
  6.000000E+01  5.606736E+00
  7.000000E+01  3.631671E+00
  8.000000E+01  2.484560E+00
  9.000000E+01  1.773631E+00
  1.000000E+02  1.310015E+00
  1.100000E+02  9.950006E-01
  1.250000E+02  6.873202E-01
  1.400000E+02  4.948629E-01
  1.500000E+02  4.051389E-01
  1.620190E+02  3.237748E-01
  1.750000E+02  2.592478E-01
  2.000000E+02  1.763634E-01
  2.200000E+02  1.341596E-01
  2.345210E+02  1.117544E-01
  2.500000E+02  9.321541E-02
  2.738610E+02  7.198175E-02
  2.866330E+02  6.337043E-02
  3.000000E+02  5.586968E-02
  3.240370E+02  4.514950E-02
  3.500000E+02  3.657375E-02
  3.741660E+02  3.052890E-02
  4.000000E+02  2.555437E-02
  4.242640E+02  2.187841E-02
  4.500000E+02  1.877000E-02
  4.743420E+02  1.639114E-02
  5.000000E+02  1.434058E-02
  5.244040E+02  1.272498E-02
  5.500000E+02  1.130937E-02
  5.744560E+02  1.016816E-02
  6.000000E+02  9.153589E-03
  6.235740E+02  8.346352E-03
  6.480740E+02  7.618830E-03
  6.735370E+02  6.964918E-03
  7.000000E+02  6.375562E-03
  7.483310E+02  5.479982E-03
  8.000000E+02  4.725653E-03
  8.485280E+02  4.157522E-03
  9.000000E+02  3.667779E-03
  9.486830E+02  3.285177E-03
  1.000000E+03  2.948497E-03
  1.048810E+03  2.678055E-03
  1.100000E+03  2.436280E-03
  1.172600E+03  2.150651E-03
  1.250000E+03  1.904150E-03
  1.322880E+03  1.712723E-03
  1.400000E+03  1.543711E-03
  1.500000E+03  1.363674E-03
  1.620190E+03  1.190681E-03
  1.750000E+03  1.043597E-03
  1.870830E+03  9.329684E-04
  2.000000E+03  8.359317E-04
  2.200000E+03  7.172139E-04
  2.345210E+03  6.486137E-04
  2.500000E+03  5.876154E-04
  2.738610E+03  5.115536E-04
  2.866330E+03  4.780035E-04
  3.000000E+03  4.471358E-04
  3.240370E+03  4.001678E-04
  3.500000E+03  3.590393E-04
  3.741660E+03  3.272180E-04
  4.000000E+03  2.985580E-04
  4.500000E+03  2.547193E-04
  5.000000E+03  2.216186E-04
  5.500000E+03  1.958184E-04
  6.000000E+03  1.751896E-04
  6.480740E+03  1.589211E-04
  7.000000E+03  1.443589E-04
  8.000000E+03  1.224995E-04
  9.000000E+03  1.062433E-04
  1.000000E+04  9.370828E-05
  1.100000E+04  8.376299E-05
  1.250000E+04  7.219819E-05
  1.400000E+04  6.339614E-05
  1.500000E+04  5.861422E-05
  1.750000E+04  4.928400E-05
  2.000000E+04  4.249158E-05
  2.200000E+04  3.826130E-05
  2.500000E+04  3.328014E-05
  3.000000E+04  2.733391E-05
  3.500000E+04  2.318286E-05
  4.000000E+04  2.012261E-05
  4.500000E+04  1.777402E-05
  5.000000E+04  1.591514E-05
  5.500000E+04  1.440755E-05
  6.000000E+04  1.316037E-05
  7.000000E+04  1.121744E-05
  8.000000E+04  9.773804E-06
  9.000000E+04  8.659111E-06
  1.000000E+05  7.772478E-06
  1.100000E+05  7.050474E-06
  1.250000E+05  6.188056E-06
  1.400000E+05  5.513572E-06
  1.500000E+05  5.140029E-06
  1.750000E+05  4.395498E-06
  2.000000E+05  3.839330E-06
  2.200000E+05  3.486397E-06
  2.500000E+05  3.063910E-06
  3.000000E+05  2.549052E-06
  3.500000E+05  2.182323E-06
  4.000000E+05  1.907836E-06
  4.500000E+05  1.694680E-06
  5.000000E+05  1.524371E-06
  5.500000E+05  1.385162E-06
  6.000000E+05  1.269251E-06
  7.000000E+05  1.087280E-06
  8.000000E+05  9.509475E-07
  9.000000E+05  8.449908E-07
  1.000000E+06  7.602812E-07
EndElement
Element    In   49   114.820000
Range      1.000000E+00 1.000000E+06
Npoints    202
Data
  1.000000E+00  7.263178E+03
  1.048810E+00  6.557798E+03
  1.100000E+00  5.912314E+03
  1.172600E+00  5.135687E+03
  1.250000E+00  4.451349E+03
  1.400000E+00  3.438835E+03
  1.500000E+00  2.931207E+03
  1.620190E+00  2.447826E+03
  1.750000E+00  2.039975E+03
  1.870830E+00  1.739440E+03
  2.000000E+00  1.481519E+03
  2.200000E+00  1.175498E+03
  2.500000E+00  8.587556E+02
  2.738610E+00  6.848415E+02
  3.000000E+00  5.451710E+02
  3.240370E+00  4.488819E+02
  3.500000E+00  3.691837E+02
  3.735000E+00  3.127553E+02
  3.735000E+00  5.773168E+02
  3.738160E+00  7.535229E+02
  3.741330E+00  8.695547E+02
  3.744500E+00  9.366574E+02
  3.747670E+00  9.714360E+02
  3.750850E+00  9.873751E+02
  3.754020E+00  9.933228E+02
  3.757200E+00  9.945029E+02
  3.760390E+00  9.937843E+02
  3.766760E+00  9.917074E+02
  3.773150E+00  9.911829E+02
  3.785950E+00  9.928403E+02
  3.792370E+00  9.926934E+02
  3.798790E+00  9.910623E+02
  3.805230E+00  9.879678E+02
  3.811680E+00  9.837405E+02
  3.837590E+00  9.639883E+02
  3.889940E+00  9.328391E+02
  3.943000E+00  9.013805E+02
  3.943000E+00  1.022951E+03
  3.946540E+00  1.112329E+03
  3.950080E+00  1.166560E+03
  3.953630E+00  1.194059E+03
  3.957170E+00  1.205629E+03
  3.960720E+00  1.208975E+03
  3.964280E+00  1.208561E+03
  3.971400E+00  1.204544E+03
  4.000000E+00  1.191930E+03
  4.242000E+00  1.025846E+03
  4.242000E+00  1.209253E+03
  4.245920E+00  1.189302E+03
  4.249830E+00  1.179169E+03
  4.253760E+00  1.173447E+03
  4.257680E+00  1.169933E+03
  4.273420E+00  1.162197E+03
  4.289220E+00  1.153338E+03
  4.305080E+00  1.142518E+03
  4.369100E+00  1.102154E+03
  4.500000E+00  1.024163E+03
  4.743420E+00  8.967598E+02
  5.000000E+00  7.843416E+02
  5.500000E+00  6.142877E+02
  6.000000E+00  4.906020E+02
  6.480740E+00  4.013849E+02
  7.000000E+00  3.279591E+02
  8.000000E+00  2.303193E+02
  9.000000E+00  1.681112E+02
  1.000000E+01  1.265636E+02
  1.100000E+01  9.773732E+01
  1.250000E+01  6.895042E+01
  1.400000E+01  5.050794E+01
  1.500000E+01  4.175396E+01
  1.750000E+01  2.723012E+01
  2.000000E+01  1.876095E+01
  2.200000E+01  1.436314E+01
  2.500000E+01  1.002339E+01
  2.794400E+01  7.308861E+00
  2.794400E+01  5.212739E+01
  2.795950E+01  4.504018E+01
  2.797500E+01  4.565220E+01
  2.799050E+01  4.601777E+01
  2.800610E+01  4.586871E+01
  2.802160E+01  4.572820E+01
  2.803710E+01  4.569636E+01
  2.806830E+01  4.576858E+01
  2.809940E+01  4.568650E+01
  2.813060E+01  4.551033E+01
  2.819310E+01  4.534973E+01
  2.844440E+01  4.440188E+01
  2.895380E+01  4.241665E+01
  3.000000E+01  3.864613E+01
  3.240370E+01  3.159274E+01
  3.500000E+01  2.577284E+01
  4.000000E+01  1.803637E+01
  4.500000E+01  1.311161E+01
  5.000000E+01  9.827387E+00
  5.500000E+01  7.553481E+00
  6.000000E+01  5.929517E+00
  7.000000E+01  3.846722E+00
  8.000000E+01  2.635014E+00
  9.000000E+01  1.883028E+00
  1.000000E+02  1.392079E+00
  1.100000E+02  1.058170E+00
  1.250000E+02  7.317043E-01
  1.400000E+02  5.272756E-01
  1.500000E+02  4.318959E-01
  1.620190E+02  3.453542E-01
  1.750000E+02  2.766760E-01
  2.000000E+02  1.883936E-01
  2.200000E+02  1.434022E-01
  2.345210E+02  1.195029E-01
  2.500000E+02  9.971882E-02
  2.738610E+02  7.704742E-02
  2.866330E+02  6.784900E-02
  3.000000E+02  5.983381E-02
  3.240370E+02  4.837423E-02
  3.500000E+02  3.920266E-02
  3.741660E+02  3.273491E-02
  4.000000E+02  2.741023E-02
  4.242640E+02  2.347402E-02
  4.500000E+02  2.014433E-02
  4.743420E+02  1.759538E-02
  5.000000E+02  1.539758E-02
  5.244040E+02  1.366547E-02
  5.500000E+02  1.214745E-02
  5.744560E+02  1.092330E-02
  6.000000E+02  9.834782E-03
  6.235740E+02  8.968595E-03
  6.480740E+02  8.187688E-03
  6.735370E+02  7.485717E-03
  7.000000E+02  6.852925E-03
  7.483310E+02  5.891124E-03
  8.000000E+02  5.080800E-03
  8.485280E+02  4.470341E-03
  9.000000E+02  3.943978E-03
  9.486830E+02  3.532687E-03
  1.000000E+03  3.170692E-03
  1.048810E+03  2.879881E-03
  1.100000E+03  2.619862E-03
  1.172600E+03  2.312645E-03
  1.250000E+03  2.047475E-03
  1.322880E+03  1.841536E-03
  1.400000E+03  1.659692E-03
  1.500000E+03  1.465973E-03
  1.620190E+03  1.279828E-03
  1.750000E+03  1.121554E-03
  1.870830E+03  1.002517E-03
  2.000000E+03  8.981077E-04
  2.200000E+03  7.703798E-04
  2.345210E+03  6.965848E-04
  2.500000E+03  6.309664E-04
  2.738610E+03  5.491571E-04
  3.000000E+03  4.798905E-04
  3.240370E+03  4.294082E-04
  3.500000E+03  3.852151E-04
  3.741660E+03  3.510249E-04
  4.000000E+03  3.202308E-04
  4.500000E+03  2.731378E-04
  5.000000E+03  2.375877E-04
  5.500000E+03  2.098838E-04
  6.000000E+03  1.877374E-04
  6.480740E+03  1.702752E-04
  7.000000E+03  1.546471E-04
  8.000000E+03  1.311937E-04
  9.000000E+03  1.137572E-04
  1.000000E+04  1.003157E-04
  1.100000E+04  8.965343E-05
  1.250000E+04  7.725879E-05
  1.400000E+04  6.782697E-05
  1.500000E+04  6.270432E-05
  1.750000E+04  5.271130E-05
  2.000000E+04  4.543884E-05
  2.200000E+04  4.091049E-05
  2.500000E+04  3.557935E-05
  3.000000E+04  2.921703E-05
  3.500000E+04  2.477669E-05
  4.000000E+04  2.150379E-05
  4.500000E+04  1.899240E-05
  5.000000E+04  1.700497E-05
  5.500000E+04  1.539328E-05
  6.000000E+04  1.406009E-05
  7.000000E+04  1.198339E-05
  8.000000E+04  1.044062E-05
  9.000000E+04  9.249456E-06
  1.000000E+05  8.302078E-06
  1.100000E+05  7.530613E-06
  1.250000E+05  6.609250E-06
  1.400000E+05  5.888659E-06
  1.500000E+05  5.489631E-06
  1.750000E+05  4.694317E-06
  2.000000E+05  4.100238E-06
  2.200000E+05  3.723264E-06
  2.500000E+05  3.272007E-06
  3.000000E+05  2.722116E-06
  3.500000E+05  2.330451E-06
  4.000000E+05  2.037306E-06
  4.500000E+05  1.809669E-06
  5.000000E+05  1.627787E-06
  5.500000E+05  1.479127E-06
  6.000000E+05  1.355344E-06
  7.000000E+05  1.161022E-06
  8.000000E+05  1.015435E-06
  9.000000E+05  9.022879E-07
  1.000000E+06  8.118299E-07
EndElement
Element    Sn   50   118.690000
Range      1.000000E+00 1.000000E+06
Npoints    199
Data
  1.000000E+00  7.611369E+03
  1.048810E+00  6.878859E+03
  1.100000E+00  6.208148E+03
  1.172600E+00  5.399073E+03
  1.250000E+00  4.683910E+03
  1.400000E+00  3.623965E+03
  1.500000E+00  3.091125E+03
  1.620190E+00  2.583082E+03
  1.750000E+00  2.154094E+03
  2.000000E+00  1.565894E+03
  2.200000E+00  1.243167E+03
  2.500000E+00  9.088668E+02
  2.738610E+00  7.251431E+02
  3.000000E+00  5.775501E+02
  3.240370E+00  4.757446E+02
  3.500000E+00  3.914047E+02
  3.933000E+00  2.906696E+02
  3.933000E+00  5.708476E+02
  3.935080E+00  7.028892E+02
  3.937150E+00  7.936399E+02
  3.939230E+00  8.485997E+02
  3.941310E+00  8.788195E+02
  3.943390E+00  8.938685E+02
  3.945480E+00  9.003073E+02
  3.947560E+00  9.022556E+02
  3.949640E+00  9.020679E+02
  3.953820E+00  8.999318E+02
  3.957990E+00  8.988460E+02
  3.962170E+00  8.995513E+02
  3.966360E+00  9.016467E+02
  3.974740E+00  9.070656E+02
  3.983140E+00  9.103636E+02
  3.991560E+00  9.098410E+02
  4.000000E+00  9.060762E+02
  4.019660E+00  8.940918E+02
  4.039410E+00  8.834570E+02
  4.079220E+00  8.626441E+02
  4.160000E+00  8.180096E+02
  4.160000E+00  9.485595E+02
  4.162330E+00  1.016290E+03
  4.164660E+00  1.059118E+03
  4.166990E+00  1.082022E+03
  4.169320E+00  1.092550E+03
  4.171660E+00  1.096345E+03
  4.174000E+00  1.096812E+03
  4.178670E+00  1.094402E+03
  4.188040E+00  1.090170E+03
  4.197430E+00  1.089328E+03
  4.206830E+00  1.088395E+03
  4.216260E+00  1.085365E+03
  4.235190E+00  1.074046E+03
  4.273290E+00  1.049473E+03
  4.311730E+00  1.026666E+03
  4.389660E+00  9.815394E+02
  4.469000E+00  9.364533E+02
  4.469000E+00  1.087070E+03
  4.472860E+00  1.077557E+03
  4.476730E+00  1.072782E+03
  4.484470E+00  1.068957E+03
  4.500000E+00  1.063756E+03
  4.743420E+00  9.330843E+02
  5.000000E+00  8.171927E+02
  5.500000E+00  6.406180E+02
  6.000000E+00  5.119657E+02
  6.480740E+00  4.191565E+02
  7.000000E+00  3.427450E+02
  8.000000E+00  2.410099E+02
  9.000000E+00  1.760912E+02
  1.000000E+01  1.326819E+02
  1.100000E+01  1.025337E+02
  1.250000E+01  7.239558E+01
  1.400000E+01  5.306831E+01
  1.500000E+01  4.388856E+01
  1.750000E+01  2.864710E+01
  2.000000E+01  1.975119E+01
  2.200000E+01  1.512862E+01
  2.500000E+01  1.056424E+01
  2.920400E+01  6.807774E+00
  2.920400E+01  4.386543E+01
  2.922860E+01  4.226869E+01
  2.925310E+01  4.246652E+01
  2.927770E+01  4.218497E+01
  2.930230E+01  4.228280E+01
  2.932700E+01  4.225118E+01
  2.935160E+01  4.211551E+01
  2.937630E+01  4.203717E+01
  2.940100E+01  4.200805E+01
  2.959930E+01  4.136377E+01
  3.000000E+01  4.000860E+01
  3.500000E+01  2.670945E+01
  4.000000E+01  1.872384E+01
  4.500000E+01  1.363067E+01
  5.000000E+01  1.022906E+01
  5.500000E+01  7.870591E+00
  6.000000E+01  6.184250E+00
  7.000000E+01  4.018258E+00
  8.000000E+01  2.756003E+00
  9.000000E+01  1.971572E+00
  1.000000E+02  1.458861E+00
  1.100000E+02  1.109806E+00
  1.250000E+02  7.681845E-01
  1.400000E+02  5.540430E-01
  1.500000E+02  4.540554E-01
  1.620190E+02  3.632788E-01
  1.750000E+02  2.911933E-01
  2.000000E+02  1.984602E-01
  2.200000E+02  1.511609E-01
  2.345210E+02  1.260210E-01
  2.500000E+02  1.051995E-01
  2.738610E+02  8.132909E-02
  2.866330E+02  7.163856E-02
  3.000000E+02  6.319214E-02
  3.240370E+02  5.111234E-02
  3.500000E+02  4.143901E-02
  3.741660E+02  3.461465E-02
  4.000000E+02  2.899400E-02
  4.242640E+02  2.483746E-02
  4.500000E+02  2.132023E-02
  4.743420E+02  1.862683E-02
  5.000000E+02  1.630372E-02
  5.244040E+02  1.447242E-02
  5.500000E+02  1.286706E-02
  5.744560E+02  1.157216E-02
  6.000000E+02  1.042050E-02
  6.480740E+02  8.677332E-03
  6.735370E+02  7.934218E-03
  7.000000E+02  7.264166E-03
  7.483310E+02  6.245542E-03
  8.000000E+02  5.387099E-03
  8.485280E+02  4.740210E-03
  9.000000E+02  4.182326E-03
  9.486830E+02  3.746326E-03
  1.000000E+03  3.362520E-03
  1.048810E+03  3.054127E-03
  1.100000E+03  2.778359E-03
  1.172600E+03  2.452481E-03
  1.250000E+03  2.171172E-03
  1.322880E+03  1.952672E-03
  1.400000E+03  1.759724E-03
  1.500000E+03  1.554173E-03
  1.620190E+03  1.356643E-03
  1.750000E+03  1.188684E-03
  1.870830E+03  1.062371E-03
  2.000000E+03  9.515784E-04
  2.200000E+03  8.160561E-04
  2.345210E+03  7.377617E-04
  2.500000E+03  6.681588E-04
  2.738610E+03  5.813859E-04
  3.000000E+03  5.079320E-04
  3.240370E+03  4.544212E-04
  3.500000E+03  4.075922E-04
  4.000000E+03  3.387346E-04
  4.500000E+03  2.888446E-04
  5.000000E+03  2.511911E-04
  5.500000E+03  2.218537E-04
  6.000000E+03  1.984059E-04
  6.480740E+03  1.799214E-04
  7.000000E+03  1.633812E-04
  8.000000E+03  1.385651E-04
  9.000000E+03  1.201206E-04
  1.000000E+04  1.059058E-04
  1.100000E+04  9.463321E-05
  1.250000E+04  8.153204E-05
  1.400000E+04  7.156550E-05
  1.500000E+04  6.615374E-05
  1.750000E+04  5.559863E-05
  2.000000E+04  4.791927E-05
  2.200000E+04  4.313870E-05
  2.500000E+04  3.751181E-05
  3.000000E+04  3.079831E-05
  3.500000E+04  2.611409E-05
  4.000000E+04  2.266215E-05
  4.500000E+04  2.001381E-05
  5.000000E+04  1.791827E-05
  5.500000E+04  1.621909E-05
  6.000000E+04  1.481368E-05
  7.000000E+04  1.262473E-05
  8.000000E+04  1.099877E-05
  9.000000E+04  9.743447E-06
  1.000000E+05  8.745169E-06
  1.100000E+05  7.932289E-06
  1.250000E+05  6.961512E-06
  1.400000E+05  6.202364E-06
  1.500000E+05  5.781945E-06
  1.750000E+05  4.944127E-06
  2.000000E+05  4.318325E-06
  2.200000E+05  3.921236E-06
  2.500000E+05  3.445919E-06
  3.000000E+05  2.866735E-06
  3.500000E+05  2.454216E-06
  4.000000E+05  2.145478E-06
  4.500000E+05  1.905739E-06
  5.000000E+05  1.714187E-06
  5.500000E+05  1.557623E-06
  6.000000E+05  1.427266E-06
  7.000000E+05  1.222623E-06
  8.000000E+05  1.069302E-06
  9.000000E+05  9.501527E-07
  1.000000E+06  8.548913E-07
EndElement
Element    Sb   51   121.750000
Range      1.000000E+00 1.000000E+06
Npoints    196
Data
  1.000000E+00  8.015803E+03
  1.048810E+00  7.255802E+03
  1.100000E+00  6.553672E+03
  1.172600E+00  5.705972E+03
  1.250000E+00  4.956358E+03
  1.400000E+00  3.840444E+03
  1.500000E+00  3.278167E+03
  1.620190E+00  2.741452E+03
  1.750000E+00  2.287395E+03
  2.000000E+00  1.664366E+03
  2.200000E+00  1.322180E+03
  2.500000E+00  9.673710E+02
  2.738610E+00  7.721893E+02
  3.000000E+00  6.153070E+02
  3.500000E+00  4.173158E+02
  4.000000E+00  2.969694E+02
  4.137000E+00  2.724001E+02
  4.137000E+00  5.884979E+02
  4.140770E+00  7.925978E+02
  4.144530E+00  8.429117E+02
  4.148310E+00  8.433520E+02
  4.152080E+00  8.353389E+02
  4.155860E+00  8.292253E+02
  4.159640E+00  8.266136E+02
  4.163430E+00  8.269055E+02
  4.167220E+00  8.290769E+02
  4.174800E+00  8.353686E+02
  4.182410E+00  8.401517E+02
  4.190020E+00  8.414081E+02
  4.197650E+00  8.394196E+02
  4.259200E+00  8.081194E+02
  4.321640E+00  7.804793E+02
  4.385000E+00  7.519638E+02
  4.385000E+00  9.012041E+02
  4.388550E+00  9.926219E+02
  4.392100E+00  1.015256E+03
  4.395660E+00  1.014524E+03
  4.399210E+00  1.009434E+03
  4.402770E+00  1.005047E+03
  4.406340E+00  1.002238E+03
  4.413470E+00  1.000383E+03
  4.427780E+00  1.000942E+03
  4.434950E+00  9.997149E+02
  4.442130E+00  9.970044E+02
  4.470970E+00  9.807557E+02
  4.500000E+00  9.662333E+02
  4.703000E+00  8.623508E+02
  4.703000E+00  9.887391E+02
  4.707500E+00  9.880169E+02
  4.712010E+00  9.872848E+02
  4.721030E+00  9.856773E+02
  4.730080E+00  9.833476E+02
  4.739140E+00  9.789800E+02
  4.775550E+00  9.588584E+02
  4.849230E+00  9.235713E+02
  5.000000E+00  8.558266E+02
  5.244040E+00  7.590964E+02
  5.500000E+00  6.721006E+02
  6.000000E+00  5.375311E+02
  7.000000E+00  3.603159E+02
  8.000000E+00  2.536862E+02
  9.000000E+00  1.855408E+02
  1.000000E+01  1.399194E+02
  1.100000E+01  1.082027E+02
  1.250000E+01  7.646363E+01
  1.400000E+01  5.608975E+01
  1.500000E+01  4.640605E+01
  1.750000E+01  3.031677E+01
  2.000000E+01  2.091713E+01
  2.200000E+01  1.602938E+01
  2.500000E+01  1.120024E+01
  2.738610E+01  8.654719E+00
  3.000000E+01  6.697956E+00
  3.049600E+01  6.395340E+00
  3.049600E+01  3.769138E+01
  3.051240E+01  3.897302E+01
  3.052880E+01  3.981513E+01
  3.054530E+01  3.950341E+01
  3.056170E+01  3.928543E+01
  3.059460E+01  3.940825E+01
  3.061110E+01  3.937293E+01
  3.062760E+01  3.927504E+01
  3.066050E+01  3.911251E+01
  3.069360E+01  3.901284E+01
  3.075970E+01  3.888928E+01
  3.102570E+01  3.812938E+01
  3.156450E+01  3.648938E+01
  3.267050E+01  3.333204E+01
  3.500000E+01  2.784044E+01
  4.000000E+01  1.955101E+01
  4.500000E+01  1.425301E+01
  5.000000E+01  1.070917E+01
  5.500000E+01  8.248824E+00
  6.000000E+01  6.487490E+00
  7.000000E+01  4.221919E+00
  8.000000E+01  2.899343E+00
  9.000000E+01  2.076311E+00
  1.000000E+02  1.537746E+00
  1.100000E+02  1.170739E+00
  1.250000E+02  8.111811E-01
  1.400000E+02  5.855598E-01
  1.500000E+02  4.801276E-01
  1.620190E+02  3.843545E-01
  1.750000E+02  3.082520E-01
  2.000000E+02  2.102788E-01
  2.200000E+02  1.602631E-01
  2.500000E+02  1.116255E-01
  2.738610E+02  8.634588E-02
  2.866330E+02  7.607881E-02
  3.000000E+02  6.712647E-02
  3.240370E+02  5.431798E-02
  3.500000E+02  4.405699E-02
  3.741660E+02  3.681460E-02
  4.000000E+02  3.084706E-02
  4.242640E+02  2.643243E-02
  4.500000E+02  2.269558E-02
  4.743420E+02  1.983310E-02
  5.000000E+02  1.736340E-02
  5.244040E+02  1.541599E-02
  5.500000E+02  1.370837E-02
  6.000000E+02  1.110517E-02
  6.480740E+02  9.249613E-03
  7.000000E+02  7.744795E-03
  7.483310E+02  6.659721E-03
  8.000000E+02  5.745048E-03
  8.485280E+02  5.055581E-03
  9.000000E+02  4.460861E-03
  9.486830E+02  3.995981E-03
  1.000000E+03  3.586678E-03
  1.048810E+03  3.257758E-03
  1.100000E+03  2.963586E-03
  1.172600E+03  2.615919E-03
  1.250000E+03  2.315757E-03
  1.322880E+03  2.082587E-03
  1.400000E+03  1.876667E-03
  1.500000E+03  1.657278E-03
  1.620190E+03  1.446446E-03
  1.750000E+03  1.267177E-03
  1.870830E+03  1.132355E-03
  2.000000E+03  1.014109E-03
  2.200000E+03  8.694784E-04
  2.345210E+03  7.859203E-04
  2.500000E+03  7.116662E-04
  2.738610E+03  6.191997E-04
  3.000000E+03  5.407412E-04
  3.240370E+03  4.831112E-04
  3.500000E+03  4.325930E-04
  3.741660E+03  3.939430E-04
  4.000000E+03  3.594068E-04
  4.500000E+03  3.063922E-04
  5.000000E+03  2.663883E-04
  5.500000E+03  2.352261E-04
  6.000000E+03  2.103248E-04
  6.480740E+03  1.906978E-04
  7.000000E+03  1.731384E-04
  8.000000E+03  1.467993E-04
  9.000000E+03  1.272292E-04
  1.000000E+04  1.121503E-04
  1.100000E+04  1.001956E-04
  1.250000E+04  8.630531E-05
  1.400000E+04  7.574146E-05
  1.500000E+04  7.000621E-05
  1.750000E+04  5.882308E-05
  2.000000E+04  5.068936E-05
  2.200000E+04  4.562725E-05
  2.500000E+04  3.967001E-05
  3.000000E+04  3.256423E-05
  3.500000E+04  2.760762E-05
  4.000000E+04  2.395571E-05
  4.500000E+04  2.115441E-05
  5.000000E+04  1.893816E-05
  5.500000E+04  1.714126E-05
  6.000000E+04  1.565519E-05
  7.000000E+04  1.334086E-05
  8.000000E+04  1.162196E-05
  9.000000E+04  1.029507E-05
  1.000000E+05  9.239917E-06
  1.100000E+05  8.380792E-06
  1.250000E+05  7.354876E-06
  1.400000E+05  6.552633E-06
  1.500000E+05  6.108405E-06
  1.750000E+05  5.223063E-06
  2.000000E+05  4.561845E-06
  2.200000E+05  4.142298E-06
  2.500000E+05  3.640113E-06
  3.000000E+05  3.028214E-06
  3.500000E+05  2.592419E-06
  4.000000E+05  2.266269E-06
  4.500000E+05  2.013008E-06
  5.000000E+05  1.810659E-06
  5.500000E+05  1.645274E-06
  6.000000E+05  1.507573E-06
  7.000000E+05  1.291404E-06
  8.000000E+05  1.129452E-06
  9.000000E+05  1.003593E-06
  1.000000E+06  9.029699E-07
EndElement
Element    Te   52   127.600000
Range      1.000000E+00 1.000000E+06
Npoints    203
Data
  1.000000E+00  7.858375E+03
  1.012000E+00  7.663740E+03
  1.012000E+00  7.992032E+03
  1.012660E+00  7.984056E+03
  1.013320E+00  7.975844E+03
  1.014640E+00  7.958523E+03
  1.017290E+00  7.922702E+03
  1.022600E+00  7.849455E+03
  1.033320E+00  7.697344E+03
  1.055080E+00  7.371978E+03
  1.100000E+00  6.751263E+03
  1.172600E+00  5.884188E+03
  1.250000E+00  5.117545E+03
  1.400000E+00  3.971800E+03
  1.500000E+00  3.394321E+03
  1.620190E+00  2.840275E+03
  1.750000E+00  2.371846E+03
  2.000000E+00  1.727524E+03
  2.200000E+00  1.373345E+03
  2.500000E+00  1.005613E+03
  2.738610E+00  8.031487E+02
  3.000000E+00  6.402678E+02
  3.500000E+00  4.346041E+02
  4.000000E+00  3.094682E+02
  4.347000E+00  2.500057E+02
  4.347000E+00  5.982638E+02
  4.349350E+00  7.459431E+02
  4.351700E+00  7.939881E+02
  4.354050E+00  7.971030E+02
  4.356410E+00  7.868050E+02
  4.358760E+00  7.748692E+02
  4.361120E+00  7.648827E+02
  4.363480E+00  7.575627E+02
  4.365840E+00  7.526685E+02
  4.368200E+00  7.498084E+02
  4.370560E+00  7.485766E+02
  4.375290E+00  7.494639E+02
  4.384760E+00  7.563686E+02
  4.389500E+00  7.594458E+02
  4.394250E+00  7.612675E+02
  4.403760E+00  7.610740E+02
  4.422840E+00  7.526779E+02
  4.442000E+00  7.450795E+02
  4.461250E+00  7.392178E+02
  4.480580E+00  7.321904E+02
  4.500000E+00  7.236150E+02
  4.558620E+00  6.985589E+02
  4.618000E+00  6.760655E+02
  4.618000E+00  8.425003E+02
  4.620470E+00  9.127602E+02
  4.622940E+00  9.311287E+02
  4.625410E+00  9.290002E+02
  4.627880E+00  9.220105E+02
  4.632830E+00  9.097255E+02
  4.637790E+00  9.031182E+02
  4.642750E+00  9.005224E+02
  4.647710E+00  9.001260E+02
  4.657660E+00  9.009472E+02
  4.667630E+00  8.999514E+02
  4.677620E+00  8.963834E+02
  4.697660E+00  8.864393E+02
  4.738010E+00  8.688920E+02
  4.778700E+00  8.497401E+02
  4.945000E+00  7.776066E+02
  4.945000E+00  8.845656E+02
  4.948420E+00  8.870528E+02
  4.951840E+00  8.883130E+02
  4.958690E+00  8.898374E+02
  4.965550E+00  8.898987E+02
  4.972420E+00  8.882752E+02
  5.000000E+00  8.748481E+02
  5.244040E+00  7.773423E+02
  5.500000E+00  6.889452E+02
  6.000000E+00  5.515686E+02
  7.000000E+00  3.701582E+02
  8.000000E+00  2.609295E+02
  9.000000E+00  1.910340E+02
  1.000000E+01  1.441821E+02
  1.100000E+01  1.115776E+02
  1.250000E+01  7.891742E+01
  1.400000E+01  5.792960E+01
  1.500000E+01  4.794776E+01
  1.750000E+01  3.135091E+01
  2.000000E+01  2.164582E+01
  2.200000E+01  1.659576E+01
  2.500000E+01  1.160319E+01
  3.000000E+01  6.944906E+00
  3.182000E+01  5.880271E+00
  3.182000E+01  3.252480E+01
  3.184370E+01  3.620189E+01
  3.186740E+01  3.606026E+01
  3.189110E+01  3.581947E+01
  3.191490E+01  3.593835E+01
  3.193860E+01  3.589243E+01
  3.196240E+01  3.575868E+01
  3.201000E+01  3.567477E+01
  3.220110E+01  3.517671E+01
  3.258680E+01  3.416215E+01
  3.337210E+01  3.210948E+01
  3.500000E+01  2.834701E+01
  4.000000E+01  1.994494E+01
  4.500000E+01  1.456079E+01
  5.000000E+01  1.095374E+01
  5.500000E+01  8.446194E+00
  6.000000E+01  6.648991E+00
  7.000000E+01  4.333794E+00
  8.000000E+01  2.979936E+00
  9.000000E+01  2.136274E+00
  1.000000E+02  1.583582E+00
  1.100000E+02  1.206580E+00
  1.250000E+02  8.368652E-01
  1.400000E+02  6.046163E-01
  1.500000E+02  4.960054E-01
  1.620190E+02  3.972862E-01
  1.750000E+02  3.187940E-01
  2.000000E+02  2.176673E-01
  2.200000E+02  1.659987E-01
  2.500000E+02  1.157148E-01
  2.738610E+02  8.955952E-02
  3.000000E+02  6.966191E-02
  3.240370E+02  5.639433E-02
  3.500000E+02  4.576081E-02
  3.741660E+02  3.825197E-02
  4.000000E+02  3.206228E-02
  4.242640E+02  2.748159E-02
  4.500000E+02  2.360287E-02
  4.743420E+02  2.063074E-02
  5.000000E+02  1.806576E-02
  5.500000E+02  1.426818E-02
  6.000000E+02  1.156209E-02
  6.480740E+02  9.632452E-03
  7.000000E+02  8.066931E-03
  7.483310E+02  6.937780E-03
  8.000000E+02  5.985611E-03
  8.485280E+02  5.267721E-03
  9.000000E+02  4.648352E-03
  9.486830E+02  4.164093E-03
  1.000000E+03  3.737659E-03
  1.100000E+03  3.088353E-03
  1.172600E+03  2.725986E-03
  1.250000E+03  2.413090E-03
  1.322880E+03  2.170000E-03
  1.400000E+03  1.955303E-03
  1.500000E+03  1.726547E-03
  1.620190E+03  1.506701E-03
  1.750000E+03  1.319755E-03
  1.870830E+03  1.179164E-03
  2.000000E+03  1.055866E-03
  2.200000E+03  9.050721E-04
  2.345210E+03  8.179539E-04
  2.500000E+03  7.405487E-04
  2.738610E+03  6.441756E-04
  3.000000E+03  5.624189E-04
  3.240370E+03  5.023721E-04
  3.500000E+03  4.497496E-04
  3.741660E+03  4.095051E-04
  4.000000E+03  3.735535E-04
  4.500000E+03  3.183693E-04
  5.000000E+03  2.767367E-04
  5.500000E+03  2.443120E-04
  6.000000E+03  2.184074E-04
  7.000000E+03  1.797321E-04
  8.000000E+03  1.523474E-04
  9.000000E+03  1.320066E-04
  1.000000E+04  1.163382E-04
  1.100000E+04  1.039187E-04
  1.250000E+04  8.949250E-05
  1.400000E+04  7.852381E-05
  1.500000E+04  7.257010E-05
  1.750000E+04  6.096379E-05
  2.000000E+04  5.252477E-05
  2.200000E+04  4.727380E-05
  2.500000E+04  4.109554E-05
  3.000000E+04  3.372814E-05
  3.500000E+04  2.859040E-05
  4.000000E+04  2.480584E-05
  4.500000E+04  2.190327E-05
  5.000000E+04  1.960717E-05
  5.500000E+04  1.774578E-05
  6.000000E+04  1.620654E-05
  7.000000E+04  1.380963E-05
  8.000000E+04  1.202960E-05
  9.000000E+04  1.065570E-05
  1.000000E+05  9.563169E-06
  1.100000E+05  8.673723E-06
  1.250000E+05  7.611637E-06
  1.400000E+05  6.781186E-06
  1.500000E+05  6.321360E-06
  1.750000E+05  5.405013E-06
  2.000000E+05  4.720631E-06
  2.200000E+05  4.286410E-06
  2.500000E+05  3.766679E-06
  3.000000E+05  3.133429E-06
  3.500000E+05  2.682444E-06
  4.000000E+05  2.344935E-06
  4.500000E+05  2.082863E-06
  5.000000E+05  1.873476E-06
  5.500000E+05  1.702345E-06
  6.000000E+05  1.559857E-06
  7.000000E+05  1.336179E-06
  8.000000E+05  1.168602E-06
  9.000000E+05  1.038376E-06
  1.000000E+06  9.342625E-07
EndElement
Element    I    53   126.905000
Range      1.000000E+00 1.000000E+06
Npoints    183
Data
  1.000000E+00  8.516177E+03
  1.078000E+00  7.275731E+03
  1.078000E+00  7.572461E+03
  1.078680E+00  7.566766E+03
  1.079360E+00  7.560834E+03
  1.080730E+00  7.547500E+03
  1.083460E+00  7.518126E+03
  1.088940E+00  7.454443E+03
  1.100000E+00  7.315260E+03
  1.172600E+00  6.387678E+03
  1.250000E+00  5.559797E+03
  1.400000E+00  4.323475E+03
  1.500000E+00  3.697207E+03
  1.620190E+00  3.096810E+03
  1.750000E+00  2.587981E+03
  2.000000E+00  1.886835E+03
  2.200000E+00  1.500764E+03
  2.500000E+00  1.099806E+03
  3.000000E+00  7.009182E+02
  3.500000E+00  4.761480E+02
  4.000000E+00  3.392657E+02
  4.500000E+00  2.508728E+02
  4.563000E+00  2.420535E+02
  4.563000E+00  6.425879E+02
  4.567470E+00  8.126390E+02
  4.571940E+00  7.772004E+02
  4.576420E+00  7.442342E+02
  4.580900E+00  7.261258E+02
  4.585390E+00  7.183765E+02
  4.589880E+00  7.169719E+02
  4.598870E+00  7.217885E+02
  4.607880E+00  7.268233E+02
  4.616910E+00  7.278578E+02
  4.625960E+00  7.253618E+02
  4.635030E+00  7.212760E+02
  4.708190E+00  6.963627E+02
  4.858000E+00  6.422035E+02
  4.858000E+00  8.359152E+02
  4.862380E+00  9.100999E+02
  4.866760E+00  8.898656E+02
  4.871140E+00  8.723883E+02
  4.875530E+00  8.624182E+02
  4.879920E+00  8.574545E+02
  4.884310E+00  8.555421E+02
  4.893120E+00  8.554472E+02
  4.901940E+00  8.556038E+02
  4.910770E+00  8.539429E+02
  4.928490E+00  8.464927E+02
  5.000000E+00  8.175647E+02
  5.195000E+00  7.401104E+02
  5.195000E+00  8.373293E+02
  5.199630E+00  8.430238E+02
  5.204270E+00  8.457144E+02
  5.213560E+00  8.477882E+02
  5.222860E+00  8.462222E+02
  5.232180E+00  8.424021E+02
  5.269630E+00  8.260163E+02
  5.345330E+00  7.975772E+02
  5.500000E+00  7.426540E+02
  6.000000E+00  5.954424E+02
  7.000000E+00  4.001016E+02
  8.000000E+00  2.823514E+02
  9.000000E+00  2.069285E+02
  1.000000E+01  1.563104E+02
  1.100000E+01  1.210498E+02
  1.250000E+01  8.569183E+01
  1.400000E+01  6.294716E+01
  1.500000E+01  5.212197E+01
  1.750000E+01  3.410946E+01
  2.000000E+01  2.356704E+01
  2.200000E+01  1.807748E+01
  2.500000E+01  1.264699E+01
  3.000000E+01  7.576115E+00
  3.317600E+01  5.701399E+00
  3.317600E+01  3.006220E+01
  3.320380E+01  3.497701E+01
  3.323150E+01  3.451917E+01
  3.325930E+01  3.448520E+01
  3.328720E+01  3.455956E+01
  3.334290E+01  3.431560E+01
  3.339870E+01  3.424214E+01
  3.351060E+01  3.400563E+01
  3.362290E+01  3.367473E+01
  3.407580E+01  3.258296E+01
  3.500000E+01  3.037740E+01
  4.000000E+01  2.140343E+01
  4.500000E+01  1.564793E+01
  5.000000E+01  1.178585E+01
  5.500000E+01  9.097487E+00
  6.000000E+01  7.168390E+00
  7.000000E+01  4.679726E+00
  8.000000E+01  3.221885E+00
  9.000000E+01  2.312164E+00
  1.000000E+02  1.715507E+00
  1.100000E+02  1.308120E+00
  1.250000E+02  9.082065E-01
  1.400000E+02  6.567197E-01
  1.500000E+02  5.390197E-01
  1.750000E+02  3.468222E-01
  2.000000E+02  2.370196E-01
  2.200000E+02  1.808697E-01
  2.500000E+02  1.261838E-01
  2.738610E+02  9.771760E-02
  3.000000E+02  7.604777E-02
  3.240370E+02  6.159140E-02
  3.500000E+02  4.999936E-02
  3.741660E+02  4.180985E-02
  4.000000E+02  3.505640E-02
  4.242640E+02  3.005665E-02
  4.500000E+02  2.582158E-02
  5.000000E+02  1.977296E-02
  5.500000E+02  1.562231E-02
  6.000000E+02  1.266327E-02
  6.480740E+02  1.055233E-02
  7.000000E+02  8.839054E-03
  7.483310E+02  7.602926E-03
  8.000000E+02  6.560268E-03
  8.485280E+02  5.773957E-03
  9.000000E+02  5.095413E-03
  1.000000E+03  4.097419E-03
  1.100000E+03  3.385638E-03
  1.172600E+03  2.988326E-03
  1.250000E+03  2.645201E-03
  1.322880E+03  2.378600E-03
  1.400000E+03  2.143124E-03
  1.500000E+03  1.892206E-03
  1.620190E+03  1.651050E-03
  1.750000E+03  1.445983E-03
  1.870830E+03  1.291762E-03
  2.000000E+03  1.156514E-03
  2.200000E+03  9.911085E-04
  2.500000E+03  8.106839E-04
  2.738610E+03  7.050088E-04
  3.000000E+03  6.153825E-04
  3.240370E+03  5.495687E-04
  3.500000E+03  4.919074E-04
  4.000000E+03  4.084502E-04
  4.500000E+03  3.480210E-04
  5.000000E+03  3.024400E-04
  5.500000E+03  2.669478E-04
  6.000000E+03  2.385969E-04
  7.000000E+03  1.962813E-04
  8.000000E+03  1.663289E-04
  9.000000E+03  1.440872E-04
  1.000000E+04  1.269592E-04
  1.100000E+04  1.133859E-04
  1.250000E+04  9.762364E-05
  1.400000E+04  8.564248E-05
  1.500000E+04  7.914034E-05
  1.750000E+04  6.646824E-05
  2.000000E+04  5.725696E-05
  2.200000E+04  5.152690E-05
  2.500000E+04  4.478611E-05
  3.000000E+04  3.675022E-05
  3.500000E+04  3.114776E-05
  4.000000E+04  2.702179E-05
  4.500000E+04  2.385784E-05
  5.000000E+04  2.135536E-05
  5.500000E+04  1.932689E-05
  6.000000E+04  1.764959E-05
  7.000000E+04  1.503810E-05
  8.000000E+04  1.309895E-05
  9.000000E+04  1.160234E-05
  1.000000E+05  1.041239E-05
  1.100000E+05  9.443664E-06
  1.250000E+05  8.286975E-06
  1.400000E+05  7.382598E-06
  1.500000E+05  6.881911E-06
  1.750000E+05  5.884050E-06
  2.000000E+05  5.138881E-06
  2.200000E+05  4.666131E-06
  2.500000E+05  4.100280E-06
  3.000000E+05  3.410865E-06
  3.500000E+05  2.919897E-06
  4.000000E+05  2.552476E-06
  4.500000E+05  2.267187E-06
  5.000000E+05  2.039257E-06
  5.500000E+05  1.852967E-06
  6.000000E+05  1.697864E-06
  7.000000E+05  1.454382E-06
  8.000000E+05  1.271974E-06
  9.000000E+05  1.130220E-06
  1.000000E+06  1.016895E-06
EndElement
Element    Xe   54   131.290000
Range      1.000000E+00 1.000000E+06
Npoints    185
Data
  1.000000E+00  8.361872E+03
  1.002100E+00  8.324810E+03
  1.002100E+00  8.808545E+03
  1.002830E+00  8.859780E+03
  1.003560E+00  8.886706E+03
  1.005020E+00  8.886797E+03
  1.007960E+00  8.803224E+03
  1.013840E+00  8.642086E+03
  1.019770E+00  8.499892E+03
  1.025730E+00  8.387009E+03
  1.049910E+00  8.007076E+03
  1.100000E+00  7.269044E+03
  1.148700E+00  6.626144E+03
  1.148700E+00  6.887092E+03
  1.149460E+00  6.883010E+03
  1.150220E+00  6.878286E+03
  1.151740E+00  6.867231E+03
  1.154780E+00  6.841361E+03
  1.160900E+00  6.782282E+03
  1.173230E+00  6.647519E+03
  1.198280E+00  6.352810E+03
  1.250000E+00  5.801373E+03
  1.322880E+00  5.125264E+03
  1.400000E+00  4.518000E+03
  1.500000E+00  3.867619E+03
  1.750000E+00  2.711243E+03
  2.000000E+00  1.978775E+03
  2.200000E+00  1.575036E+03
  2.500000E+00  1.155027E+03
  3.000000E+00  7.368533E+02
  3.500000E+00  5.008803E+02
  4.000000E+00  3.571085E+02
  4.500000E+00  2.642022E+02
  4.787300E+00  2.252723E+02
  4.787300E+00  6.640317E+02
  4.790550E+00  8.068127E+02
  4.793810E+00  7.706588E+02
  4.797070E+00  7.283446E+02
  4.800320E+00  6.996077E+02
  4.803590E+00  6.800905E+02
  4.806850E+00  6.691782E+02
  4.810120E+00  6.637015E+02
  4.813380E+00  6.616465E+02
  4.839610E+00  6.697378E+02
  4.892490E+00  6.529131E+02
  4.919150E+00  6.461749E+02
  4.945960E+00  6.376937E+02
  5.000000E+00  6.201167E+02
  5.107200E+00  5.866049E+02
  5.107200E+00  8.013452E+02
  5.109820E+00  8.002948E+02
  5.112430E+00  7.992398E+02
  5.117670E+00  7.971344E+02
  5.128170E+00  7.929465E+02
  5.149220E+00  7.846443E+02
  5.191590E+00  7.684525E+02
  5.277370E+00  7.379313E+02
  5.453200E+00  6.780997E+02
  5.453200E+00  7.641087E+02
  5.456110E+00  7.691772E+02
  5.459030E+00  7.721128E+02
  5.464860E+00  7.755668E+02
  5.476550E+00  7.769566E+02
  5.488260E+00  7.736724E+02
  5.500000E+00  7.687277E+02
  6.000000E+00  6.172683E+02
  7.000000E+00  4.154052E+02
  8.000000E+00  2.934240E+02
  9.000000E+00  2.152417E+02
  1.000000E+01  1.627207E+02
  1.100000E+01  1.260989E+02
  1.250000E+01  8.934088E+01
  1.400000E+01  6.567248E+01
  1.500000E+01  5.439926E+01
  1.750000E+01  3.562911E+01
  2.000000E+01  2.463349E+01
  2.200000E+01  1.890417E+01
  2.500000E+01  1.323321E+01
  3.000000E+01  7.933731E+00
  3.456500E+01  5.319841E+00
  3.456500E+01  2.699565E+01
  3.459200E+01  3.233122E+01
  3.461910E+01  3.196344E+01
  3.464610E+01  3.185717E+01
  3.467320E+01  3.196890E+01
  3.472750E+01  3.175685E+01
  3.478180E+01  3.169071E+01
  3.489070E+01  3.150815E+01
  3.500000E+01  3.119385E+01
  4.000000E+01  2.204308E+01
  4.500000E+01  1.613942E+01
  5.000000E+01  1.217074E+01
  5.500000E+01  9.404521E+00
  6.000000E+01  7.417247E+00
  7.000000E+01  4.849821E+00
  8.000000E+01  3.343217E+00
  9.000000E+01  2.401765E+00
  1.000000E+02  1.783588E+00
  1.100000E+02  1.361094E+00
  1.250000E+02  9.459334E-01
  1.400000E+02  6.845856E-01
  1.500000E+02  5.621750E-01
  1.750000E+02  3.621137E-01
  2.000000E+02  2.476935E-01
  2.200000E+02  1.891330E-01
  2.500000E+02  1.320550E-01
  2.738610E+02  1.023223E-01
  3.000000E+02  7.967353E-02
  3.240370E+02  6.455648E-02
  3.500000E+02  5.242827E-02
  3.741660E+02  4.385691E-02
  4.000000E+02  3.678529E-02
  4.500000E+02  2.711041E-02
  5.000000E+02  2.076944E-02
  5.500000E+02  1.641569E-02
  6.000000E+02  1.331036E-02
  6.480740E+02  1.109424E-02
  7.000000E+02  9.294802E-03
  7.483310E+02  7.996113E-03
  8.000000E+02  6.900394E-03
  8.485280E+02  6.073835E-03
  9.000000E+02  5.360389E-03
  1.000000E+03  4.310805E-03
  1.100000E+03  3.561998E-03
  1.172600E+03  3.143930E-03
  1.250000E+03  2.782826E-03
  1.400000E+03  2.254356E-03
  1.500000E+03  1.990215E-03
  1.620190E+03  1.736343E-03
  1.750000E+03  1.520452E-03
  1.870830E+03  1.358098E-03
  2.000000E+03  1.215721E-03
  2.200000E+03  1.041612E-03
  2.500000E+03  8.517139E-04
  2.738610E+03  7.405137E-04
  3.000000E+03  6.462162E-04
  3.240370E+03  5.769815E-04
  3.500000E+03  5.163427E-04
  4.000000E+03  4.286183E-04
  4.500000E+03  3.651108E-04
  5.000000E+03  3.172176E-04
  5.500000E+03  2.799321E-04
  6.000000E+03  2.501548E-04
  7.000000E+03  2.057206E-04
  8.000000E+03  1.742793E-04
  9.000000E+03  1.509388E-04
  1.000000E+04  1.329692E-04
  1.100000E+04  1.187328E-04
  1.250000E+04  1.022039E-04
  1.400000E+04  8.964362E-05
  1.500000E+04  8.282886E-05
  1.750000E+04  6.955070E-05
  2.000000E+04  5.990124E-05
  2.200000E+04  5.389974E-05
  2.500000E+04  4.684188E-05
  3.000000E+04  3.842973E-05
  3.500000E+04  3.256667E-05
  4.000000E+04  2.824961E-05
  4.500000E+04  2.493975E-05
  5.000000E+04  2.232219E-05
  5.500000E+04  2.020071E-05
  6.000000E+04  1.844668E-05
  7.000000E+04  1.571596E-05
  8.000000E+04  1.368859E-05
  9.000000E+04  1.212400E-05
  1.000000E+05  1.088013E-05
  1.100000E+05  9.867568E-06
  1.250000E+05  8.658645E-06
  1.400000E+05  7.713468E-06
  1.500000E+05  7.190195E-06
  1.750000E+05  6.147455E-06
  2.000000E+05  5.368783E-06
  2.200000E+05  4.874820E-06
  2.500000E+05  4.283554E-06
  3.000000E+05  3.563237E-06
  3.500000E+05  3.050284E-06
  4.000000E+05  2.666420E-06
  4.500000E+05  2.368368E-06
  5.000000E+05  2.130248E-06
  5.500000E+05  1.935635E-06
  6.000000E+05  1.773598E-06
  7.000000E+05  1.519245E-06
  8.000000E+05  1.328692E-06
  9.000000E+05  1.180613E-06
  1.000000E+06  1.062230E-06
EndElement
Element    Cs   55   132.905000
Range      1.000000E+00 1.000000E+06
Npoints    191
Data
  1.000000E+00  7.626036E+03
  1.000000E+00  9.653051E+03
  1.000510E+00  9.453680E+03
  1.001030E+00  9.304152E+03
  1.002060E+00  9.104056E+03
  1.002570E+00  9.049637E+03
  1.003090E+00  9.059696E+03
  1.003600E+00  9.089783E+03
  1.004120E+00  8.963001E+03
  1.004640E+00  8.872513E+03
  1.005150E+00  8.816463E+03
  1.006190E+00  8.742197E+03
  1.008260E+00  8.647949E+03
  1.012410E+00  8.536845E+03
  1.016580E+00  8.463667E+03
  1.033440E+00  8.208381E+03
  1.068000E+00  7.652453E+03
  1.068000E+00  8.435800E+03
  1.068990E+00  8.298732E+03
  1.069970E+00  8.216673E+03
  1.071950E+00  8.161121E+03
  1.072940E+00  8.086221E+03
  1.073930E+00  8.047525E+03
  1.075910E+00  7.994012E+03
  1.083880E+00  7.858711E+03
  1.100000E+00  7.634645E+03
  1.220000E+00  6.127807E+03
  1.220000E+00  6.381371E+03
  1.220930E+00  6.380193E+03
  1.221850E+00  6.377882E+03
  1.223710E+00  6.370134E+03
  1.227430E+00  6.344352E+03
  1.234910E+00  6.270992E+03
  1.250000E+00  6.104925E+03
  1.400000E+00  4.768731E+03
  1.500000E+00  4.087747E+03
  1.750000E+00  2.873717E+03
  2.000000E+00  2.101435E+03
  2.200000E+00  1.674514E+03
  2.500000E+00  1.229762E+03
  3.000000E+00  7.859572E+02
  3.500000E+00  5.349898E+02
  4.000000E+00  3.818505E+02
  4.500000E+00  2.827654E+02
  5.000000E+00  2.156602E+02
  5.014000E+00  2.141101E+02
  5.014000E+00  9.948982E+02
  5.016630E+00  7.544792E+02
  5.019260E+00  6.764481E+02
  5.021890E+00  6.423692E+02
  5.024530E+00  6.286987E+02
  5.027160E+00  6.240905E+02
  5.029800E+00  6.239047E+02
  5.035070E+00  6.282320E+02
  5.040350E+00  6.323871E+02
  5.045640E+00  6.339141E+02
  5.056230E+00  6.309054E+02
  5.077480E+00  6.234652E+02
  5.098820E+00  6.204429E+02
  5.185080E+00  5.966136E+02
  5.362000E+00  5.461681E+02
  5.362000E+00  9.006455E+02
  5.366260E+00  7.688883E+02
  5.370520E+00  7.397122E+02
  5.374790E+00  7.332689E+02
  5.379060E+00  7.328611E+02
  5.387610E+00  7.346826E+02
  5.396170E+00  7.336903E+02
  5.430560E+00  7.218050E+02
  5.500000E+00  7.007351E+02
  5.717000E+00  6.343128E+02
  5.717000E+00  7.189504E+02
  5.721320E+00  7.280898E+02
  5.725640E+00  7.315198E+02
  5.734290E+00  7.303644E+02
  5.751630E+00  7.226660E+02
  5.786470E+00  7.125751E+02
  5.856790E+00  6.911925E+02
  6.000000E+00  6.505027E+02
  7.000000E+00  4.388462E+02
  8.000000E+00  3.103642E+02
  9.000000E+00  2.279279E+02
  1.000000E+01  1.724868E+02
  1.100000E+01  1.337835E+02
  1.250000E+01  9.488796E+01
  1.400000E+01  6.981070E+01
  1.500000E+01  5.785614E+01
  1.750000E+01  3.793244E+01
  2.000000E+01  2.624789E+01
  2.200000E+01  2.015452E+01
  2.500000E+01  1.411874E+01
  3.000000E+01  8.472956E+00
  3.500000E+01  5.488415E+00
  3.598700E+01  5.073179E+00
  3.598700E+01  2.649180E+01
  3.601670E+01  3.026010E+01
  3.604650E+01  3.024039E+01
  3.610610E+01  3.012045E+01
  3.622560E+01  2.991899E+01
  3.646570E+01  2.942999E+01
  3.695080E+01  2.847822E+01
  3.794050E+01  2.658410E+01
  4.000000E+01  2.315256E+01
  4.500000E+01  1.697917E+01
  5.000000E+01  1.282002E+01
  5.500000E+01  9.916947E+00
  6.000000E+01  7.828896E+00
  7.000000E+01  5.127237E+00
  8.000000E+01  3.539050E+00
  9.000000E+01  2.545190E+00
  1.000000E+02  1.891833E+00
  1.100000E+02  1.444847E+00
  1.250000E+02  1.005166E+00
  1.400000E+02  7.280852E-01
  1.500000E+02  5.981995E-01
  1.750000E+02  3.857433E-01
  2.000000E+02  2.640974E-01
  2.200000E+02  2.017858E-01
  2.500000E+02  1.410048E-01
  2.738610E+02  1.093193E-01
  3.000000E+02  8.516772E-02
  3.500000E+02  5.609307E-02
  4.000000E+02  3.938409E-02
  4.500000E+02  2.904235E-02
  5.000000E+02  2.225992E-02
  5.500000E+02  1.760039E-02
  6.000000E+02  1.427534E-02
  6.480740E+02  1.190137E-02
  7.000000E+02  9.973087E-03
  8.000000E+02  7.405957E-03
  9.000000E+02  5.754077E-03
  1.000000E+03  4.627721E-03
  1.100000E+03  3.823907E-03
  1.250000E+03  2.987277E-03
  1.400000E+03  2.419704E-03
  1.500000E+03  2.135990E-03
  1.620190E+03  1.863286E-03
  1.750000E+03  1.631372E-03
  2.000000E+03  1.304028E-03
  2.200000E+03  1.117018E-03
  2.500000E+03  9.130744E-04
  2.738610E+03  7.936511E-04
  3.000000E+03  6.924431E-04
  3.500000E+03  5.530555E-04
  4.000000E+03  4.579962E-04
  4.500000E+03  3.900370E-04
  5.000000E+03  3.387954E-04
  5.500000E+03  2.989108E-04
  6.000000E+03  2.670635E-04
  7.000000E+03  2.195529E-04
  8.000000E+03  1.859453E-04
  9.000000E+03  1.610044E-04
  1.000000E+04  1.418077E-04
  1.100000E+04  1.266020E-04
  1.250000E+04  1.089531E-04
  1.400000E+04  9.554544E-05
  1.500000E+04  8.827202E-05
  1.750000E+04  7.410444E-05
  2.000000E+04  6.381145E-05
  2.200000E+04  5.741163E-05
  2.500000E+04  4.988628E-05
  3.000000E+04  4.091956E-05
  3.500000E+04  3.467168E-05
  4.000000E+04  3.007228E-05
  4.500000E+04  2.654654E-05
  5.000000E+04  2.375865E-05
  5.500000E+04  2.149932E-05
  6.000000E+04  1.963153E-05
  7.000000E+04  1.672411E-05
  8.000000E+04  1.456578E-05
  9.000000E+04  1.290035E-05
  1.000000E+05  1.157635E-05
  1.100000E+05  1.049866E-05
  1.250000E+05  9.212078E-06
  1.400000E+05  8.206252E-06
  1.500000E+05  7.649372E-06
  1.750000E+05  6.539826E-06
  2.000000E+05  5.711303E-06
  2.200000E+05  5.185688E-06
  2.500000E+05  4.556672E-06
  3.000000E+05  3.790322E-06
  3.500000E+05  3.244620E-06
  4.000000E+05  2.836263E-06
  4.500000E+05  2.519199E-06
  5.000000E+05  2.265898E-06
  5.500000E+05  2.058874E-06
  6.000000E+05  1.886513E-06
  7.000000E+05  1.615948E-06
  8.000000E+05  1.413260E-06
  9.000000E+05  1.255748E-06
  1.000000E+06  1.129827E-06
EndElement
Element    Ba   56   137.330000
Range      1.000000E+00 1.000000E+06
Npoints    223
Data
  1.000000E+00  7.892631E+03
  1.063000E+00  6.894174E+03
  1.063000E+00  7.908812E+03
  1.063570E+00  7.904164E+03
  1.064140E+00  7.899472E+03
  1.065280E+00  7.890044E+03
  1.067560E+00  7.870486E+03
  1.072130E+00  7.821723E+03
  1.076730E+00  7.753753E+03
  1.081340E+00  7.677188E+03
  1.090630E+00  7.531688E+03
  1.100000E+00  7.401931E+03
  1.118840E+00  7.146057E+03
  1.138000E+00  6.890446E+03
  1.138000E+00  7.279322E+03
  1.138830E+00  7.273052E+03
  1.139670E+00  7.266298E+03
  1.141340E+00  7.250994E+03
  1.144700E+00  7.217448E+03
  1.151430E+00  7.135533E+03
  1.165020E+00  6.957934E+03
  1.192690E+00  6.628521E+03
  1.250000E+00  5.997277E+03
  1.293000E+00  5.572969E+03
  1.293000E+00  5.855461E+03
  1.293800E+00  5.846164E+03
  1.294610E+00  5.836868E+03
  1.296220E+00  5.818538E+03
  1.299440E+00  5.783193E+03
  1.305910E+00  5.719565E+03
  1.318960E+00  5.603402E+03
  1.345440E+00  5.366998E+03
  1.400000E+00  4.922343E+03
  1.500000E+00  4.225883E+03
  1.620190E+00  3.552910E+03
  1.750000E+00  2.978818E+03
  1.870830E+00  2.551874E+03
  2.000000E+00  2.182521E+03
  2.200000E+00  1.741299E+03
  2.500000E+00  1.280603E+03
  2.738610E+00  1.025777E+03
  3.000000E+00  8.199329E+02
  3.240370E+00  6.773757E+02
  3.500000E+00  5.589018E+02
  4.000000E+00  3.993399E+02
  4.500000E+00  2.959926E+02
  5.000000E+00  2.259208E+02
  5.249000E+00  1.993051E+02
  5.249000E+00  5.693824E+02
  5.252830E+00  5.805207E+02
  5.256670E+00  5.882649E+02
  5.260510E+00  5.900277E+02
  5.264350E+00  5.874975E+02
  5.268190E+00  5.837745E+02
  5.272040E+00  5.808101E+02
  5.275890E+00  5.792315E+02
  5.279740E+00  5.788587E+02
  5.295170E+00  5.799068E+02
  5.302910E+00  5.785079E+02
  5.310660E+00  5.763153E+02
  5.341750E+00  5.685141E+02
  5.373030E+00  5.619013E+02
  5.404500E+00  5.545035E+02
  5.436150E+00  5.464085E+02
  5.500000E+00  5.303676E+02
  5.626000E+00  4.999916E+02
  5.626000E+00  6.668294E+02
  5.631530E+00  6.764592E+02
  5.637060E+00  6.784939E+02
  5.648150E+00  6.725740E+02
  5.653700E+00  6.706182E+02
  5.659250E+00  6.697017E+02
  5.670380E+00  6.682195E+02
  5.715110E+00  6.560244E+02
  5.805630E+00  6.306606E+02
  5.991000E+00  5.810644E+02
  5.991000E+00  6.753147E+02
  5.995500E+00  6.715347E+02
  6.000000E+00  6.689080E+02
  6.028970E+00  6.626197E+02
  6.058090E+00  6.544194E+02
  6.116730E+00  6.390187E+02
  6.235740E+00  6.088532E+02
  6.480740E+00  5.523460E+02
  7.000000E+00  4.537325E+02
  8.000000E+00  3.212972E+02
  9.000000E+00  2.362036E+02
  1.000000E+01  1.789242E+02
  1.100000E+01  1.388934E+02
  1.250000E+01  9.861612E+01
  1.400000E+01  7.261563E+01
  1.500000E+01  6.021001E+01
  1.750000E+01  3.951582E+01
  2.000000E+01  2.736590E+01
  2.200000E+01  2.102465E+01
  2.500000E+01  1.473883E+01
  2.738610E+01  1.141523E+01
  3.000000E+01  8.853595E+00
  3.500000E+01  5.739473E+00
  3.744200E+01  4.743297E+00
  3.744200E+01  2.872183E+01
  3.746130E+01  2.788559E+01
  3.748070E+01  2.811576E+01
  3.750000E+01  2.796921E+01
  3.751940E+01  2.801140E+01
  3.753880E+01  2.798859E+01
  3.755820E+01  2.792584E+01
  3.759700E+01  2.789045E+01
  3.763580E+01  2.785344E+01
  3.767470E+01  2.778341E+01
  3.775260E+01  2.760494E+01
  3.806570E+01  2.704688E+01
  3.869990E+01  2.594011E+01
  4.000000E+01  2.379296E+01
  4.500000E+01  1.747206E+01
  5.000000E+01  1.320880E+01
  5.500000E+01  1.022874E+01
  6.000000E+01  8.082727E+00
  7.000000E+01  5.302053E+00
  8.000000E+01  3.664503E+00
  9.000000E+01  2.638261E+00
  1.000000E+02  1.962815E+00
  1.100000E+02  1.500251E+00
  1.250000E+02  1.044773E+00
  1.400000E+02  7.574312E-01
  1.500000E+02  6.226313E-01
  1.620190E+02  4.998294E-01
  1.750000E+02  4.019385E-01
  2.000000E+02  2.754363E-01
  2.200000E+02  2.105824E-01
  2.345210E+02  1.759953E-01
  2.500000E+02  1.472717E-01
  2.738610E+02  1.142431E-01
  2.866330E+02  1.007960E-01
  3.000000E+02  8.905165E-02
  3.240370E+02  7.221921E-02
  3.500000E+02  5.870239E-02
  3.741660E+02  4.914055E-02
  4.000000E+02  4.124550E-02
  4.242640E+02  3.539408E-02
  4.500000E+02  3.043244E-02
  4.743420E+02  2.662564E-02
  5.000000E+02  2.333629E-02
  5.244040E+02  2.073905E-02
  5.500000E+02  1.845859E-02
  6.000000E+02  1.497598E-02
  6.480740E+02  1.248854E-02
  6.735370E+02  1.142619E-02
  7.000000E+02  1.046725E-02
  7.483310E+02  9.007470E-03
  8.000000E+02  7.775108E-03
  8.485280E+02  6.845060E-03
  9.000000E+02  6.041830E-03
  9.486830E+02  5.413349E-03
  1.000000E+03  4.859503E-03
  1.048810E+03  4.414103E-03
  1.100000E+03  4.015487E-03
  1.172600E+03  3.544065E-03
  1.250000E+03  3.136762E-03
  1.322880E+03  2.820193E-03
  1.400000E+03  2.540503E-03
  1.500000E+03  2.242413E-03
  1.620190E+03  1.955878E-03
  1.750000E+03  1.712195E-03
  1.870830E+03  1.528934E-03
  2.000000E+03  1.368240E-03
  2.200000E+03  1.171754E-03
  2.345210E+03  1.058297E-03
  2.500000E+03  9.575129E-04
  2.738610E+03  8.320798E-04
  3.000000E+03  7.257966E-04
  3.240370E+03  6.478768E-04
  3.500000E+03  5.794639E-04
  3.741660E+03  5.267893E-04
  4.000000E+03  4.797102E-04
  4.242640E+03  4.423487E-04
  4.500000E+03  4.084220E-04
  5.000000E+03  3.546832E-04
  5.500000E+03  3.128623E-04
  6.000000E+03  2.794755E-04
  6.480740E+03  2.531816E-04
  7.000000E+03  2.296802E-04
  8.000000E+03  1.944683E-04
  9.000000E+03  1.683437E-04
  1.000000E+04  1.482417E-04
  1.100000E+04  1.323226E-04
  1.250000E+04  1.138502E-04
  1.400000E+04  9.982116E-05
  1.500000E+04  9.221203E-05
  1.750000E+04  7.739413E-05
  2.000000E+04  6.663208E-05
  2.200000E+04  5.994207E-05
  2.500000E+04  5.207729E-05
  3.000000E+04  4.270843E-05
  3.500000E+04  3.618227E-05
  4.000000E+04  3.137898E-05
  4.500000E+04  2.769759E-05
  5.000000E+04  2.478699E-05
  5.500000E+04  2.242856E-05
  6.000000E+04  2.047901E-05
  7.000000E+04  1.744465E-05
  8.000000E+04  1.519239E-05
  9.000000E+04  1.345464E-05
  1.000000E+05  1.207331E-05
  1.100000E+05  1.094900E-05
  1.250000E+05  9.606791E-06
  1.400000E+05  8.557596E-06
  1.500000E+05  7.976782E-06
  1.750000E+05  6.819494E-06
  2.000000E+05  5.955398E-06
  2.200000E+05  5.407254E-06
  2.500000E+05  4.751233E-06
  3.000000E+05  3.952060E-06
  3.500000E+05  3.383006E-06
  4.000000E+05  2.957194E-06
  4.500000E+05  2.626584E-06
  5.000000E+05  2.362461E-06
  5.500000E+05  2.146602E-06
  6.000000E+05  1.966885E-06
  7.000000E+05  1.684779E-06
  8.000000E+05  1.473445E-06
  9.000000E+05  1.309220E-06
  1.000000E+06  1.177929E-06
EndElement
Element    La   57   138.906000
Range      1.000000E+00 1.000000E+06
Npoints    226
Data
  1.000000E+00  8.300007E+03
  1.048810E+00  7.492104E+03
  1.100000E+00  6.741211E+03
  1.124000E+00  6.422082E+03
  1.124000E+00  7.257819E+03
  1.124630E+00  7.277545E+03
  1.125250E+00  7.291851E+03
  1.126510E+00  7.310580E+03
  1.129020E+00  7.324974E+03
  1.131530E+00  7.319165E+03
  1.134050E+00  7.298528E+03
  1.139120E+00  7.231416E+03
  1.144200E+00  7.154072E+03
  1.154430E+00  7.012131E+03
  1.164760E+00  6.886751E+03
  1.185690E+00  6.632653E+03
  1.207000E+00  6.381112E+03
  1.207000E+00  6.700545E+03
  1.207660E+00  6.705618E+03
  1.208320E+00  6.708306E+03
  1.209640E+00  6.708956E+03
  1.212290E+00  6.699331E+03
  1.217610E+00  6.654590E+03
  1.228310E+00  6.528993E+03
  1.250000E+00  6.294274E+03
  1.306240E+00  5.730541E+03
  1.365000E+00  5.206911E+03
  1.365000E+00  5.482079E+03
  1.366080E+00  5.467555E+03
  1.367160E+00  5.453769E+03
  1.369330E+00  5.428624E+03
  1.373670E+00  5.385053E+03
  1.382390E+00  5.312131E+03
  1.400000E+00  5.173528E+03
  1.500000E+00  4.447781E+03
  1.558930E+00  4.083602E+03
  1.620190E+00  3.745211E+03
  1.750000E+00  3.144501E+03
  1.870830E+00  2.696866E+03
  2.000000E+00  2.308808E+03
  2.200000E+00  1.844434E+03
  2.345210E+00  1.583854E+03
  2.500000E+00  1.358474E+03
  2.738610E+00  1.089193E+03
  3.000000E+00  8.714169E+02
  3.240370E+00  7.204623E+02
  3.500000E+00  5.948352E+02
  4.000000E+00  4.254764E+02
  4.500000E+00  3.156497E+02
  5.000000E+00  2.411106E+02
  5.486000E+00  1.898796E+02
  5.486000E+00  4.890730E+02
  5.489500E+00  5.330860E+02
  5.493000E+00  5.523222E+02
  5.496500E+00  5.588947E+02
  5.500000E+00  5.582617E+02
  5.505950E+00  5.521315E+02
  5.508930E+00  5.494565E+02
  5.511900E+00  5.476530E+02
  5.514880E+00  5.466992E+02
  5.517870E+00  5.464130E+02
  5.523830E+00  5.468423E+02
  5.529810E+00  5.472368E+02
  5.535790E+00  5.468032E+02
  5.547770E+00  5.438508E+02
  5.571810E+00  5.382148E+02
  5.595960E+00  5.332031E+02
  5.644570E+00  5.229715E+02
  5.693590E+00  5.118425E+02
  5.792930E+00  4.895889E+02
  5.894000E+00  4.676387E+02
  5.894000E+00  6.026303E+02
  5.897280E+00  6.236743E+02
  5.900570E+00  6.328437E+02
  5.903860E+00  6.359999E+02
  5.907150E+00  6.356747E+02
  5.913730E+00  6.316558E+02
  5.920320E+00  6.284823E+02
  5.946760E+00  6.239648E+02
  5.973320E+00  6.168721E+02
  6.000000E+00  6.108285E+02
  6.133030E+00  5.774849E+02
  6.269000E+00  5.452382E+02
  6.269000E+00  6.375346E+02
  6.274400E+00  6.300994E+02
  6.279810E+00  6.269476E+02
  6.290640E+00  6.253608E+02
  6.301490E+00  6.237047E+02
  6.312360E+00  6.208086E+02
  6.356030E+00  6.102433E+02
  6.444260E+00  5.895113E+02
  6.624420E+00  5.499681E+02
  7.000000E+00  4.781694E+02
  8.000000E+00  3.391281E+02
  9.000000E+00  2.495686E+02
  1.000000E+01  1.892301E+02
  1.100000E+01  1.470206E+02
  1.250000E+01  1.044994E+02
  1.400000E+01  7.701591E+01
  1.500000E+01  6.389046E+01
  1.750000E+01  4.197546E+01
  2.000000E+01  2.909362E+01
  2.200000E+01  2.236467E+01
  2.500000E+01  1.568962E+01
  2.738610E+01  1.215770E+01
  3.000000E+01  9.433976E+00
  3.500000E+01  6.120555E+00
  3.892800E+01  4.534186E+00
  3.892800E+01  2.814338E+01
  3.896110E+01  2.666232E+01
  3.899420E+01  2.650438E+01
  3.902730E+01  2.650455E+01
  3.906040E+01  2.645049E+01
  3.919330E+01  2.624356E+01
  3.946040E+01  2.580421E+01
  4.000000E+01  2.494476E+01
  4.500000E+01  1.833708E+01
  5.000000E+01  1.388089E+01
  5.500000E+01  1.076091E+01
  6.000000E+01  8.511358E+00
  7.000000E+01  5.592242E+00
  8.000000E+01  3.870170E+00
  9.000000E+01  2.789358E+00
  1.000000E+02  2.077141E+00
  1.100000E+02  1.588896E+00
  1.250000E+02  1.107640E+00
  1.400000E+02  8.036978E-01
  1.500000E+02  6.610022E-01
  1.620190E+02  5.309356E-01
  1.750000E+02  4.271811E-01
  2.000000E+02  2.930015E-01
  2.200000E+02  2.241527E-01
  2.345210E+02  1.874140E-01
  2.500000E+02  1.568901E-01
  2.738610E+02  1.217738E-01
  2.866330E+02  1.074700E-01
  3.000000E+02  9.497273E-02
  3.240370E+02  7.705579E-02
  3.500000E+02  6.266094E-02
  3.741660E+02  5.247360E-02
  4.000000E+02  4.405814E-02
  4.242640E+02  3.781871E-02
  4.500000E+02  3.252635E-02
  4.743420E+02  2.846451E-02
  5.000000E+02  2.495369E-02
  5.244040E+02  2.218081E-02
  5.500000E+02  1.974553E-02
  5.744560E+02  1.777794E-02
  6.000000E+02  1.602518E-02
  6.480740E+02  1.336675E-02
  6.735370E+02  1.223101E-02
  7.000000E+02  1.120564E-02
  7.483310E+02  9.644374E-03
  8.000000E+02  8.325933E-03
  8.485280E+02  7.330653E-03
  9.000000E+02  6.470899E-03
  9.486830E+02  5.798044E-03
  1.000000E+03  5.205047E-03
  1.048810E+03  4.728022E-03
  1.100000E+03  4.301067E-03
  1.172600E+03  3.796052E-03
  1.250000E+03  3.359659E-03
  1.322880E+03  3.020443E-03
  1.400000E+03  2.720724E-03
  1.500000E+03  2.401261E-03
  1.620190E+03  2.094166E-03
  1.750000E+03  1.832993E-03
  1.870830E+03  1.636586E-03
  2.000000E+03  1.464362E-03
  2.200000E+03  1.253795E-03
  2.345210E+03  1.132213E-03
  2.500000E+03  1.024227E-03
  2.738610E+03  8.898466E-04
  3.000000E+03  7.760032E-04
  3.240370E+03  6.925553E-04
  3.500000E+03  6.193043E-04
  3.741660E+03  5.629093E-04
  4.000000E+03  5.125188E-04
  4.242640E+03  4.725420E-04
  4.500000E+03  4.362460E-04
  5.000000E+03  3.787594E-04
  5.500000E+03  3.340301E-04
  6.000000E+03  2.983272E-04
  6.480740E+03  2.702142E-04
  7.000000E+03  2.450918E-04
  8.000000E+03  2.074583E-04
  9.000000E+03  1.795466E-04
  1.000000E+04  1.580737E-04
  1.100000E+04  1.410737E-04
  1.250000E+04  1.213520E-04
  1.400000E+04  1.063779E-04
  1.500000E+04  9.825854E-05
  1.750000E+04  8.244991E-05
  2.000000E+04  7.097192E-05
  2.200000E+04  6.383801E-05
  2.500000E+04  5.545333E-05
  3.000000E+04  4.546845E-05
  3.500000E+04  3.851502E-05
  4.000000E+04  3.339833E-05
  4.500000E+04  2.947739E-05
  5.000000E+04  2.637783E-05
  5.500000E+04  2.386659E-05
  6.000000E+04  2.179093E-05
  7.000000E+04  1.856062E-05
  8.000000E+04  1.616327E-05
  9.000000E+04  1.431378E-05
  1.000000E+05  1.284373E-05
  1.100000E+05  1.164729E-05
  1.250000E+05  1.021907E-05
  1.400000E+05  9.102751E-06
  1.500000E+05  8.484739E-06
  1.750000E+05  7.253527E-06
  2.000000E+05  6.334247E-06
  2.200000E+05  5.751135E-06
  2.500000E+05  5.053264E-06
  3.000000E+05  4.203203E-06
  3.500000E+05  3.597924E-06
  4.000000E+05  3.145017E-06
  4.500000E+05  2.793377E-06
  5.000000E+05  2.512460E-06
  5.500000E+05  2.282878E-06
  6.000000E+05  2.091743E-06
  7.000000E+05  1.791711E-06
  8.000000E+05  1.566951E-06
  9.000000E+05  1.392294E-06
  1.000000E+06  1.252668E-06
EndElement
Element    Ce   58   140.120000
Range      1.000000E+00 1.000000E+06
Npoints    234
Data
  1.000000E+00  8.890609E+03
  1.048810E+00  8.001084E+03
  1.100000E+00  7.209292E+03
  1.141230E+00  6.641761E+03
  1.184000E+00  6.108785E+03
  1.184000E+00  6.913342E+03
  1.185000E+00  6.940075E+03
  1.186010E+00  6.956449E+03
  1.188020E+00  6.972867E+03
  1.190040E+00  6.975833E+03
  1.192060E+00  6.968655E+03
  1.196100E+00  6.931952E+03
  1.200170E+00  6.878787E+03
  1.208330E+00  6.765883E+03
  1.216550E+00  6.665614E+03
  1.233160E+00  6.481924E+03
  1.250000E+00  6.293421E+03
  1.275000E+00  6.027384E+03
  1.275000E+00  6.331972E+03
  1.275930E+00  6.338333E+03
  1.276860E+00  6.340697E+03
  1.278730E+00  6.338806E+03
  1.282470E+00  6.319895E+03
  1.286230E+00  6.288091E+03
  1.289990E+00  6.249239E+03
  1.305160E+00  6.088414E+03
  1.336040E+00  5.793968E+03
  1.400000E+00  5.235162E+03
  1.437000E+00  4.942909E+03
  1.437000E+00  5.203358E+03
  1.437960E+00  5.191453E+03
  1.438930E+00  5.180150E+03
  1.440860E+00  5.159305E+03
  1.444730E+00  5.122688E+03
  1.452500E+00  5.061615E+03
  1.468160E+00  4.950129E+03
  1.500000E+00  4.721871E+03
  1.558930E+00  4.337686E+03
  1.620190E+00  3.980591E+03
  1.750000E+00  3.344759E+03
  1.870830E+00  2.870135E+03
  2.000000E+00  2.458398E+03
  2.200000E+00  1.965065E+03
  2.345210E+00  1.688030E+03
  2.500000E+00  1.448284E+03
  2.738610E+00  1.161613E+03
  3.000000E+00  9.296583E+02
  3.240370E+00  7.688286E+02
  3.500000E+00  6.349379E+02
  4.000000E+00  4.543596E+02
  4.500000E+00  3.371995E+02
  5.000000E+00  2.576588E+02
  5.500000E+00  2.016429E+02
  5.726000E+00  1.817138E+02
  5.726000E+00  4.666858E+02
  5.730180E+00  5.113834E+02
  5.734370E+00  5.281923E+02
  5.738560E+00  5.314501E+02
  5.742750E+00  5.284373E+02
  5.746950E+00  5.241781E+02
  5.751150E+00  5.209633E+02
  5.755350E+00  5.193172E+02
  5.759550E+00  5.189046E+02
  5.767970E+00  5.194634E+02
  5.776400E+00  5.192141E+02
  5.784850E+00  5.175250E+02
  5.793300E+00  5.153116E+02
  5.810250E+00  5.119593E+02
  5.827250E+00  5.093591E+02
  5.844300E+00  5.060326E+02
  5.861400E+00  5.021516E+02
  5.930290E+00  4.879645E+02
  6.000000E+00  4.736612E+02
  6.167000E+00  4.405678E+02
  6.167000E+00  5.685576E+02
  6.172840E+00  5.951527E+02
  6.178680E+00  5.998675E+02
  6.184530E+00  5.972329E+02
  6.190390E+00  5.939321E+02
  6.196250E+00  5.919336E+02
  6.202110E+00  5.910225E+02
  6.213860E+00  5.896730E+02
  6.261080E+00  5.790358E+02
  6.356590E+00  5.574176E+02
  6.552000E+00  5.150194E+02
  6.552000E+00  6.023129E+02
  6.555390E+00  5.974392E+02
  6.558770E+00  5.944307E+02
  6.562160E+00  5.927029E+02
  6.565560E+00  5.917918E+02
  6.579140E+00  5.904294E+02
  6.592750E+00  5.876745E+02
  6.606390E+00  5.842749E+02
  6.661240E+00  5.725160E+02
  6.772300E+00  5.493334E+02
  7.000000E+00  5.052891E+02
  7.483310E+00  4.262225E+02
  8.000000E+00  3.589642E+02
  9.000000E+00  2.643841E+02
  1.000000E+01  2.006122E+02
  1.100000E+01  1.559722E+02
  1.250000E+01  1.109626E+02
  1.400000E+01  8.184000E+01
  1.500000E+01  6.792143E+01
  1.750000E+01  4.466321E+01
  2.000000E+01  3.097870E+01
  2.200000E+01  2.382541E+01
  2.500000E+01  1.672494E+01
  2.738610E+01  1.296570E+01
  3.000000E+01  1.006521E+01
  3.500000E+01  6.534659E+00
  4.000000E+01  4.486864E+00
  4.044600E+01  4.348732E+00
  4.044600E+01  2.675594E+01
  4.047970E+01  2.535591E+01
  4.051350E+01  2.520424E+01
  4.054730E+01  2.520192E+01
  4.058110E+01  2.515232E+01
  4.071660E+01  2.495922E+01
  4.098900E+01  2.454912E+01
  4.153940E+01  2.374577E+01
  4.266230E+01  2.215664E+01
  4.500000E+01  1.927227E+01
  5.000000E+01  1.460872E+01
  5.500000E+01  1.133724E+01
  6.000000E+01  8.975534E+00
  7.000000E+01  5.906572E+00
  8.000000E+01  4.092984E+00
  9.000000E+01  2.953101E+00
  1.000000E+02  2.201060E+00
  1.100000E+02  1.685009E+00
  1.250000E+02  1.175817E+00
  1.400000E+02  8.538959E-01
  1.500000E+02  7.026375E-01
  1.620190E+02  5.646896E-01
  1.750000E+02  4.545788E-01
  2.000000E+02  3.120751E-01
  2.200000E+02  2.388923E-01
  2.345210E+02  1.998197E-01
  2.500000E+02  1.673418E-01
  2.738610E+02  1.299595E-01
  2.866330E+02  1.147250E-01
  3.000000E+02  1.014107E-01
  3.240370E+02  8.231534E-02
  3.500000E+02  6.696645E-02
  3.741660E+02  5.609935E-02
  4.000000E+02  4.711857E-02
  4.242640E+02  4.045794E-02
  4.500000E+02  3.480601E-02
  4.743420E+02  3.046682E-02
  5.000000E+02  2.671515E-02
  5.244040E+02  2.375118E-02
  5.500000E+02  2.114742E-02
  5.744560E+02  1.904319E-02
  6.000000E+02  1.716830E-02
  6.235740E+02  1.567364E-02
  6.480740E+02  1.432382E-02
  6.735370E+02  1.310817E-02
  7.000000E+02  1.201046E-02
  7.483310E+02  1.033868E-02
  8.000000E+02  8.926453E-03
  8.485280E+02  7.860114E-03
  9.000000E+02  6.938742E-03
  9.486830E+02  6.217564E-03
  1.000000E+03  5.581784E-03
  1.048810E+03  5.070340E-03
  1.100000E+03  4.612447E-03
  1.172600E+03  4.070824E-03
  1.250000E+03  3.602716E-03
  1.322880E+03  3.238805E-03
  1.400000E+03  2.917227E-03
  1.500000E+03  2.574448E-03
  1.620190E+03  2.244924E-03
  1.750000E+03  1.964665E-03
  1.870830E+03  1.753912E-03
  2.000000E+03  1.569113E-03
  2.097620E+03  1.451021E-03
  2.200000E+03  1.343184E-03
  2.345210E+03  1.212745E-03
  2.500000E+03  1.096900E-03
  2.738610E+03  9.527679E-04
  3.000000E+03  8.306746E-04
  3.240370E+03  7.411849E-04
  3.500000E+03  6.626762E-04
  3.741660E+03  6.023043E-04
  4.000000E+03  5.482332E-04
  4.242640E+03  5.050699E-04
  4.500000E+03  4.658478E-04
  5.000000E+03  4.043653E-04
  5.500000E+03  3.565368E-04
  6.000000E+03  3.183676E-04
  6.480740E+03  2.883218E-04
  7.000000E+03  2.614689E-04
  8.000000E+03  2.212587E-04
  9.000000E+03  1.914437E-04
  1.000000E+04  1.685134E-04
  1.100000E+04  1.503636E-04
  1.250000E+04  1.293136E-04
  1.400000E+04  1.133350E-04
  1.500000E+04  1.046732E-04
  1.750000E+04  8.781142E-05
  2.000000E+04  7.557331E-05
  2.200000E+04  6.796827E-05
  2.500000E+04  5.903219E-05
  3.000000E+04  4.839374E-05
  3.500000E+04  4.098666E-05
  4.000000E+04  3.553755E-05
  4.500000E+04  3.136262E-05
  5.000000E+04  2.806278E-05
  5.500000E+04  2.538952E-05
  6.000000E+04  2.318021E-05
  7.000000E+04  1.974232E-05
  8.000000E+04  1.719125E-05
  9.000000E+04  1.522335E-05
  1.000000E+05  1.365933E-05
  1.100000E+05  1.238652E-05
  1.250000E+05  1.086723E-05
  1.400000E+05  9.679779E-06
  1.500000E+05  9.022424E-06
  1.750000E+05  7.712913E-06
  2.000000E+05  6.735239E-06
  2.200000E+05  6.115060E-06
  2.500000E+05  5.372951E-06
  3.000000E+05  4.468986E-06
  3.500000E+05  3.825370E-06
  4.000000E+05  3.343784E-06
  4.500000E+05  2.969893E-06
  5.000000E+05  2.671201E-06
  5.500000E+05  2.427096E-06
  6.000000E+05  2.223868E-06
  7.000000E+05  1.904869E-06
  8.000000E+05  1.665905E-06
  9.000000E+05  1.480208E-06
  1.000000E+06  1.331760E-06
EndElement
Element    Pr   59   140.908000
Range      1.000000E+00 1.000000E+06
Npoints    224
Data
  1.000000E+00  9.571754E+03
  1.048810E+00  8.551595E+03
  1.100000E+00  7.679995E+03
  1.169790E+00  6.698129E+03
  1.244000E+00  5.822938E+03
  1.244000E+00  6.602225E+03
  1.244750E+00  6.621756E+03
  1.245500E+00  6.635005E+03
  1.247000E+00  6.650946E+03
  1.250000E+00  6.659879E+03
  1.295180E+00  6.185016E+03
  1.342000E+00  5.719769E+03
  1.342000E+00  6.011798E+03
  1.342890E+00  6.017568E+03
  1.343780E+00  6.019876E+03
  1.345550E+00  6.018764E+03
  1.349120E+00  6.003678E+03
  1.352690E+00  5.977565E+03
  1.356270E+00  5.944870E+03
  1.370690E+00  5.804775E+03
  1.400000E+00  5.549030E+03
  1.500000E+00  4.769914E+03
  1.509000E+00  4.706918E+03
  1.509000E+00  4.954372E+03
  1.509870E+00  4.944499E+03
  1.510750E+00  4.935012E+03
  1.512500E+00  4.917404E+03
  1.516000E+00  4.886162E+03
  1.523040E+00  4.833893E+03
  1.537210E+00  4.741622E+03
  1.565940E+00  4.551822E+03
  1.625040E+00  4.193758E+03
  1.750000E+00  3.551263E+03
  1.870830E+00  3.049928E+03
  2.000000E+00  2.614174E+03
  2.200000E+00  2.091406E+03
  2.345210E+00  1.797428E+03
  2.500000E+00  1.542803E+03
  2.738610E+00  1.238131E+03
  3.000000E+00  9.913830E+02
  3.240370E+00  8.201998E+02
  3.500000E+00  6.776169E+02
  4.000000E+00  4.852057E+02
  4.500000E+00  3.602728E+02
  5.000000E+00  2.754120E+02
  5.500000E+00  2.156218E+02
  5.968000E+00  1.746091E+02
  5.968000E+00  4.479039E+02
  5.971990E+00  4.871887E+02
  5.975980E+00  5.031130E+02
  5.979980E+00  5.073569E+02
  5.983980E+00  5.054251E+02
  5.991980E+00  4.981340E+02
  5.995990E+00  4.959671E+02
  6.000000E+00  4.950055E+02
  6.013400E+00  4.952662E+02
  6.020110E+00  4.949756E+02
  6.026830E+00  4.937790E+02
  6.040290E+00  4.906676E+02
  6.053780E+00  4.883769E+02
  6.080850E+00  4.840475E+02
  6.108050E+00  4.788505E+02
  6.218040E+00  4.577892E+02
  6.330010E+00  4.372706E+02
  6.444000E+00  4.169111E+02
  6.444000E+00  5.390685E+02
  6.449990E+00  5.637925E+02
  6.455990E+00  5.681133E+02
  6.462000E+00  5.655448E+02
  6.468010E+00  5.623394E+02
  6.474020E+00  5.603906E+02
  6.480040E+00  5.594802E+02
  6.492100E+00  5.581767E+02
  6.540560E+00  5.481290E+02
  6.638560E+00  5.278370E+02
  6.839000E+00  4.883854E+02
  6.839000E+00  5.712631E+02
  6.843970E+00  5.652713E+02
  6.848950E+00  5.623864E+02
  6.853940E+00  5.612069E+02
  6.858920E+00  5.607496E+02
  6.868900E+00  5.598606E+02
  6.878900E+00  5.579887E+02
  6.919030E+00  5.497103E+02
  7.000000E+00  5.340425E+02
  7.483310E+00  4.510494E+02
  8.000000E+00  3.802170E+02
  9.000000E+00  2.803290E+02
  1.000000E+01  2.128789E+02
  1.100000E+01  1.656320E+02
  1.250000E+01  1.179503E+02
  1.400000E+01  8.706435E+01
  1.500000E+01  7.229108E+01
  1.750000E+01  4.758247E+01
  2.000000E+01  3.302890E+01
  2.200000E+01  2.541554E+01
  2.500000E+01  1.785324E+01
  2.738610E+01  1.384693E+01
  3.000000E+01  1.075410E+01
  3.500000E+01  6.987082E+00
  4.000000E+01  4.800515E+00
  4.199500E+01  4.184872E+00
  4.199500E+01  2.552713E+01
  4.201770E+01  2.397373E+01
  4.204040E+01  2.414305E+01
  4.206310E+01  2.406544E+01
  4.208580E+01  2.408510E+01
  4.213130E+01  2.400257E+01
  4.217680E+01  2.395637E+01
  4.235940E+01  2.370452E+01
  4.272690E+01  2.320158E+01
  4.347150E+01  2.220659E+01
  4.500000E+01  2.029111E+01
  5.000000E+01  1.539781E+01
  5.500000E+01  1.196269E+01
  6.000000E+01  9.479654E+00
  7.000000E+01  6.248311E+00
  8.000000E+01  4.335439E+00
  9.000000E+01  3.131416E+00
  1.000000E+02  2.336099E+00
  1.100000E+02  1.789803E+00
  1.250000E+02  1.250209E+00
  1.400000E+02  9.086975E-01
  1.500000E+02  7.481091E-01
  1.620190E+02  6.015687E-01
  1.750000E+02  4.845262E-01
  2.000000E+02  3.329350E-01
  2.200000E+02  2.550191E-01
  2.345210E+02  2.133965E-01
  2.500000E+02  1.787833E-01
  2.738610E+02  1.389241E-01
  2.866330E+02  1.226720E-01
  3.000000E+02  1.084642E-01
  3.240370E+02  8.807981E-02
  3.500000E+02  7.168676E-02
  3.741660E+02  6.007567E-02
  4.000000E+02  5.047584E-02
  4.242640E+02  4.335310E-02
  4.500000E+02  3.730742E-02
  4.743420E+02  3.266435E-02
  5.000000E+02  2.864872E-02
  5.244040E+02  2.547529E-02
  5.500000E+02  2.268675E-02
  5.744560E+02  2.043270E-02
  6.000000E+02  1.842380E-02
  6.235740E+02  1.682202E-02
  6.480740E+02  1.537512E-02
  6.735370E+02  1.407186E-02
  7.000000E+02  1.289477E-02
  7.483310E+02  1.110165E-02
  8.000000E+02  9.586498E-03
  8.485280E+02  8.442100E-03
  9.000000E+02  7.453055E-03
  9.486830E+02  6.678726E-03
  1.000000E+03  5.995985E-03
  1.048810E+03  5.446630E-03
  1.100000E+03  4.954842E-03
  1.172600E+03  4.372920E-03
  1.250000E+03  3.869931E-03
  1.322880E+03  3.478865E-03
  1.400000E+03  3.133263E-03
  1.500000E+03  2.764848E-03
  1.620190E+03  2.410656E-03
  1.750000E+03  2.109403E-03
  1.870830E+03  1.882861E-03
  2.000000E+03  1.684232E-03
  2.097620E+03  1.557304E-03
  2.200000E+03  1.441407E-03
  2.345210E+03  1.301226E-03
  2.500000E+03  1.176747E-03
  2.738610E+03  1.021885E-03
  3.000000E+03  8.907305E-04
  3.240370E+03  7.946125E-04
  3.500000E+03  7.103073E-04
  3.741660E+03  6.454864E-04
  4.000000E+03  5.874481E-04
  4.242640E+03  5.411242E-04
  4.500000E+03  4.990315E-04
  5.000000E+03  4.330738E-04
  5.500000E+03  3.817692E-04
  6.000000E+03  3.408338E-04
  6.480740E+03  3.086157E-04
  7.000000E+03  2.798264E-04
  8.000000E+03  2.367264E-04
  9.000000E+03  2.047779E-04
  1.000000E+04  1.802133E-04
  1.100000E+04  1.607743E-04
  1.250000E+04  1.382347E-04
  1.400000E+04  1.211309E-04
  1.500000E+04  1.118601E-04
  1.750000E+04  9.381868E-05
  2.000000E+04  8.072801E-05
  2.200000E+04  7.259537E-05
  2.500000E+04  6.304127E-05
  3.000000E+04  5.166994E-05
  3.500000E+04  4.375484E-05
  4.000000E+04  3.793349E-05
  4.500000E+04  3.347402E-05
  5.000000E+04  2.994980E-05
  5.500000E+04  2.709510E-05
  6.000000E+04  2.473609E-05
  7.000000E+04  2.106570E-05
  8.000000E+04  1.834242E-05
  9.000000E+04  1.624193E-05
  1.000000E+05  1.457267E-05
  1.100000E+05  1.321428E-05
  1.250000E+05  1.159301E-05
  1.400000E+05  1.032591E-05
  1.500000E+05  9.624535E-06
  1.750000E+05  8.227299E-06
  2.000000E+05  7.184232E-06
  2.200000E+05  6.522604E-06
  2.500000E+05  5.730923E-06
  3.000000E+05  4.766624E-06
  3.500000E+05  4.080040E-06
  4.000000E+05  3.566345E-06
  4.500000E+05  3.167526E-06
  5.000000E+05  2.848935E-06
  5.500000E+05  2.588570E-06
  6.000000E+05  2.371807E-06
  7.000000E+05  2.031569E-06
  8.000000E+05  1.776696E-06
  9.000000E+05  1.578643E-06
  1.000000E+06  1.420315E-06
EndElement
Element    Nd   60   144.240000
Range      1.000000E+00 1.000000E+06
Npoints    260
Data
  1.000000E+00  5.874218E+03
  1.001250E+00  5.962228E+03
  1.002500E+00  6.037171E+03
  1.003750E+00  6.102219E+03
  1.005000E+00  6.159334E+03
  1.005000E+00  6.301203E+03
  1.005710E+00  6.386459E+03
  1.006420E+00  6.486911E+03
  1.007130E+00  6.603062E+03
  1.007840E+00  6.734995E+03
  1.008550E+00  6.881749E+03
  1.009260E+00  7.041529E+03
  1.010690E+00  7.387602E+03
  1.012120E+00  7.741691E+03
  1.012830E+00  7.911074E+03
  1.013550E+00  8.070604E+03
  1.014260E+00  8.217817E+03
  1.014980E+00  8.351295E+03
  1.015690E+00  8.470368E+03
  1.016410E+00  8.575371E+03
  1.017130E+00  8.666931E+03
  1.017850E+00  8.746216E+03
  1.018570E+00  8.814479E+03
  1.019280E+00  8.873013E+03
  1.020720E+00  8.966076E+03
  1.022170E+00  9.034464E+03
  1.023610E+00  9.085024E+03
  1.025050E+00  9.122683E+03
  1.027950E+00  9.171365E+03
  1.030860E+00  9.194578E+03
  1.033770E+00  9.197668E+03
  1.036690E+00  9.183305E+03
  1.039620E+00  9.153579E+03
  1.045510E+00  9.061017E+03
  1.051430E+00  8.945660E+03
  1.100000E+00  8.040919E+03
  1.250000E+00  6.018884E+03
  1.303000E+00  5.469819E+03
  1.303000E+00  6.213360E+03
  1.303730E+00  6.230269E+03
  1.304460E+00  6.241750E+03
  1.305930E+00  6.255528E+03
  1.308860E+00  6.263753E+03
  1.311800E+00  6.255027E+03
  1.314750E+00  6.233525E+03
  1.320660E+00  6.169521E+03
  1.326600E+00  6.099672E+03
  1.338560E+00  5.976465E+03
  1.350630E+00  5.865742E+03
  1.400000E+00  5.419927E+03
  1.408000E+00  5.352249E+03
  1.408000E+00  5.627971E+03
  1.409390E+00  5.634693E+03
  1.410790E+00  5.635361E+03
  1.413580E+00  5.628138E+03
  1.419180E+00  5.594069E+03
  1.430460E+00  5.495162E+03
  1.453270E+00  5.308911E+03
  1.500000E+00  4.955323E+03
  1.580000E+00  4.416153E+03
  1.580000E+00  4.647244E+03
  1.581260E+00  4.634468E+03
  1.582520E+00  4.622486E+03
  1.585050E+00  4.600692E+03
  1.590120E+00  4.563325E+03
  1.600310E+00  4.500866E+03
  1.620890E+00  4.379579E+03
  1.662830E+00  4.138113E+03
  1.750000E+00  3.691229E+03
  1.870830E+00  3.172913E+03
  2.000000E+00  2.721737E+03
  2.200000E+00  2.179632E+03
  2.345210E+00  1.874358E+03
  2.500000E+00  1.609674E+03
  2.738610E+00  1.292627E+03
  3.000000E+00  1.035617E+03
  3.240370E+00  8.571739E+02
  3.500000E+00  7.084741E+02
  4.000000E+00  5.076568E+02
  4.500000E+00  3.771650E+02
  5.000000E+00  2.884657E+02
  5.500000E+00  2.259438E+02
  6.000000E+00  1.805210E+02
  6.213000E+00  1.649162E+02
  6.213000E+00  4.232700E+02
  6.216860E+00  4.570756E+02
  6.220720E+00  4.715340E+02
  6.224590E+00  4.761599E+02
  6.228450E+00  4.750202E+02
  6.236190E+00  4.683066E+02
  6.240070E+00  4.658725E+02
  6.243940E+00  4.645365E+02
  6.247820E+00  4.640647E+02
  6.251700E+00  4.640689E+02
  6.259470E+00  4.644321E+02
  6.267250E+00  4.639437E+02
  6.275040E+00  4.625575E+02
  6.337700E+00  4.520280E+02
  6.400980E+00  4.414984E+02
  6.464890E+00  4.305346E+02
  6.727000E+00  3.877024E+02
  6.727000E+00  5.026008E+02
  6.731180E+00  5.209962E+02
  6.735370E+00  5.277139E+02
  6.739560E+00  5.288954E+02
  6.743750E+00  5.273799E+02
  6.752130E+00  5.232424E+02
  6.760530E+00  5.211548E+02
  6.777360E+00  5.194389E+02
  6.794240E+00  5.161907E+02
  6.862140E+00  5.037030E+02
  7.000000E+00  4.785898E+02
  7.132000E+00  4.555684E+02
  7.132000E+00  5.329244E+02
  7.138400E+00  5.264655E+02
  7.144810E+00  5.240022E+02
  7.157640E+00  5.228624E+02
  7.170500E+00  5.211089E+02
  7.183380E+00  5.184535E+02
  7.235130E+00  5.092767E+02
  7.339750E+00  4.912237E+02
  7.553540E+00  4.569170E+02
  8.000000E+00  3.948118E+02
  9.000000E+00  2.914597E+02
  1.000000E+01  2.215182E+02
  1.100000E+01  1.724836E+02
  1.250000E+01  1.229541E+02
  1.400000E+01  9.083562E+01
  1.500000E+01  7.545963E+01
  1.750000E+01  4.971857E+01
  2.000000E+01  3.453984E+01
  2.200000E+01  2.659282E+01
  2.500000E+01  1.869340E+01
  2.738610E+01  1.450570E+01
  3.000000E+01  1.127097E+01
  3.500000E+01  7.328483E+00
  4.000000E+01  5.038366E+00
  4.357500E+01  3.958944E+00
  4.357500E+01  2.393934E+01
  4.359690E+01  2.245435E+01
  4.361880E+01  2.267713E+01
  4.364080E+01  2.256115E+01
  4.366270E+01  2.260056E+01
  4.368470E+01  2.257409E+01
  4.370670E+01  2.251648E+01
  4.375060E+01  2.249777E+01
  4.392700E+01  2.227090E+01
  4.428180E+01  2.182667E+01
  4.500000E+01  2.095896E+01
  5.000000E+01  1.591830E+01
  5.500000E+01  1.238146E+01
  6.000000E+01  9.820924E+00
  7.000000E+01  6.483696E+00
  8.000000E+01  4.504706E+00
  9.000000E+01  3.257250E+00
  1.000000E+02  2.432228E+00
  1.100000E+02  1.864935E+00
  1.250000E+02  1.304025E+00
  1.400000E+02  9.486291E-01
  1.500000E+02  7.813836E-01
  1.620190E+02  6.286799E-01
  1.750000E+02  5.066339E-01
  2.000000E+02  3.484408E-01
  2.200000E+02  2.670642E-01
  2.345210E+02  2.235674E-01
  2.500000E+02  1.873803E-01
  2.738610E+02  1.456870E-01
  2.866330E+02  1.286794E-01
  3.000000E+02  1.138057E-01
  3.240370E+02  9.245890E-02
  3.500000E+02  7.528386E-02
  3.741660E+02  6.311265E-02
  4.000000E+02  5.304611E-02
  4.242640E+02  4.557438E-02
  4.500000E+02  3.923001E-02
  4.743420E+02  3.435610E-02
  5.000000E+02  3.013951E-02
  5.244040E+02  2.680638E-02
  5.500000E+02  2.387668E-02
  5.744560E+02  2.150794E-02
  6.000000E+02  1.939631E-02
  6.235740E+02  1.771229E-02
  6.480740E+02  1.619081E-02
  6.735370E+02  1.482009E-02
  7.000000E+02  1.358176E-02
  7.483310E+02  1.169499E-02
  8.000000E+02  1.010024E-02
  8.485280E+02  8.895391E-03
  9.000000E+02  7.853833E-03
  9.486830E+02  7.038189E-03
  1.000000E+03  6.318947E-03
  1.048810E+03  5.740114E-03
  1.100000E+03  5.221819E-03
  1.172600E+03  4.608458E-03
  1.250000E+03  4.078251E-03
  1.322880E+03  3.665961E-03
  1.400000E+03  3.301577E-03
  1.500000E+03  2.913102E-03
  1.620190E+03  2.539607E-03
  1.750000E+03  2.221929E-03
  1.870830E+03  1.983040E-03
  2.000000E+03  1.773584E-03
  2.097620E+03  1.639743E-03
  2.200000E+03  1.517543E-03
  2.345210E+03  1.369745E-03
  2.500000E+03  1.238514E-03
  2.738610E+03  1.075272E-03
  3.000000E+03  9.370516E-04
  3.240370E+03  8.357725E-04
  3.500000E+03  7.469601E-04
  3.741660E+03  6.786849E-04
  4.000000E+03  6.175617E-04
  4.242640E+03  5.687842E-04
  4.500000E+03  5.244740E-04
  5.000000E+03  4.550465E-04
  5.500000E+03  4.010560E-04
  6.000000E+03  3.579842E-04
  6.480740E+03  3.240909E-04
  7.000000E+03  2.938090E-04
  8.000000E+03  2.484851E-04
  9.000000E+03  2.148982E-04
  1.000000E+04  1.890799E-04
  1.100000E+04  1.686542E-04
  1.250000E+04  1.449760E-04
  1.400000E+04  1.270131E-04
  1.500000E+04  1.172794E-04
  1.750000E+04  9.834076E-05
  2.000000E+04  8.460264E-05
  2.200000E+04  7.607045E-05
  2.500000E+04  6.604857E-05
  3.000000E+04  5.412370E-05
  3.500000E+04  4.582614E-05
  4.000000E+04  3.972463E-05
  4.500000E+04  3.505137E-05
  5.000000E+04  3.135868E-05
  5.500000E+04  2.836794E-05
  6.000000E+04  2.589671E-05
  7.000000E+04  2.205221E-05
  8.000000E+04  1.920021E-05
  9.000000E+04  1.700061E-05
  1.000000E+05  1.525275E-05
  1.100000E+05  1.383047E-05
  1.250000E+05  1.213309E-05
  1.400000E+05  1.080662E-05
  1.500000E+05  1.007239E-05
  1.750000E+05  8.609816E-06
  2.000000E+05  7.518031E-06
  2.200000E+05  6.825594E-06
  2.500000E+05  5.996965E-06
  3.000000E+05  4.987764E-06
  3.500000E+05  4.269274E-06
  4.000000E+05  3.731686E-06
  4.500000E+05  3.314344E-06
  5.000000E+05  2.980955E-06
  5.500000E+05  2.708506E-06
  6.000000E+05  2.481686E-06
  7.000000E+05  2.125665E-06
  8.000000E+05  1.858973E-06
  9.000000E+05  1.651738E-06
  1.000000E+06  1.486075E-06
EndElement
Element    Pm   61   144.913000
Range      1.000000E+00 1.000000E+06
Npoints    284
Data
  1.000000E+00  1.838691E+03
  1.032000E+00  1.737059E+03
  1.032000E+00  1.923538E+03
  1.032770E+00  2.005143E+03
  1.033550E+00  2.113769E+03
  1.034320E+00  2.250163E+03
  1.035090E+00  2.414213E+03
  1.038190E+00  3.290125E+03
  1.038970E+00  3.536562E+03
  1.039750E+00  3.780210E+03
  1.040530E+00  4.014708E+03
  1.041300E+00  4.235026E+03
  1.042080E+00  4.437741E+03
  1.042860E+00  4.621132E+03
  1.043640E+00  4.784783E+03
  1.044430E+00  4.929401E+03
  1.045210E+00  5.056399E+03
  1.045990E+00  5.167605E+03
  1.046770E+00  5.265056E+03
  1.047550E+00  5.350705E+03
  1.048340E+00  5.426297E+03
  1.049120E+00  5.493536E+03
  1.049910E+00  5.553794E+03
  1.050690E+00  5.608192E+03
  1.052270E+00  5.703025E+03
  1.053840E+00  5.783479E+03
  1.055420E+00  5.852672E+03
  1.057000E+00  5.912306E+03
  1.057000E+00  6.038223E+03
  1.057660E+00  6.102886E+03
  1.058320E+00  6.178727E+03
  1.058980E+00  6.265789E+03
  1.059640E+00  6.364445E+03
  1.060300E+00  6.474405E+03
  1.060960E+00  6.594962E+03
  1.062280E+00  6.861716E+03
  1.063610E+00  7.147170E+03
  1.064930E+00  7.429259E+03
  1.065600E+00  7.562490E+03
  1.066260E+00  7.687826E+03
  1.066920E+00  7.803978E+03
  1.067590E+00  7.910114E+03
  1.068260E+00  8.006027E+03
  1.068920E+00  8.091801E+03
  1.069590E+00  8.168016E+03
  1.070250E+00  8.235256E+03
  1.071590E+00  8.346296E+03
  1.072920E+00  8.431529E+03
  1.074260E+00  8.497147E+03
  1.075600E+00  8.548221E+03
  1.078290E+00  8.620322E+03
  1.080980E+00  8.666201E+03
  1.083670E+00  8.693878E+03
  1.086380E+00  8.706054E+03
  1.089090E+00  8.703935E+03
  1.091810E+00  8.689016E+03
  1.094530E+00  8.662960E+03
  1.100000E+00  8.586495E+03
  1.172600E+00  7.399172E+03
  1.210680E+00  6.875471E+03
  1.250000E+00  6.397234E+03
  1.304800E+00  5.797692E+03
  1.362000E+00  5.247229E+03
  1.362000E+00  5.971898E+03
  1.363170E+00  5.993300E+03
  1.364340E+00  6.004812E+03
  1.366690E+00  6.014577E+03
  1.369050E+00  6.013663E+03
  1.371400E+00  6.004271E+03
  1.376130E+00  5.966454E+03
  1.380870E+00  5.915838E+03
  1.390400E+00  5.814315E+03
  1.400000E+00  5.726588E+03
  1.418630E+00  5.567633E+03
  1.437500E+00  5.406599E+03
  1.476000E+00  5.097208E+03
  1.476000E+00  5.362923E+03
  1.476740E+00  5.367120E+03
  1.477490E+00  5.369073E+03
  1.478980E+00  5.369198E+03
  1.481960E+00  5.361261E+03
  1.487950E+00  5.326561E+03
  1.500000E+00  5.229317E+03
  1.574640E+00  4.702459E+03
  1.653000E+00  4.219941E+03
  1.653000E+00  4.439943E+03
  1.654470E+00  4.426271E+03
  1.655950E+00  4.413555E+03
  1.658900E+00  4.390698E+03
  1.664820E+00  4.352009E+03
  1.676730E+00  4.286640E+03
  1.700810E+00  4.155494E+03
  1.750000E+00  3.900119E+03
  1.870830E+00  3.355523E+03
  2.000000E+00  2.881005E+03
  2.200000E+00  2.309435E+03
  2.345210E+00  1.987265E+03
  2.500000E+00  1.707546E+03
  2.738610E+00  1.372227E+03
  3.000000E+00  1.100083E+03
  3.240370E+00  9.109655E+02
  3.500000E+00  7.532694E+02
  4.000000E+00  5.401571E+02
  4.500000E+00  4.015564E+02
  5.000000E+00  3.072828E+02
  5.500000E+00  2.407905E+02
  6.000000E+00  1.924639E+02
  6.464000E+00  1.586976E+02
  6.464000E+00  4.083169E+02
  6.468020E+00  4.389535E+02
  6.472050E+00  4.519442E+02
  6.476080E+00  4.558381E+02
  6.480110E+00  4.543670E+02
  6.488180E+00  4.476347E+02
  6.492220E+00  4.453159E+02
  6.496260E+00  4.440775E+02
  6.500310E+00  4.436660E+02
  6.504350E+00  4.437159E+02
  6.512460E+00  4.439569E+02
  6.520570E+00  4.433627E+02
  6.528690E+00  4.419248E+02
  6.594020E+00  4.319220E+02
  6.660010E+00  4.216658E+02
  6.726660E+00  4.110355E+02
  7.000000E+00  3.699860E+02
  7.017000E+00  3.676035E+02
  7.017000E+00  4.780295E+02
  7.023300E+00  4.986002E+02
  7.029610E+00  5.020993E+02
  7.035930E+00  4.996806E+02
  7.042240E+00  4.967592E+02
  7.048570E+00  4.949681E+02
  7.054900E+00  4.941411E+02
  7.067580E+00  4.929817E+02
  7.118530E+00  4.843212E+02
  7.169840E+00  4.759142E+02
  7.221520E+00  4.670751E+02
  7.432000E+00  4.332477E+02
  7.432000E+00  5.068617E+02
  7.436280E+00  5.023112E+02
  7.440560E+00  4.997679E+02
  7.444840E+00  4.984963E+02
  7.449120E+00  4.979311E+02
  7.466290E+00  4.965805E+02
  7.500730E+00  4.905423E+02
  7.570100E+00  4.794798E+02
  7.710770E+00  4.577829E+02
  8.000000E+00  4.170571E+02
  8.485280E+00  3.588155E+02
  9.000000E+00  3.083537E+02
  1.000000E+01  2.345636E+02
  1.100000E+01  1.827762E+02
  1.250000E+01  1.304210E+02
  1.400000E+01  9.643496E+01
  1.500000E+01  8.015046E+01
  1.750000E+01  5.286375E+01
  2.000000E+01  3.675474E+01
  2.200000E+01  2.831366E+01
  2.500000E+01  1.991708E+01
  3.000000E+01  1.202034E+01
  3.500000E+01  7.821764E+00
  4.000000E+01  5.380959E+00
  4.500000E+01  3.863748E+00
  4.518800E+01  3.818642E+00
  4.518800E+01  2.288832E+01
  4.522370E+01  2.172244E+01
  4.525950E+01  2.158713E+01
  4.529530E+01  2.158700E+01
  4.533110E+01  2.153659E+01
  4.547470E+01  2.138657E+01
  4.576320E+01  2.105154E+01
  4.634570E+01  2.039922E+01
  4.753310E+01  1.910813E+01
  5.000000E+01  1.674317E+01
  5.500000E+01  1.303861E+01
  6.000000E+01  1.035221E+01
  7.000000E+01  6.845508E+00
  8.000000E+01  4.762384E+00
  9.000000E+01  3.447414E+00
  1.000000E+02  2.576630E+00
  1.100000E+02  1.977250E+00
  1.250000E+02  1.383979E+00
  1.400000E+02  1.007669E+00
  1.500000E+02  8.304364E-01
  1.620190E+02  6.685182E-01
  1.750000E+02  5.390309E-01
  2.000000E+02  3.710602E-01
  2.200000E+02  2.845803E-01
  2.345210E+02  2.383299E-01
  2.500000E+02  1.998336E-01
  2.738610E+02  1.554587E-01
  2.866330E+02  1.373478E-01
  3.000000E+02  1.215046E-01
  3.240370E+02  9.875799E-02
  3.500000E+02  8.044800E-02
  3.741660E+02  6.746686E-02
  4.000000E+02  5.672564E-02
  4.242640E+02  4.875003E-02
  4.500000E+02  4.197583E-02
  4.743420E+02  3.676971E-02
  5.000000E+02  3.226447E-02
  5.244040E+02  2.870217E-02
  5.500000E+02  2.557023E-02
  5.744560E+02  2.303730E-02
  6.000000E+02  2.077880E-02
  6.235740E+02  1.897722E-02
  6.480740E+02  1.734927E-02
  6.735370E+02  1.588223E-02
  7.000000E+02  1.455669E-02
  7.483310E+02  1.253652E-02
  8.000000E+02  1.082849E-02
  8.485280E+02  9.537733E-03
  9.000000E+02  8.421639E-03
  9.486830E+02  7.547447E-03
  1.000000E+03  6.776358E-03
  1.048810E+03  6.155746E-03
  1.100000E+03  5.599964E-03
  1.172600E+03  4.942159E-03
  1.250000E+03  4.373411E-03
  1.322880E+03  3.931087E-03
  1.400000E+03  3.540132E-03
  1.500000E+03  3.123307E-03
  1.620190E+03  2.722532E-03
  1.750000E+03  2.381641E-03
  1.870830E+03  2.125292E-03
  2.000000E+03  1.900540E-03
  2.097620E+03  1.756932E-03
  2.200000E+03  1.625815E-03
  2.345210E+03  1.467247E-03
  2.500000E+03  1.326464E-03
  2.738610E+03  1.151364E-03
  3.000000E+03  1.003130E-03
  3.240370E+03  8.945422E-04
  3.500000E+03  7.993269E-04
  3.741660E+03  7.261369E-04
  4.000000E+03  6.606515E-04
  4.242640E+03  6.084310E-04
  4.500000E+03  5.609148E-04
  5.000000E+03  4.861165E-04
  5.500000E+03  4.283523E-04
  6.000000E+03  3.822756E-04
  6.480740E+03  3.460143E-04
  7.000000E+03  3.136406E-04
  8.000000E+03  2.651827E-04
  9.000000E+03  2.292833E-04
  1.000000E+04  2.016945E-04
  1.100000E+04  1.798730E-04
  1.250000E+04  1.545839E-04
  1.400000E+04  1.354041E-04
  1.500000E+04  1.250128E-04
  1.750000E+04  1.048004E-04
  2.000000E+04  9.014323E-05
  2.200000E+04  8.104185E-05
  2.500000E+04  7.035382E-05
  3.000000E+04  5.764031E-05
  3.500000E+04  4.879616E-05
  4.000000E+04  4.229416E-05
  4.500000E+04  3.731506E-05
  5.000000E+04  3.338136E-05
  5.500000E+04  3.019577E-05
  6.000000E+04  2.756385E-05
  7.000000E+04  2.346986E-05
  8.000000E+04  2.043313E-05
  9.000000E+04  1.809140E-05
  1.000000E+05  1.623069E-05
  1.100000E+05  1.471672E-05
  1.250000E+05  1.291004E-05
  1.400000E+05  1.149822E-05
  1.500000E+05  1.071683E-05
  1.750000E+05  9.160354E-06
  2.000000E+05  7.998506E-06
  2.200000E+05  7.261660E-06
  2.500000E+05  6.379987E-06
  3.000000E+05  5.306156E-06
  3.500000E+05  4.541717E-06
  4.000000E+05  3.969781E-06
  4.500000E+05  3.525770E-06
  5.000000E+05  3.171085E-06
  5.500000E+05  2.881238E-06
  6.000000E+05  2.639938E-06
  7.000000E+05  2.261188E-06
  8.000000E+05  1.977479E-06
  9.000000E+05  1.757023E-06
  1.000000E+06  1.580793E-06
EndElement
Element    Sm   62   150.360000
Range      1.000000E+00 1.000000E+06
Npoints    279
Data
  1.000000E+00  1.883509E+03
  1.083000E+00  1.629310E+03
  1.083000E+00  1.790373E+03
  1.084050E+00  1.886693E+03
  1.085110E+00  2.024995E+03
  1.086170E+00  2.206436E+03
  1.087230E+00  2.428982E+03
  1.088280E+00  2.686037E+03
  1.089340E+00  2.966721E+03
  1.090400E+00  3.257199E+03
  1.091470E+00  3.543186E+03
  1.092530E+00  3.812533E+03
  1.093590E+00  4.056815E+03
  1.094660E+00  4.271891E+03
  1.095730E+00  4.457329E+03
  1.096790E+00  4.615212E+03
  1.097860E+00  4.748904E+03
  1.098930E+00  4.862370E+03
  1.100000E+00  4.959335E+03
  1.101250E+00  5.055618E+03
  1.102490E+00  5.138245E+03
  1.103740E+00  5.210297E+03
  1.104990E+00  5.274019E+03
  1.106240E+00  5.330852E+03
  1.107490E+00  5.381798E+03
  1.110000E+00  5.467828E+03
  1.110000E+00  5.577209E+03
  1.111030E+00  5.665162E+03
  1.112060E+00  5.775263E+03
  1.113090E+00  5.908475E+03
  1.114130E+00  6.064035E+03
  1.118270E+00  6.806509E+03
  1.119310E+00  6.983857E+03
  1.120350E+00  7.144624E+03
  1.121390E+00  7.285885E+03
  1.122430E+00  7.407041E+03
  1.123470E+00  7.509092E+03
  1.124520E+00  7.594161E+03
  1.125560E+00  7.664692E+03
  1.126600E+00  7.723167E+03
  1.127650E+00  7.771830E+03
  1.128700E+00  7.812642E+03
  1.130790E+00  7.876484E+03
  1.132890E+00  7.923505E+03
  1.135000E+00  7.958590E+03
  1.137110E+00  7.984103E+03
  1.139220E+00  8.000804E+03
  1.143460E+00  8.009936E+03
  1.147710E+00  7.990671E+03
  1.151980E+00  7.949098E+03
  1.160560E+00  7.830866E+03
  1.169210E+00  7.698055E+03
  1.177920E+00  7.559877E+03
  1.195540E+00  7.294777E+03
  1.213430E+00  7.052505E+03
  1.250000E+00  6.589710E+03
  1.322880E+00  5.782553E+03
  1.400000E+00  5.069076E+03
  1.422000E+00  4.886601E+03
  1.422000E+00  5.572122E+03
  1.423190E+00  5.589985E+03
  1.424370E+00  5.599077E+03
  1.426750E+00  5.606286E+03
  1.429140E+00  5.604684E+03
  1.431520E+00  5.595833E+03
  1.436310E+00  5.561268E+03
  1.441110E+00  5.514849E+03
  1.450760E+00  5.421369E+03
  1.460480E+00  5.340785E+03
  1.480110E+00  5.190472E+03
  1.500000E+00  5.037115E+03
  1.546000E+00  4.706450E+03
  1.546000E+00  4.954889E+03
  1.547340E+00  4.959975E+03
  1.548690E+00  4.960336E+03
  1.551390E+00  4.954889E+03
  1.556790E+00  4.929857E+03
  1.567660E+00  4.853639E+03
  1.589620E+00  4.706129E+03
  1.634470E+00  4.426730E+03
  1.728000E+00  3.908736E+03
  1.728000E+00  4.111645E+03
  1.729370E+00  4.100391E+03
  1.730730E+00  4.089657E+03
  1.733470E+00  4.070392E+03
  1.738970E+00  4.037550E+03
  1.750000E+00  3.982675E+03
  1.809410E+00  3.699183E+03
  1.870830E+00  3.431971E+03
  2.000000E+00  2.948983E+03
  2.200000E+00  2.366662E+03
  2.345210E+00  2.037719E+03
  2.500000E+00  1.751912E+03
  2.738610E+00  1.408831E+03
  3.000000E+00  1.130117E+03
  3.240370E+00  9.362715E+02
  3.500000E+00  7.745236E+02
  4.000000E+00  5.557864E+02
  4.500000E+00  4.134154E+02
  5.000000E+00  3.165100E+02
  5.500000E+00  2.481301E+02
  6.000000E+00  1.984066E+02
  6.720000E+00  1.479746E+02
  6.720000E+00  3.822205E+02
  6.724290E+00  4.090217E+02
  6.728580E+00  4.201200E+02
  6.732870E+00  4.228916E+02
  6.737170E+00  4.208970E+02
  6.745770E+00  4.143085E+02
  6.750070E+00  4.122859E+02
  6.754380E+00  4.113127E+02
  6.771630E+00  4.112366E+02
  6.780280E+00  4.104075E+02
  6.788930E+00  4.089016E+02
  6.806280E+00  4.059899E+02
  6.823660E+00  4.035707E+02
  6.858570E+00  3.993281E+02
  6.893660E+00  3.946733E+02
  6.928920E+00  3.896100E+02
  7.000000E+00  3.795587E+02
  7.155770E+00  3.582253E+02
  7.315000E+00  3.377505E+02
  7.315000E+00  4.407986E+02
  7.321460E+00  4.588898E+02
  7.327920E+00  4.619017E+02
  7.334390E+00  4.595908E+02
  7.340870E+00  4.568312E+02
  7.347350E+00  4.551571E+02
  7.353830E+00  4.543961E+02
  7.366820E+00  4.530503E+02
  7.419010E+00  4.454446E+02
  7.524500E+00  4.298245E+02
  7.740000E+00  3.992320E+02
  7.740000E+00  4.670964E+02
  7.744000E+00  4.632034E+02
  7.748000E+00  4.609044E+02
  7.752000E+00  4.596668E+02
  7.756000E+00  4.590701E+02
  7.772030E+00  4.580768E+02
  7.804200E+00  4.531505E+02
  7.868930E+00  4.439386E+02
  8.000000E+00  4.258914E+02
  8.485280E+00  3.667810E+02
  9.000000E+00  3.154535E+02
  1.000000E+01  2.402015E+02
  1.100000E+01  1.873056E+02
  1.250000E+01  1.337840E+02
  1.400000E+01  9.900566E+01
  1.500000E+01  8.232822E+01
  1.750000E+01  5.435667E+01
  2.000000E+01  3.782382E+01
  2.200000E+01  2.915335E+01
  2.500000E+01  2.052230E+01
  3.000000E+01  1.239750E+01
  3.500000E+01  8.073417E+00
  4.000000E+01  5.557664E+00
  4.500000E+01  3.992876E+00
  4.683700E+01  3.567470E+00
  4.683700E+01  2.119925E+01
  4.686090E+01  1.993314E+01
  4.688480E+01  2.008794E+01
  4.690880E+01  2.000235E+01
  4.693270E+01  2.002762E+01
  4.695670E+01  2.000059E+01
  4.698070E+01  1.995345E+01
  4.702870E+01  1.992417E+01
  4.722120E+01  1.972632E+01
  4.760850E+01  1.932728E+01
  4.839270E+01  1.854632E+01
  5.000000E+01  1.703562E+01
  5.500000E+01  1.327771E+01
  6.000000E+01  1.055260E+01
  7.000000E+01  6.989344E+00
  8.000000E+01  4.868899E+00
  9.000000E+01  3.528411E+00
  1.000000E+02  2.639641E+00
  1.100000E+02  2.027234E+00
  1.250000E+02  1.420422E+00
  1.400000E+02  1.035098E+00
  1.500000E+02  8.534771E-01
  1.620190E+02  6.874557E-01
  1.750000E+02  5.545929E-01
  2.000000E+02  3.821208E-01
  2.200000E+02  2.932477E-01
  2.345210E+02  2.456906E-01
  2.500000E+02  2.060885E-01
  2.738610E+02  1.604162E-01
  2.866330E+02  1.417670E-01
  3.000000E+02  1.254473E-01
  3.240370E+02  1.020079E-01
  3.500000E+02  8.313206E-02
  3.741660E+02  6.974325E-02
  4.000000E+02  5.866020E-02
  4.242640E+02  5.042802E-02
  4.500000E+02  4.343303E-02
  4.743420E+02  3.805552E-02
  5.000000E+02  3.340061E-02
  5.244040E+02  2.971892E-02
  5.500000E+02  2.648112E-02
  5.744560E+02  2.386195E-02
  6.000000E+02  2.152603E-02
  6.480740E+02  1.797779E-02
  6.735370E+02  1.645952E-02
  7.000000E+02  1.508735E-02
  7.483310E+02  1.299566E-02
  8.000000E+02  1.122663E-02
  8.485280E+02  9.889392E-03
  9.000000E+02  8.732825E-03
  9.486830E+02  7.826740E-03
  1.000000E+03  7.027433E-03
  1.048810E+03  6.383926E-03
  1.100000E+03  5.807585E-03
  1.172600E+03  5.125348E-03
  1.250000E+03  4.535350E-03
  1.322880E+03  4.076480E-03
  1.400000E+03  3.670854E-03
  1.500000E+03  3.238342E-03
  1.620190E+03  2.822464E-03
  1.750000E+03  2.468709E-03
  1.870830E+03  2.202699E-03
  2.000000E+03  1.969476E-03
  2.097620E+03  1.820464E-03
  2.200000E+03  1.684413E-03
  2.345210E+03  1.519894E-03
  2.500000E+03  1.373846E-03
  2.738610E+03  1.192216E-03
  3.000000E+03  1.038487E-03
  3.240370E+03  9.258941E-04
  3.500000E+03  8.271833E-04
  3.741660E+03  7.513218E-04
  4.000000E+03  6.834585E-04
  4.242640E+03  6.293529E-04
  4.500000E+03  5.801257E-04
  5.000000E+03  5.026541E-04
  5.500000E+03  4.428332E-04
  6.000000E+03  3.951243E-04
  6.480740E+03  3.575840E-04
  7.000000E+03  3.240742E-04
  8.000000E+03  2.739269E-04
  9.000000E+03  2.367860E-04
  1.000000E+04  2.082513E-04
  1.100000E+04  1.856863E-04
  1.250000E+04  1.595423E-04
  1.400000E+04  1.397200E-04
  1.500000E+04  1.289830E-04
  1.750000E+04  1.081021E-04
  2.000000E+04  9.296550E-05
  2.200000E+04  8.356822E-05
  2.500000E+04  7.253563E-05
  3.000000E+04  5.941557E-05
  3.500000E+04  5.029144E-05
  4.000000E+04  4.358523E-05
  4.500000E+04  3.845050E-05
  5.000000E+04  3.439445E-05
  5.500000E+04  3.111023E-05
  6.000000E+04  2.839702E-05
  7.000000E+04  2.417720E-05
  8.000000E+04  2.104757E-05
  9.000000E+04  1.863439E-05
  1.000000E+05  1.671717E-05
  1.100000E+05  1.515728E-05
  1.250000E+05  1.329597E-05
  1.400000E+05  1.184154E-05
  1.500000E+05  1.103659E-05
  1.750000E+05  9.433325E-06
  2.000000E+05  8.236627E-06
  2.200000E+05  7.477732E-06
  2.500000E+05  6.569645E-06
  3.000000E+05  5.463783E-06
  3.500000E+05  4.676531E-06
  4.000000E+05  4.087534E-06
  4.500000E+05  3.630322E-06
  5.000000E+05  3.265093E-06
  5.500000E+05  2.966629E-06
  6.000000E+05  2.718158E-06
  7.000000E+05  2.328165E-06
  8.000000E+05  2.036037E-06
  9.000000E+05  1.809045E-06
  1.000000E+06  1.627588E-06
EndElement
Element    Eu   63   151.960000
Range      1.000000E+00 1.000000E+06
Npoints    273
Data
  1.000000E+00  1.981093E+03
  1.048810E+00  1.817485E+03
  1.100000E+00  1.665108E+03
  1.135000E+00  1.570738E+03
  1.135000E+00  1.714931E+03
  1.135900E+00  1.781810E+03
  1.136790E+00  1.874203E+03
  1.137690E+00  1.993180E+03
  1.138590E+00  2.138752E+03
  1.142180E+00  2.927178E+03
  1.143080E+00  3.146985E+03
  1.143980E+00  3.362004E+03
  1.144890E+00  3.566450E+03
  1.145790E+00  3.756122E+03
  1.146690E+00  3.928571E+03
  1.147600E+00  4.082937E+03
  1.148500E+00  4.219660E+03
  1.149410E+00  4.340015E+03
  1.150320E+00  4.445708E+03
  1.151220E+00  4.538600E+03
  1.152130E+00  4.620673E+03
  1.153040E+00  4.693553E+03
  1.153950E+00  4.758823E+03
  1.154860E+00  4.817713E+03
  1.155770E+00  4.871292E+03
  1.156680E+00  4.920354E+03
  1.158510E+00  5.007301E+03
  1.160330E+00  5.081924E+03
  1.162170E+00  5.145887E+03
  1.164000E+00  5.199902E+03
  1.164000E+00  5.298422E+03
  1.169200E+00  5.868139E+03
  1.171800E+00  6.287026E+03
  1.173110E+00  6.493497E+03
  1.173760E+00  6.590630E+03
  1.174420E+00  6.682294E+03
  1.175070E+00  6.767735E+03
  1.175730E+00  6.846678E+03
  1.176380E+00  6.918883E+03
  1.177040E+00  6.984589E+03
  1.178350E+00  7.097495E+03
  1.179660E+00  7.188762E+03
  1.180980E+00  7.262394E+03
  1.182290E+00  7.322116E+03
  1.183610E+00  7.370980E+03
  1.184930E+00  7.411640E+03
  1.187570E+00  7.475840E+03
  1.190220E+00  7.523554E+03
  1.192870E+00  7.557478E+03
  1.195530E+00  7.578402E+03
  1.198200E+00  7.586764E+03
  1.200870E+00  7.583475E+03
  1.203550E+00  7.569882E+03
  1.206230E+00  7.547966E+03
  1.211620E+00  7.487174E+03
  1.217030E+00  7.415326E+03
  1.227920E+00  7.267982E+03
  1.250000E+00  6.972819E+03
  1.400000E+00  5.353586E+03
  1.484000E+00  4.668467E+03
  1.484000E+00  5.335793E+03
  1.484990E+00  5.348752E+03
  1.485990E+00  5.355608E+03
  1.487980E+00  5.361592E+03
  1.491980E+00  5.358025E+03
  1.495980E+00  5.337893E+03
  1.500000E+00  5.306110E+03
  1.514270E+00  5.177670E+03
  1.528670E+00  5.070551E+03
  1.557880E+00  4.862732E+03
  1.618000E+00  4.464532E+03
  1.618000E+00  4.703460E+03
  1.618990E+00  4.707185E+03
  1.619980E+00  4.708097E+03
  1.621970E+00  4.705917E+03
  1.625950E+00  4.693354E+03
  1.629940E+00  4.673262E+03
  1.633940E+00  4.648375E+03
  1.650040E+00  4.542722E+03
  1.682710E+00  4.351944E+03
  1.750000E+00  3.987231E+03
  1.805000E+00  3.718577E+03
  1.805000E+00  3.910789E+03
  1.806450E+00  3.899721E+03
  1.807900E+00  3.889429E+03
  1.810800E+00  3.870850E+03
  1.816610E+00  3.839317E+03
  1.828300E+00  3.786546E+03
  1.851890E+00  3.681987E+03
  1.900000E+00  3.475840E+03
  2.000000E+00  3.095046E+03
  2.200000E+00  2.486392E+03
  2.345210E+00  2.142227E+03
  2.500000E+00  1.842808E+03
  2.738610E+00  1.483025E+03
  3.000000E+00  1.190379E+03
  3.240370E+00  9.866546E+02
  3.500000E+00  8.165517E+02
  4.000000E+00  5.863463E+02
  4.500000E+00  4.363952E+02
  5.000000E+00  3.342677E+02
  5.500000E+00  2.621585E+02
  6.000000E+00  2.097049E+02
  6.981000E+00  1.417521E+02
  6.981000E+00  3.681008E+02
  6.985750E+00  3.922020E+02
  6.990490E+00  4.016121E+02
  6.995250E+00  4.028922E+02
  7.000000E+00  3.999913E+02
  7.004650E+00  3.963731E+02
  7.009300E+00  3.935934E+02
  7.013960E+00  3.920166E+02
  7.018620E+00  3.914209E+02
  7.037290E+00  3.912584E+02
  7.074770E+00  3.857107E+02
  7.150340E+00  3.770595E+02
  7.226710E+00  3.669353E+02
  7.303900E+00  3.566339E+02
  7.621000E+00  3.189690E+02
  7.621000E+00  4.179634E+02
  7.626780E+00  4.331257E+02
  7.632570E+00  4.367875E+02
  7.638360E+00  4.355352E+02
  7.644150E+00  4.330385E+02
  7.649950E+00  4.310729E+02
  7.655750E+00  4.299553E+02
  7.667380E+00  4.290003E+02
  7.690670E+00  4.261826E+02
  7.714030E+00  4.227744E+02
  7.808200E+00  4.102910E+02
  8.000000E+00  3.849672E+02
  8.056000E+00  3.778866E+02
  8.056000E+00  4.421573E+02
  8.062980E+00  4.368271E+02
  8.069960E+00  4.348773E+02
  8.083940E+00  4.340332E+02
  8.097950E+00  4.325867E+02
  8.111990E+00  4.304269E+02
  8.168360E+00  4.230162E+02
  8.282290E+00  4.084998E+02
  8.514930E+00  3.808651E+02
  9.000000E+00  3.308599E+02
  1.000000E+01  2.522225E+02
  1.100000E+01  1.968292E+02
  1.250000E+01  1.407214E+02
  1.400000E+01  1.042279E+02
  1.500000E+01  8.671391E+01
  1.750000E+01  5.731258E+01
  2.000000E+01  3.991392E+01
  2.200000E+01  3.078148E+01
  2.500000E+01  2.168387E+01
  3.000000E+01  1.311183E+01
  3.500000E+01  8.545250E+00
  4.000000E+01  5.886329E+00
  4.500000E+01  4.231350E+00
  4.852200E+01  3.423462E+00
  4.852200E+01  2.016807E+01
  4.856750E+01  1.914752E+01
  4.861310E+01  1.905427E+01
  4.865870E+01  1.899752E+01
  4.870430E+01  1.898199E+01
  4.888740E+01  1.880136E+01
  4.925550E+01  1.845273E+01
  5.000000E+01  1.777066E+01
  5.500000E+01  1.386372E+01
  6.000000E+01  1.102996E+01
  7.000000E+01  7.317400E+00
  8.000000E+01  5.104156E+00
  9.000000E+01  3.703002E+00
  1.000000E+02  2.772864E+00
  1.100000E+02  2.131266E+00
  1.250000E+02  1.494851E+00
  1.400000E+02  1.090283E+00
  1.500000E+02  8.994334E-01
  1.620190E+02  7.248801E-01
  1.750000E+02  5.850980E-01
  2.000000E+02  4.035064E-01
  2.200000E+02  3.098541E-01
  2.345210E+02  2.597114E-01
  2.500000E+02  2.179376E-01
  2.738610E+02  1.697367E-01
  2.866330E+02  1.500451E-01
  3.000000E+02  1.328077E-01
  3.240370E+02  1.080423E-01
  3.500000E+02  8.808787E-02
  3.741660E+02  7.392856E-02
  4.000000E+02  6.220210E-02
  4.242640E+02  5.348910E-02
  4.500000E+02  4.608269E-02
  4.743420E+02  4.038750E-02
  5.000000E+02  3.545553E-02
  5.244040E+02  3.155374E-02
  5.500000E+02  2.812153E-02
  5.744560E+02  2.534435E-02
  6.000000E+02  2.286694E-02
  6.480740E+02  1.910266E-02
  6.735370E+02  1.749143E-02
  7.000000E+02  1.603492E-02
  7.483310E+02  1.381419E-02
  8.000000E+02  1.193542E-02
  8.485280E+02  1.051485E-02
  9.000000E+02  9.285851E-03
  9.486830E+02  8.322848E-03
  1.000000E+03  7.473146E-03
  1.048810E+03  6.789016E-03
  1.100000E+03  6.176102E-03
  1.172600E+03  5.450561E-03
  1.250000E+03  4.822983E-03
  1.322880E+03  4.334824E-03
  1.400000E+03  3.903275E-03
  1.500000E+03  3.443079E-03
  1.620190E+03  3.000549E-03
  1.750000E+03  2.624109E-03
  1.870830E+03  2.341042E-03
  2.000000E+03  2.092872E-03
  2.097620E+03  1.934314E-03
  2.200000E+03  1.789558E-03
  2.345210E+03  1.614521E-03
  2.500000E+03  1.459149E-03
  2.738610E+03  1.265957E-03
  3.000000E+03  1.102469E-03
  3.240370E+03  9.827471E-04
  3.500000E+03  8.778114E-04
  3.741660E+03  7.971807E-04
  4.000000E+03  7.250585E-04
  4.242640E+03  6.675715E-04
  4.500000E+03  6.152800E-04
  5.000000E+03  5.329967E-04
  5.500000E+03  4.694662E-04
  6.000000E+03  4.188075E-04
  6.480740E+03  3.789550E-04
  7.000000E+03  3.433853E-04
  8.000000E+03  2.901672E-04
  9.000000E+03  2.507637E-04
  1.000000E+04  2.204981E-04
  1.100000E+04  1.965700E-04
  1.250000E+04  1.688542E-04
  1.400000E+04  1.478456E-04
  1.500000E+04  1.364679E-04
  1.750000E+04  1.143482E-04
  2.000000E+04  9.831751E-05
  2.200000E+04  8.836806E-05
  2.500000E+04  7.668956E-05
  3.000000E+04  6.280527E-05
  3.500000E+04  5.315264E-05
  4.000000E+04  4.605892E-05
  4.500000E+04  4.062924E-05
  5.000000E+04  3.634047E-05
  5.500000E+04  3.286826E-05
  6.000000E+04  3.000010E-05
  7.000000E+04  2.553981E-05
  8.000000E+04  2.223230E-05
  9.000000E+04  1.968229E-05
  1.000000E+05  1.765645E-05
  1.100000E+05  1.600837E-05
  1.250000E+05  1.404194E-05
  1.400000E+05  1.250549E-05
  1.500000E+05  1.165520E-05
  1.750000E+05  9.961657E-06
  2.000000E+05  8.697706E-06
  2.200000E+05  7.896153E-06
  2.500000E+05  6.937153E-06
  3.000000E+05  5.769224E-06
  3.500000E+05  4.937870E-06
  4.000000E+05  4.315920E-06
  4.500000E+05  3.833103E-06
  5.000000E+05  3.447438E-06
  5.500000E+05  3.132282E-06
  6.000000E+05  2.869921E-06
  7.000000E+05  2.458128E-06
  8.000000E+05  2.149678E-06
  9.000000E+05  1.910005E-06
  1.000000E+06  1.718410E-06
EndElement
Element    Gd   64   157.250000
Range      1.000000E+00 1.000000E+06
Npoints    279
Data
  1.000000E+00  2.036315E+03
  1.048810E+00  1.867924E+03
  1.100000E+00  1.711146E+03
  1.189000E+00  1.478662E+03
  1.189000E+00  1.605405E+03
  1.189960E+00  1.665309E+03
  1.190910E+00  1.749733E+03
  1.191870E+00  1.859568E+03
  1.192830E+00  1.994947E+03
  1.196680E+00  2.732244E+03
  1.197640E+00  2.936806E+03
  1.198600E+00  3.135998E+03
  1.199570E+00  3.324406E+03
  1.200530E+00  3.498314E+03
  1.201500E+00  3.655767E+03
  1.202460E+00  3.796277E+03
  1.203430E+00  3.920500E+03
  1.204400E+00  4.029875E+03
  1.205370E+00  4.126114E+03
  1.206340E+00  4.211056E+03
  1.207310E+00  4.286424E+03
  1.208280E+00  4.353826E+03
  1.209250E+00  4.414526E+03
  1.210230E+00  4.469711E+03
  1.211200E+00  4.520148E+03
  1.212180E+00  4.566602E+03
  1.214130E+00  4.649284E+03
  1.216080E+00  4.720248E+03
  1.218040E+00  4.780641E+03
  1.220000E+00  4.831002E+03
  1.220000E+00  4.918126E+03
  1.220930E+00  4.974384E+03
  1.221850E+00  5.042092E+03
  1.222780E+00  5.123128E+03
  1.223710E+00  5.217414E+03
  1.224640E+00  5.324338E+03
  1.225570E+00  5.442215E+03
  1.227430E+00  5.698956E+03
  1.228360E+00  5.830160E+03
  1.229300E+00  5.958071E+03
  1.230230E+00  6.079318E+03
  1.231160E+00  6.191450E+03
  1.232100E+00  6.293089E+03
  1.233040E+00  6.383699E+03
  1.233970E+00  6.463509E+03
  1.234910E+00  6.533171E+03
  1.235850E+00  6.593794E+03
  1.236790E+00  6.646414E+03
  1.238660E+00  6.732198E+03
  1.240550E+00  6.798796E+03
  1.242430E+00  6.852066E+03
  1.244320E+00  6.895533E+03
  1.246210E+00  6.931072E+03
  1.250000E+00  6.982237E+03
  1.252220E+00  7.000734E+03
  1.254430E+00  7.011457E+03
  1.258890E+00  7.012031E+03
  1.263350E+00  6.990126E+03
  1.267830E+00  6.951982E+03
  1.276850E+00  6.850994E+03
  1.285920E+00  6.743074E+03
  1.304270E+00  6.529609E+03
  1.322880E+00  6.313157E+03
  1.400000E+00  5.525778E+03
  1.500000E+00  4.698074E+03
  1.547000E+00  4.366157E+03
  1.547000E+00  5.001843E+03
  1.548080E+00  5.012183E+03
  1.549170E+00  5.016817E+03
  1.551340E+00  5.019804E+03
  1.555690E+00  5.012604E+03
  1.560050E+00  4.989856E+03
  1.564420E+00  4.956461E+03
  1.573210E+00  4.882281E+03
  1.582040E+00  4.815913E+03
  1.617880E+00  4.583644E+03
  1.692000E+00  4.140399E+03
  1.692000E+00  4.365200E+03
  1.692890E+00  4.367957E+03
  1.693780E+00  4.368570E+03
  1.695570E+00  4.366847E+03
  1.699140E+00  4.357464E+03
  1.706320E+00  4.323801E+03
  1.720760E+00  4.238017E+03
  1.750000E+00  4.083950E+03
  1.815760E+00  3.760363E+03
  1.884000E+00  3.458344E+03
  1.884000E+00  3.636236E+03
  1.885760E+00  3.624187E+03
  1.887520E+00  3.613166E+03
  1.891050E+00  3.593554E+03
  1.898120E+00  3.560818E+03
  1.912350E+00  3.504648E+03
  1.941130E+00  3.389648E+03
  2.000000E+00  3.169228E+03
  2.097620E+00  2.843641E+03
  2.200000E+00  2.548865E+03
  2.345210E+00  2.197321E+03
  2.500000E+00  1.891274E+03
  2.738610E+00  1.523087E+03
  3.000000E+00  1.223266E+03
  3.240370E+00  1.014370E+03
  3.500000E+00  8.398292E+02
  4.000000E+00  6.034396E+02
  4.500000E+00  4.493570E+02
  5.000000E+00  3.443493E+02
  5.500000E+00  2.701730E+02
  6.000000E+00  2.161908E+02
  7.000000E+00  1.451993E+02
  7.247000E+00  1.326709E+02
  7.247000E+00  3.468075E+02
  7.252140E+00  3.671415E+02
  7.257280E+00  3.748249E+02
  7.262420E+00  3.749827E+02
  7.267570E+00  3.716275E+02
  7.272720E+00  3.680265E+02
  7.277880E+00  3.655843E+02
  7.283030E+00  3.644201E+02
  7.288200E+00  3.641325E+02
  7.298530E+00  3.640548E+02
  7.308880E+00  3.633203E+02
  7.329630E+00  3.607080E+02
  7.413200E+00  3.515812E+02
  7.583200E+00  3.316865E+02
  7.935000E+00  2.940635E+02
  7.935000E+00  3.871442E+02
  7.939050E+00  3.977217E+02
  7.943100E+00  4.020913E+02
  7.947150E+00  4.033398E+02
  7.951200E+00  4.026198E+02
  7.959310E+00  3.994719E+02
  7.967430E+00  3.972507E+02
  8.000000E+00  3.941410E+02
  8.093350E+00  3.828550E+02
  8.187800E+00  3.714901E+02
  8.380000E+00  3.496790E+02
  8.380000E+00  4.091609E+02
  8.384670E+00  4.054729E+02
  8.389350E+00  4.034585E+02
  8.394030E+00  4.024935E+02
  8.398710E+00  4.020913E+02
  8.417470E+00  4.010267E+02
  8.455100E+00  3.962243E+02
  8.530880E+00  3.874391E+02
  8.684470E+00  3.703481E+02
  9.000000E+00  3.384064E+02
  9.486830E+00  2.958416E+02
  1.000000E+01  2.583225E+02
  1.100000E+01  2.017580E+02
  1.250000E+01  1.443835E+02
  1.400000E+01  1.070306E+02
  1.500000E+01  8.909054E+01
  1.750000E+01  5.894613E+01
  2.000000E+01  4.108613E+01
  2.200000E+01  3.170354E+01
  2.500000E+01  2.234951E+01
  3.000000E+01  1.352747E+01
  3.500000E+01  8.823077E+00
  4.000000E+01  6.081654E+00
  4.500000E+01  4.374238E+00
  5.000000E+01  3.254284E+00
  5.024300E+01  3.210236E+00
  5.024300E+01  1.874994E+01
  5.027850E+01  1.780941E+01
  5.031410E+01  1.770594E+01
  5.034960E+01  1.771949E+01
  5.038520E+01  1.766327E+01
  5.052790E+01  1.756592E+01
  5.081440E+01  1.731680E+01
  5.139220E+01  1.683645E+01
  5.256770E+01  1.588765E+01
  5.500000E+01  1.412084E+01
  6.000000E+01  1.124557E+01
  7.000000E+01  7.472701E+00
  8.000000E+01  5.219406E+00
  9.000000E+01  3.790812E+00
  1.000000E+02  2.841301E+00
  1.100000E+02  2.185641E+00
  1.250000E+02  1.534572E+00
  1.400000E+02  1.120225E+00
  1.500000E+02  9.246064E-01
  1.620190E+02  7.455851E-01
  1.750000E+02  6.021375E-01
  2.000000E+02  4.156330E-01
  2.200000E+02  3.193672E-01
  2.345210E+02  2.677959E-01
  2.500000E+02  2.248125E-01
  2.738610E+02  1.751916E-01
  2.866330E+02  1.549105E-01
  3.000000E+02  1.371509E-01
  3.240370E+02  1.116254E-01
  3.500000E+02  9.104940E-02
  3.741660E+02  7.644232E-02
  4.000000E+02  6.434021E-02
  4.242640E+02  5.534434E-02
  4.500000E+02  4.769497E-02
  4.743420E+02  4.181070E-02
  5.000000E+02  3.671384E-02
  5.244040E+02  3.268033E-02
  5.500000E+02  2.913123E-02
  5.744560E+02  2.625875E-02
  6.000000E+02  2.369572E-02
  6.480740E+02  1.980019E-02
  6.735370E+02  1.813222E-02
  7.000000E+02  1.662417E-02
  7.483310E+02  1.432427E-02
  8.000000E+02  1.237788E-02
  8.485280E+02  1.090576E-02
  9.000000E+02  9.631863E-03
  9.486830E+02  8.633471E-03
  1.000000E+03  7.752343E-03
  1.048810E+03  7.042784E-03
  1.100000E+03  6.407060E-03
  1.172600E+03  5.654340E-03
  1.250000E+03  5.003145E-03
  1.322880E+03  4.496596E-03
  1.400000E+03  4.048678E-03
  1.500000E+03  3.571051E-03
  1.620190E+03  3.111710E-03
  1.750000E+03  2.720954E-03
  1.870830E+03  2.427120E-03
  2.000000E+03  2.169518E-03
  2.200000E+03  1.854693E-03
  2.345210E+03  1.673029E-03
  2.500000E+03  1.511789E-03
  2.738610E+03  1.311329E-03
  3.000000E+03  1.141721E-03
  3.240370E+03  1.017545E-03
  3.500000E+03  9.087248E-04
  3.741660E+03  8.251233E-04
  4.000000E+03  7.503568E-04
  4.242640E+03  6.907673E-04
  4.500000E+03  6.365815E-04
  5.000000E+03  5.513332E-04
  5.500000E+03  4.853252E-04
  6.000000E+03  4.328742E-04
  6.480740E+03  3.916326E-04
  7.000000E+03  3.547989E-04
  8.000000E+03  2.997268E-04
  9.000000E+03  2.589620E-04
  1.000000E+04  2.276588E-04
  1.100000E+04  2.029161E-04
  1.250000E+04  1.742641E-04
  1.400000E+04  1.525518E-04
  1.500000E+04  1.407959E-04
  1.750000E+04  1.179455E-04
  2.000000E+04  1.013910E-04
  2.200000E+04  9.111911E-05
  2.500000E+04  7.906410E-05
  3.000000E+04  6.473658E-05
  3.500000E+04  5.477831E-05
  4.000000E+04  4.746213E-05
  4.500000E+04  4.186278E-05
  5.000000E+04  3.744098E-05
  5.500000E+04  3.386140E-05
  6.000000E+04  3.090490E-05
  7.000000E+04  2.630774E-05
  8.000000E+04  2.289922E-05
  9.000000E+04  2.027162E-05
  1.000000E+05  1.818434E-05
  1.100000E+05  1.648642E-05
  1.250000E+05  1.446061E-05
  1.400000E+05  1.287792E-05
  1.500000E+05  1.200208E-05
  1.750000E+05  1.025775E-05
  2.000000E+05  8.955967E-06
  2.200000E+05  8.130445E-06
  2.500000E+05  7.142814E-06
  3.000000E+05  5.940110E-06
  3.500000E+05  5.084027E-06
  4.000000E+05  4.443593E-06
  4.500000E+05  3.946465E-06
  5.000000E+05  3.549352E-06
  5.500000E+05  3.224854E-06
  6.000000E+05  2.954721E-06
  7.000000E+05  2.530731E-06
  8.000000E+05  2.213153E-06
  9.000000E+05  1.966393E-06
  1.000000E+06  1.769135E-06
EndElement
Element    Tb   65   158.925000
Range      1.000000E+00 1.000000E+06
Npoints    278
Data
  1.000000E+00  2.145186E+03
  1.048810E+00  1.967415E+03
  1.100000E+00  1.801921E+03
  1.169320E+00  1.606916E+03
  1.243000E+00  1.429861E+03
  1.243000E+00  1.544745E+03
  1.243870E+00  1.590660E+03
  1.244750E+00  1.654021E+03
  1.245620E+00  1.735468E+03
  1.246500E+00  1.835441E+03
  1.247370E+00  1.953508E+03
  1.248250E+00  2.088206E+03
  1.250000E+00  2.396325E+03
  1.250840E+00  2.553846E+03
  1.251670E+00  2.713235E+03
  1.252510E+00  2.870753E+03
  1.253340E+00  3.023124E+03
  1.254180E+00  3.167803E+03
  1.255020E+00  3.302956E+03
  1.255860E+00  3.427632E+03
  1.256700E+00  3.541485E+03
  1.257540E+00  3.644739E+03
  1.258380E+00  3.738017E+03
  1.259220E+00  3.822151E+03
  1.260060E+00  3.898050E+03
  1.260900E+00  3.966750E+03
  1.261740E+00  4.029122E+03
  1.262580E+00  4.086075E+03
  1.263430E+00  4.138329E+03
  1.265120E+00  4.231281E+03
  1.266810E+00  4.311841E+03
  1.268500E+00  4.382625E+03
  1.270200E+00  4.445149E+03
  1.271890E+00  4.500169E+03
  1.273590E+00  4.548066E+03
  1.275300E+00  4.589029E+03
  1.277000E+00  4.623170E+03
  1.277000E+00  4.702632E+03
  1.277920E+00  4.748065E+03
  1.278840E+00  4.803730E+03
  1.279760E+00  4.870156E+03
  1.280680E+00  4.947799E+03
  1.281600E+00  5.036431E+03
  1.282520E+00  5.134953E+03
  1.284360E+00  5.353254E+03
  1.286210E+00  5.580271E+03
  1.287130E+00  5.689365E+03
  1.288060E+00  5.792206E+03
  1.288980E+00  5.887204E+03
  1.289910E+00  5.973448E+03
  1.290840E+00  6.050712E+03
  1.291760E+00  6.119298E+03
  1.292690E+00  6.179776E+03
  1.293620E+00  6.233053E+03
  1.295480E+00  6.321533E+03
  1.297340E+00  6.391559E+03
  1.299210E+00  6.448437E+03
  1.301080E+00  6.495500E+03
  1.302950E+00  6.534908E+03
  1.306700E+00  6.594893E+03
  1.310460E+00  6.632483E+03
  1.314230E+00  6.649573E+03
  1.318010E+00  6.648739E+03
  1.321800E+00  6.633013E+03
  1.325610E+00  6.605920E+03
  1.329420E+00  6.571172E+03
  1.337090E+00  6.491786E+03
  1.368180E+00  6.165338E+03
  1.400000E+00  5.838511E+03
  1.500000E+00  4.957841E+03
  1.612000E+00  4.176185E+03
  1.612000E+00  4.797554E+03
  1.613030E+00  4.804526E+03
  1.614070E+00  4.807065E+03
  1.616140E+00  4.807860E+03
  1.620300E+00  4.800926E+03
  1.624460E+00  4.782169E+03
  1.628640E+00  4.753863E+03
  1.645440E+00  4.626618E+03
  1.679580E+00  4.420594E+03
  1.750000E+00  4.025257E+03
  1.768000E+00  3.931926E+03
  1.768000E+00  4.148750E+03
  1.769460E+00  4.151137E+03
  1.770920E+00  4.149963E+03
  1.773850E+00  4.143748E+03
  1.779710E+00  4.121922E+03
  1.791500E+00  4.058527E+03
  1.803370E+00  3.995966E+03
  1.815320E+00  3.938368E+03
  1.863900E+00  3.712306E+03
  1.965000E+00  3.294063E+03
  1.965000E+00  3.462709E+03
  1.966080E+00  3.455775E+03
  1.967170E+00  3.449132E+03
  1.969340E+00  3.436957E+03
  1.973690E+00  3.415676E+03
  1.982420E+00  3.380572E+03
  2.000000E+00  3.317462E+03
  2.097620E+00  2.978031E+03
  2.200000E+00  2.670587E+03
  2.345210E+00  2.304052E+03
  2.500000E+00  1.984303E+03
  2.738610E+00  1.599190E+03
  3.000000E+00  1.285231E+03
  3.240370E+00  1.066270E+03
  3.500000E+00  8.831867E+02
  3.741660E+00  7.492805E+02
  4.000000E+00  6.350218E+02
  4.500000E+00  4.731279E+02
  5.000000E+00  3.627366E+02
  5.500000E+00  2.847145E+02
  6.000000E+00  2.279096E+02
  7.000000E+00  1.531657E+02
  7.518000E+00  1.272162E+02
  7.518000E+00  3.352088E+02
  7.525300E+00  3.549454E+02
  7.532610E+00  3.583663E+02
  7.547260E+00  3.495271E+02
  7.554590E+00  3.475066E+02
  7.561930E+00  3.471531E+02
  7.576620E+00  3.469848E+02
  7.606110E+00  3.433228E+02
  7.635710E+00  3.407836E+02
  7.755260E+00  3.279193E+02
  7.876680E+00  3.151525E+02
  8.000000E+00  3.022745E+02
  8.256000E+00  2.778138E+02
  8.256000E+00  3.676452E+02
  8.262920E+00  3.797065E+02
  8.269850E+00  3.815633E+02
  8.283730E+00  3.769392E+02
  8.290670E+00  3.754735E+02
  8.297630E+00  3.748089E+02
  8.311550E+00  3.737445E+02
  8.367470E+00  3.674682E+02
  8.480450E+00  3.555687E+02
  8.711000E+00  3.313968E+02
  8.711000E+00  3.878005E+02
  8.715440E+00  3.844924E+02
  8.719890E+00  3.826091E+02
  8.724340E+00  3.816467E+02
  8.728790E+00  3.812223E+02
  8.746610E+00  3.804303E+02
  8.782370E+00  3.763049E+02
  8.854320E+00  3.687274E+02
  9.000000E+00  3.538283E+02
  1.000000E+01  2.705172E+02
  1.100000E+01  2.114814E+02
  1.250000E+01  1.514923E+02
  1.400000E+01  1.123951E+02
  1.500000E+01  9.360360E+01
  1.750000E+01  6.199935E+01
  2.000000E+01  4.325142E+01
  2.200000E+01  3.339367E+01
  2.500000E+01  2.355833E+01
  3.000000E+01  1.427318E+01
  3.500000E+01  9.316859E+00
  4.000000E+01  6.426307E+00
  4.500000E+01  4.624762E+00
  5.000000E+01  3.442372E+00
  5.199900E+01  3.083393E+00
  5.199900E+01  1.785831E+01
  5.204460E+01  1.697215E+01
  5.209030E+01  1.688897E+01
  5.213590E+01  1.688393E+01
  5.218170E+01  1.681724E+01
  5.236500E+01  1.667098E+01
  5.273350E+01  1.638420E+01
  5.347850E+01  1.581831E+01
  5.500000E+01  1.471225E+01
  6.000000E+01  1.172420E+01
  7.000000E+01  7.804058E+00
  8.000000E+01  5.458104E+00
  9.000000E+01  3.968607E+00
  1.000000E+02  2.977399E+00
  1.100000E+02  2.292214E+00
  1.250000E+02  1.611073E+00
  1.400000E+02  1.177096E+00
  1.500000E+02  9.720457E-01
  1.620190E+02  7.842823E-01
  1.750000E+02  6.337297E-01
  2.000000E+02  4.378419E-01
  2.200000E+02  3.366442E-01
  2.345210E+02  2.824008E-01
  2.500000E+02  2.371695E-01
  2.738610E+02  1.849279E-01
  2.866330E+02  1.635650E-01
  3.000000E+02  1.448523E-01
  3.240370E+02  1.179472E-01
  3.500000E+02  9.624853E-02
  3.741660E+02  8.083746E-02
  4.000000E+02  6.806373E-02
  4.242640E+02  5.856511E-02
  4.500000E+02  5.048519E-02
  4.743420E+02  4.426809E-02
  5.000000E+02  3.888084E-02
  5.244040E+02  3.461659E-02
  5.500000E+02  3.086330E-02
  5.744560E+02  2.782481E-02
  6.000000E+02  2.511292E-02
  6.480740E+02  2.098994E-02
  6.735370E+02  1.922401E-02
  7.000000E+02  1.762705E-02
  7.483310E+02  1.519099E-02
  8.000000E+02  1.312874E-02
  8.485280E+02  1.156857E-02
  9.000000E+02  1.021814E-02
  9.486830E+02  9.159490E-03
  1.000000E+03  8.225049E-03
  1.048810E+03  7.472380E-03
  1.100000E+03  6.797962E-03
  1.172600E+03  5.999253E-03
  1.250000E+03  5.308237E-03
  1.322880E+03  4.770574E-03
  1.400000E+03  4.295168E-03
  1.500000E+03  3.788119E-03
  1.620190E+03  3.300478E-03
  1.750000E+03  2.885633E-03
  1.870830E+03  2.573687E-03
  2.000000E+03  2.300210E-03
  2.200000E+03  1.965997E-03
  2.345210E+03  1.773160E-03
  2.500000E+03  1.602024E-03
  2.738610E+03  1.389285E-03
  3.000000E+03  1.209324E-03
  3.240370E+03  1.077589E-03
  3.500000E+03  9.621708E-04
  3.741660E+03  8.735126E-04
  4.000000E+03  7.942443E-04
  4.242640E+03  7.310729E-04
  4.500000E+03  6.736385E-04
  5.000000E+03  5.833017E-04
  5.500000E+03  5.133740E-04
  6.000000E+03  4.578077E-04
  6.480740E+03  4.141172E-04
  7.000000E+03  3.751093E-04
  8.000000E+03  3.167947E-04
  9.000000E+03  2.736418E-04
  1.000000E+04  2.405128E-04
  1.100000E+04  2.143336E-04
  1.250000E+04  1.840257E-04
  1.400000E+04  1.610648E-04
  1.500000E+04  1.486359E-04
  1.750000E+04  1.244826E-04
  2.000000E+04  1.069893E-04
  2.200000E+04  9.613751E-05
  2.500000E+04  8.340509E-05
  3.000000E+04  6.827669E-05
  3.500000E+04  5.776481E-05
  4.000000E+04  5.004373E-05
  4.500000E+04  4.413546E-05
  5.000000E+04  3.947046E-05
  5.500000E+04  3.569450E-05
  6.000000E+04  3.257610E-05
  7.000000E+04  2.772788E-05
  8.000000E+04  2.413373E-05
  9.000000E+04  2.136330E-05
  1.000000E+05  1.916278E-05
  1.100000E+05  1.737287E-05
  1.250000E+05  1.523748E-05
  1.400000E+05  1.356928E-05
  1.500000E+05  1.264617E-05
  1.750000E+05  1.080780E-05
  2.000000E+05  9.435919E-06
  2.200000E+05  8.566010E-06
  2.500000E+05  7.525279E-06
  3.000000E+05  6.258025E-06
  3.500000E+05  5.356020E-06
  4.000000E+05  4.681260E-06
  4.500000E+05  4.157466E-06
  5.000000E+05  3.739097E-06
  5.500000E+05  3.397226E-06
  6.000000E+05  3.112631E-06
  7.000000E+05  2.665956E-06
  8.000000E+05  2.331392E-06
  9.000000E+05  2.071434E-06
  1.000000E+06  1.863629E-06
EndElement
Element    Dy   66   162.500000
Range      1.000000E+00 1.000000E+06
Npoints    281
Data
  1.000000E+00  2.233973E+03
  1.048810E+00  2.048276E+03
  1.100000E+00  1.875502E+03
  1.172600E+00  1.663089E+03
  1.250000E+00  1.471433E+03
  1.298000E+00  1.367463E+03
  1.298000E+00  1.471037E+03
  1.299140E+00  1.525069E+03
  1.300280E+00  1.604865E+03
  1.301420E+00  1.711507E+03
  1.302570E+00  1.844936E+03
  1.303710E+00  2.002731E+03
  1.304860E+00  2.180037E+03
  1.306010E+00  2.369848E+03
  1.307150E+00  2.564068E+03
  1.308300E+00  2.754850E+03
  1.309450E+00  2.935658E+03
  1.310600E+00  3.102084E+03
  1.311750E+00  3.251878E+03
  1.312910E+00  3.384665E+03
  1.314060E+00  3.501376E+03
  1.315210E+00  3.603690E+03
  1.316370E+00  3.693599E+03
  1.317530E+00  3.773084E+03
  1.318680E+00  3.843905E+03
  1.319840E+00  3.907610E+03
  1.321000E+00  3.965348E+03
  1.322160E+00  4.018158E+03
  1.323330E+00  4.066631E+03
  1.325650E+00  4.152572E+03
  1.327980E+00  4.225430E+03
  1.330320E+00  4.286097E+03
  1.332660E+00  4.334978E+03
  1.335000E+00  4.372408E+03
  1.335000E+00  4.444451E+03
  1.335990E+00  4.485698E+03
  1.336980E+00  4.535024E+03
  1.337980E+00  4.596283E+03
  1.338970E+00  4.668771E+03
  1.339970E+00  4.752303E+03
  1.340960E+00  4.845581E+03
  1.342960E+00  5.052335E+03
  1.344950E+00  5.265352E+03
  1.345950E+00  5.366524E+03
  1.346950E+00  5.461100E+03
  1.347950E+00  5.547707E+03
  1.348960E+00  5.625754E+03
  1.349960E+00  5.695352E+03
  1.350960E+00  5.756944E+03
  1.351970E+00  5.811236E+03
  1.352970E+00  5.859191E+03
  1.354980E+00  5.939424E+03
  1.357000E+00  6.003871E+03
  1.359010E+00  6.056902E+03
  1.361030E+00  6.101337E+03
  1.363060E+00  6.138729E+03
  1.367110E+00  6.195393E+03
  1.371180E+00  6.229673E+03
  1.375260E+00  6.242533E+03
  1.379350E+00  6.236677E+03
  1.383460E+00  6.216258E+03
  1.391710E+00  6.150588E+03
  1.400000E+00  6.074172E+03
  1.424360E+00  5.846035E+03
  1.449140E+00  5.613450E+03
  1.500000E+00  5.169776E+03
  1.678000E+00  3.951154E+03
  1.678000E+00  4.552961E+03
  1.679100E+00  4.556704E+03
  1.680200E+00  4.556963E+03
  1.682410E+00  4.554814E+03
  1.686840E+00  4.545104E+03
  1.691270E+00  4.524833E+03
  1.695720E+00  4.495778E+03
  1.704650E+00  4.430628E+03
  1.713620E+00  4.372000E+03
  1.750000E+00  4.172213E+03
  1.846000E+00  3.691924E+03
  1.846000E+00  3.899123E+03
  1.847160E+00  3.900531E+03
  1.848310E+00  3.899716E+03
  1.850630E+00  3.895565E+03
  1.855270E+00  3.882076E+03
  1.864580E+00  3.840050E+03
  1.883350E+00  3.748662E+03
  1.921460E+00  3.584641E+03
  2.000000E+00  3.273725E+03
  2.048000E+00  3.100810E+03
  2.048000E+00  3.258879E+03
  2.049150E+00  3.252264E+03
  2.050290E+00  3.245863E+03
  2.052590E+00  3.234205E+03
  2.057180E+00  3.214011E+03
  2.066410E+00  3.180832E+03
  2.084990E+00  3.120577E+03
  2.122640E+00  2.996121E+03
  2.200000E+00  2.761813E+03
  2.345210E+00  2.384271E+03
  2.500000E+00  2.054651E+03
  2.738610E+00  1.657304E+03
  3.000000E+00  1.332831E+03
  3.240370E+00  1.106328E+03
  3.500000E+00  9.167885E+02
  3.741660E+00  7.780606E+02
  4.000000E+00  6.596301E+02
  4.500000E+00  4.917365E+02
  5.000000E+00  3.771787E+02
  5.500000E+00  2.961722E+02
  6.000000E+00  2.371656E+02
  7.000000E+00  1.594870E+02
  7.794000E+00  1.206637E+02
  7.794000E+00  3.209260E+02
  7.800360E+00  3.344067E+02
  7.806720E+00  3.387482E+02
  7.813090E+00  3.362611E+02
  7.819460E+00  3.320390E+02
  7.825830E+00  3.290261E+02
  7.832220E+00  3.276804E+02
  7.838600E+00  3.273928E+02
  7.845000E+00  3.274447E+02
  7.857800E+00  3.267714E+02
  7.870620E+00  3.253212E+02
  7.896330E+00  3.227908E+02
  8.000000E+00  3.131198E+02
  8.287340E+00  2.854828E+02
  8.585000E+00  2.597959E+02
  8.585000E+00  3.457083E+02
  8.591330E+00  3.552696E+02
  8.597670E+00  3.574253E+02
  8.604020E+00  3.559612E+02
  8.610370E+00  3.536938E+02
  8.616720E+00  3.520188E+02
  8.623080E+00  3.511030E+02
  8.635810E+00  3.503155E+02
  8.661330E+00  3.480634E+02
  8.686920E+00  3.452173E+02
  8.790050E+00  3.352972E+02
  9.000000E+00  3.152118E+02
  9.050000E+00  3.106235E+02
  9.050000E+00  3.635101E+02
  9.057060E+00  3.593002E+02
  9.064130E+00  3.577059E+02
  9.078270E+00  3.570800E+02
  9.092440E+00  3.561387E+02
  9.106640E+00  3.545507E+02
  9.163630E+00  3.490040E+02
  9.278690E+00  3.381604E+02
  9.513150E+00  3.174891E+02
  1.000000E+01  2.796226E+02
  1.100000E+01  2.188390E+02
  1.250000E+01  1.569277E+02
  1.400000E+01  1.165260E+02
  1.500000E+01  9.709247E+01
  1.750000E+01  6.438058E+01
  2.000000E+01  4.495222E+01
  2.200000E+01  3.472718E+01
  2.500000E+01  2.451738E+01
  3.000000E+01  1.486905E+01
  3.500000E+01  9.713584E+00
  4.000000E+01  6.704440E+00
  4.500000E+01  4.827718E+00
  5.000000E+01  3.595251E+00
  5.379200E+01  2.928676E+00
  5.379200E+01  1.681867E+01
  5.382930E+01  1.598769E+01
  5.386670E+01  1.588996E+01
  5.390410E+01  1.590442E+01
  5.394150E+01  1.584475E+01
  5.401650E+01  1.581707E+01
  5.409150E+01  1.576267E+01
  5.439260E+01  1.554587E+01
  5.500000E+01  1.512102E+01
  5.744560E+01  1.351631E+01
  6.000000E+01  1.206741E+01
  7.000000E+01  8.046358E+00
  7.483310E+01  6.737274E+00
  8.000000E+01  5.635093E+00
  9.000000E+01  4.101875E+00
  1.000000E+02  3.080331E+00
  1.100000E+02  2.373409E+00
  1.250000E+02  1.669886E+00
  1.400000E+02  1.221138E+00
  1.500000E+02  1.008936E+00
  1.620190E+02  8.145084E-01
  1.750000E+02  6.585072E-01
  2.000000E+02  4.553776E-01
  2.200000E+02  3.503485E-01
  2.345210E+02  2.940191E-01
  2.500000E+02  2.470275E-01
  2.738610E+02  1.927259E-01
  2.866330E+02  1.705100E-01
  3.000000E+02  1.510431E-01
  3.240370E+02  1.230444E-01
  3.500000E+02  1.004526E-01
  3.741660E+02  8.440002E-02
  4.000000E+02  7.108868E-02
  4.242640E+02  6.118680E-02
  4.500000E+02  5.276100E-02
  4.743420E+02  4.627524E-02
  5.000000E+02  4.065371E-02
  5.244040E+02  3.620248E-02
  5.500000E+02  3.228364E-02
  5.744560E+02  2.911032E-02
  6.000000E+02  2.627744E-02
  6.480740E+02  2.196910E-02
  6.735370E+02  2.012318E-02
  7.000000E+02  1.845354E-02
  7.483310E+02  1.590601E-02
  8.000000E+02  1.374868E-02
  8.485280E+02  1.211614E-02
  9.000000E+02  1.070270E-02
  9.486830E+02  9.594437E-03
  1.000000E+03  8.615960E-03
  1.048810E+03  7.827746E-03
  1.100000E+03  7.121320E-03
  1.172600E+03  6.284632E-03
  1.250000E+03  5.560567E-03
  1.322880E+03  4.997154E-03
  1.400000E+03  4.498928E-03
  1.500000E+03  3.967498E-03
  1.620190E+03  3.456375E-03
  1.750000E+03  3.021532E-03
  1.870830E+03  2.694550E-03
  2.000000E+03  2.407904E-03
  2.200000E+03  2.057601E-03
  2.345210E+03  1.855501E-03
  2.500000E+03  1.676160E-03
  2.738610E+03  1.453252E-03
  3.000000E+03  1.264720E-03
  3.240370E+03  1.126741E-03
  3.500000E+03  1.005872E-03
  3.741660E+03  9.130455E-04
  4.000000E+03  8.300623E-04
  4.242640E+03  7.639447E-04
  4.500000E+03  7.038419E-04
  5.000000E+03  6.093257E-04
  5.500000E+03  5.361855E-04
  6.000000E+03  4.780579E-04
  6.480740E+03  4.323638E-04
  7.000000E+03  3.915726E-04
  8.000000E+03  3.306029E-04
  9.000000E+03  2.854988E-04
  1.000000E+04  2.508813E-04
  1.100000E+04  2.235319E-04
  1.250000E+04  1.918773E-04
  1.400000E+04  1.679032E-04
  1.500000E+04  1.549280E-04
  1.750000E+04  1.297203E-04
  2.000000E+04  1.114689E-04
  2.200000E+04  1.001495E-04
  2.500000E+04  8.687151E-05
  3.000000E+04  7.109906E-05
  3.500000E+04  6.014358E-05
  4.000000E+04  5.209800E-05
  4.500000E+04  4.594282E-05
  5.000000E+04  4.108323E-05
  5.500000E+04  3.715049E-05
  6.000000E+04  3.390306E-05
  7.000000E+04  2.885473E-05
  8.000000E+04  2.511277E-05
  9.000000E+04  2.222874E-05
  1.000000E+05  1.993822E-05
  1.100000E+05  1.807520E-05
  1.250000E+05  1.585276E-05
  1.400000E+05  1.411671E-05
  1.500000E+05  1.315610E-05
  1.750000E+05  1.124317E-05
  2.000000E+05  9.815756E-06
  2.200000E+05  8.910656E-06
  2.500000E+05  7.827857E-06
  3.000000E+05  6.509434E-06
  3.500000E+05  5.571092E-06
  4.000000E+05  4.869151E-06
  4.500000E+05  4.324305E-06
  5.000000E+05  3.889080E-06
  5.500000E+05  3.533485E-06
  6.000000E+05  3.237451E-06
  7.000000E+05  2.772838E-06
  8.000000E+05  2.424840E-06
  9.000000E+05  2.154448E-06
  1.000000E+06  1.938310E-06
EndElement
Element    Ho   67   164.930000
Range      1.000000E+00 1.000000E+06
Npoints    277
Data
  1.000000E+00  2.345531E+03
  1.048810E+00  2.149740E+03
  1.100000E+00  1.967783E+03
  1.172600E+00  1.744106E+03
  1.250000E+00  1.542651E+03
  1.354000E+00  1.319069E+03
  1.354000E+00  1.413660E+03
  1.355260E+00  1.466707E+03
  1.356530E+00  1.547091E+03
  1.357790E+00  1.656167E+03
  1.359060E+00  1.793501E+03
  1.360330E+00  1.955774E+03
  1.361590E+00  2.136755E+03
  1.362860E+00  2.328001E+03
  1.364140E+00  2.520299E+03
  1.365410E+00  2.705417E+03
  1.366680E+00  2.877267E+03
  1.367960E+00  3.032398E+03
  1.369230E+00  3.169779E+03
  1.370510E+00  3.290120E+03
  1.371790E+00  3.395169E+03
  1.373070E+00  3.487102E+03
  1.374350E+00  3.568107E+03
  1.375630E+00  3.640133E+03
  1.376910E+00  3.704823E+03
  1.378200E+00  3.763427E+03
  1.379480E+00  3.816956E+03
  1.380770E+00  3.866030E+03
  1.382060E+00  3.911124E+03
  1.384640E+00  3.990467E+03
  1.387220E+00  4.056118E+03
  1.389810E+00  4.108515E+03
  1.392400E+00  4.148131E+03
  1.395000E+00  4.175699E+03
  1.395000E+00  4.241898E+03
  1.396250E+00  4.282939E+03
  1.397500E+00  4.337818E+03
  1.398750E+00  4.408398E+03
  1.400000E+00  4.494606E+03
  1.401510E+00  4.617072E+03
  1.403020E+00  4.753887E+03
  1.404530E+00  4.896253E+03
  1.406050E+00  5.035003E+03
  1.407570E+00  5.162763E+03
  1.409080E+00  5.275517E+03
  1.410600E+00  5.372131E+03
  1.412130E+00  5.453628E+03
  1.413650E+00  5.522200E+03
  1.415170E+00  5.580293E+03
  1.416700E+00  5.630134E+03
  1.418230E+00  5.673439E+03
  1.421290E+00  5.745187E+03
  1.424360E+00  5.801673E+03
  1.427430E+00  5.845307E+03
  1.430510E+00  5.876818E+03
  1.433600E+00  5.896425E+03
  1.436690E+00  5.904787E+03
  1.439790E+00  5.903071E+03
  1.442900E+00  5.893030E+03
  1.449140E+00  5.855567E+03
  1.474350E+00  5.648171E+03
  1.487120E+00  5.542465E+03
  1.500000E+00  5.431100E+03
  1.746000E+00  3.767882E+03
  1.746000E+00  4.356367E+03
  1.747000E+00  4.355454E+03
  1.748000E+00  4.354322E+03
  1.750000E+00  4.350780E+03
  1.835890E+00  3.902616E+03
  1.926000E+00  3.494496E+03
  1.926000E+00  3.694234E+03
  1.927130E+00  3.694819E+03
  1.928270E+00  3.693541E+03
  1.930540E+00  3.689232E+03
  1.935100E+00  3.676891E+03
  1.944240E+00  3.639636E+03
  1.962650E+00  3.556981E+03
  2.000000E+00  3.409781E+03
  2.133000E+00  2.943393E+03
  2.133000E+00  3.092710E+03
  2.135060E+00  3.081815E+03
  2.137130E+00  3.072004E+03
  2.141260E+00  3.054799E+03
  2.149560E+00  3.026479E+03
  2.166240E+00  2.976916E+03
  2.200000E+00  2.874091E+03
  2.345210E+00  2.483117E+03
  2.500000E+00  2.141382E+03
  2.738610E+00  1.728493E+03
  3.000000E+00  1.391092E+03
  3.240370E+00  1.155270E+03
  3.500000E+00  9.577734E+02
  3.741660E+00  8.131369E+02
  4.000000E+00  6.895941E+02
  4.500000E+00  5.143448E+02
  5.000000E+00  3.946980E+02
  5.500000E+00  3.100510E+02
  6.000000E+00  2.483654E+02
  7.000000E+00  1.671189E+02
  8.000000E+00  1.182049E+02
  8.075000E+00  1.153682E+02
  8.075000E+00  3.101218E+02
  8.081300E+00  3.189445E+02
  8.087600E+00  3.225940E+02
  8.093900E+00  3.203700E+02
  8.100210E+00  3.163378E+02
  8.106520E+00  3.132455E+02
  8.112840E+00  3.117174E+02
  8.119170E+00  3.112829E+02
  8.125500E+00  3.112789E+02
  8.138170E+00  3.110460E+02
  8.150870E+00  3.102211E+02
  8.176310E+00  3.075381E+02
  8.201840E+00  3.047244E+02
  8.227440E+00  3.023321E+02
  8.278900E+00  2.981980E+02
  8.330670E+00  2.938785E+02
  8.382770E+00  2.890847E+02
  8.487940E+00  2.796142E+02
  8.922000E+00  2.447940E+02
  8.922000E+00  3.277563E+02
  8.926860E+00  3.343787E+02
  8.931710E+00  3.370015E+02
  8.936570E+00  3.371559E+02
  8.941440E+00  3.358451E+02
  8.951170E+00  3.327451E+02
  8.956040E+00  3.317498E+02
  8.960920E+00  3.311513E+02
  8.980440E+00  3.300000E+02
  9.000000E+00  3.281309E+02
  9.097890E+00  3.194221E+02
  9.196850E+00  3.106093E+02
  9.398000E+00  2.934940E+02
  9.398000E+00  3.434829E+02
  9.407120E+00  3.389231E+02
  9.416250E+00  3.377116E+02
  9.434540E+00  3.370723E+02
  9.471220E+00  3.335546E+02
  9.545010E+00  3.270939E+02
  9.694330E+00  3.145275E+02
  1.000000E+01  2.907953E+02
  1.048810E+01  2.575584E+02
  1.100000E+01  2.278584E+02
  1.250000E+01  1.635844E+02
  1.400000E+01  1.215718E+02
  1.500000E+01  1.013485E+02
  1.750000E+01  6.727688E+01
  2.000000E+01  4.701637E+01
  2.200000E+01  3.634331E+01
  2.500000E+01  2.567777E+01
  3.000000E+01  1.558848E+01
  3.500000E+01  1.019182E+01
  4.000000E+01  7.039256E+00
  4.500000E+01  5.071736E+00
  5.000000E+01  3.778909E+00
  5.500000E+01  2.893629E+00
  5.562200E+01  2.803824E+00
  5.562200E+01  1.596680E+01
  5.565490E+01  1.513973E+01
  5.568790E+01  1.510351E+01
  5.572090E+01  1.510694E+01
  5.575390E+01  1.506762E+01
  5.578690E+01  1.502884E+01
  5.581990E+01  1.500894E+01
  5.588600E+01  1.499160E+01
  5.601850E+01  1.491971E+01
  5.615130E+01  1.481765E+01
  5.668560E+01  1.447322E+01
  5.776950E+01  1.379258E+01
  6.000000E+01  1.250073E+01
  6.480740E+01  1.022256E+01
  7.000000E+01  8.348222E+00
  8.000000E+01  5.854435E+00
  9.000000E+01  4.266325E+00
  1.000000E+02  3.206884E+00
  1.100000E+02  2.472966E+00
  1.250000E+02  1.741765E+00
  1.400000E+02  1.274826E+00
  1.500000E+02  1.053836E+00
  1.620190E+02  8.512385E-01
  1.750000E+02  6.885754E-01
  2.000000E+02  4.766083E-01
  2.200000E+02  3.669150E-01
  2.345210E+02  3.080511E-01
  2.500000E+02  2.589225E-01
  2.738610E+02  2.021235E-01
  2.866330E+02  1.788743E-01
  3.000000E+02  1.584955E-01
  3.240370E+02  1.291746E-01
  3.500000E+02  1.055045E-01
  3.741660E+02  8.867806E-02
  4.000000E+02  7.471902E-02
  4.242640E+02  6.433135E-02
  4.500000E+02  5.548892E-02
  4.743420E+02  4.868028E-02
  5.000000E+02  4.277717E-02
  5.244040E+02  3.810128E-02
  5.500000E+02  3.398378E-02
  5.744560E+02  3.064866E-02
  6.000000E+02  2.767063E-02
  6.480740E+02  2.314009E-02
  6.735370E+02  2.119835E-02
  7.000000E+02  1.944166E-02
  7.483310E+02  1.676060E-02
  8.000000E+02  1.448951E-02
  8.485280E+02  1.277038E-02
  9.000000E+02  1.128163E-02
  9.486830E+02  1.011404E-02
  1.000000E+03  9.082979E-03
  1.048810E+03  8.252265E-03
  1.100000E+03  7.507612E-03
  1.172600E+03  6.625523E-03
  1.250000E+03  5.862067E-03
  1.322880E+03  5.267885E-03
  1.400000E+03  4.742422E-03
  1.500000E+03  4.181906E-03
  1.620190E+03  3.642736E-03
  1.750000E+03  3.184030E-03
  1.870830E+03  2.839107E-03
  2.000000E+03  2.536733E-03
  2.200000E+03  2.167230E-03
  2.345210E+03  1.954072E-03
  2.500000E+03  1.764933E-03
  2.738610E+03  1.529882E-03
  3.000000E+03  1.331115E-03
  3.240370E+03  1.185671E-03
  3.500000E+03  1.058287E-03
  3.741660E+03  9.604754E-04
  4.000000E+03  8.730516E-04
  4.242640E+03  8.034098E-04
  4.500000E+03  7.401102E-04
  5.000000E+03  6.405896E-04
  5.500000E+03  5.635976E-04
  6.000000E+03  5.024597E-04
  6.480740E+03  4.543753E-04
  7.000000E+03  4.114247E-04
  8.000000E+03  3.472653E-04
  9.000000E+03  2.998145E-04
  1.000000E+04  2.634048E-04
  1.100000E+04  2.346462E-04
  1.250000E+04  2.013691E-04
  1.400000E+04  1.761738E-04
  1.500000E+04  1.625401E-04
  1.750000E+04  1.360599E-04
  2.000000E+04  1.168934E-04
  2.200000E+04  1.050094E-04
  2.500000E+04  9.107187E-05
  3.000000E+04  7.452112E-05
  3.500000E+04  6.302782E-05
  4.000000E+04  5.458996E-05
  4.500000E+04  4.813550E-05
  5.000000E+04  4.304043E-05
  5.500000E+04  3.891771E-05
  6.000000E+04  3.551380E-05
  7.000000E+04  3.022284E-05
  8.000000E+04  2.630164E-05
  9.000000E+04  2.327976E-05
  1.000000E+05  2.087999E-05
  1.100000E+05  1.892828E-05
  1.250000E+05  1.660023E-05
  1.400000E+05  1.478179E-05
  1.500000E+05  1.377563E-05
  1.750000E+05  1.177215E-05
  2.000000E+05  1.027726E-05
  2.200000E+05  9.329407E-06
  2.500000E+05  8.195559E-06
  3.000000E+05  6.815027E-06
  3.500000E+05  5.832491E-06
  4.000000E+05  5.097551E-06
  4.500000E+05  4.527067E-06
  5.000000E+05  4.071417E-06
  5.500000E+05  3.699091E-06
  6.000000E+05  3.389177E-06
  7.000000E+05  2.902757E-06
  8.000000E+05  2.538435E-06
  9.000000E+05  2.255362E-06
  1.000000E+06  2.029089E-06
EndElement
Element    Er   68   167.260000
Range      1.000000E+00 1.000000E+06
Npoints    273
Data
  1.000000E+00  2.466842E+03
  1.048810E+00  2.259819E+03
  1.100000E+00  2.067777E+03
  1.172600E+00  1.831799E+03
  1.250000E+00  1.619468E+03
  1.322880E+00  1.449318E+03
  1.400000E+00  1.295045E+03
  1.412000E+00  1.273107E+03
  1.412000E+00  1.359990E+03
  1.413350E+00  1.410400E+03
  1.414710E+00  1.488375E+03
  1.416070E+00  1.595140E+03
  1.417430E+00  1.730107E+03
  1.418790E+00  1.889532E+03
  1.420150E+00  2.066564E+03
  1.421510E+00  2.252222E+03
  1.422870E+00  2.437098E+03
  1.424240E+00  2.613165E+03
  1.425610E+00  2.774927E+03
  1.426970E+00  2.919698E+03
  1.428340E+00  3.047115E+03
  1.429710E+00  3.158383E+03
  1.431080E+00  3.255538E+03
  1.432460E+00  3.340816E+03
  1.433830E+00  3.416335E+03
  1.435210E+00  3.483898E+03
  1.436580E+00  3.544930E+03
  1.437960E+00  3.600503E+03
  1.439340E+00  3.651413E+03
  1.440720E+00  3.698111E+03
  1.442100E+00  3.740921E+03
  1.443490E+00  3.780094E+03
  1.444870E+00  3.815703E+03
  1.447650E+00  3.876371E+03
  1.450430E+00  3.923321E+03
  1.453210E+00  3.957237E+03
  1.456000E+00  3.979272E+03
  1.456000E+00  4.040444E+03
  1.461430E+00  4.281459E+03
  1.462790E+00  4.379932E+03
  1.464150E+00  4.488810E+03
  1.466880E+00  4.715999E+03
  1.468240E+00  4.823617E+03
  1.469610E+00  4.922234E+03
  1.470980E+00  5.010158E+03
  1.472350E+00  5.087316E+03
  1.473720E+00  5.154392E+03
  1.475090E+00  5.212576E+03
  1.476460E+00  5.263270E+03
  1.477840E+00  5.307772E+03
  1.480590E+00  5.382374E+03
  1.483350E+00  5.442646E+03
  1.486110E+00  5.491828E+03
  1.488880E+00  5.531289E+03
  1.491650E+00  5.561533E+03
  1.494430E+00  5.582848E+03
  1.497210E+00  5.595557E+03
  1.500000E+00  5.600382E+03
  1.503620E+00  5.596314E+03
  1.507240E+00  5.582956E+03
  1.514520E+00  5.538562E+03
  1.529180E+00  5.430620E+03
  1.543990E+00  5.321310E+03
  1.558930E+00  5.205051E+03
  1.620190E+00  4.745667E+03
  1.683840E+00  4.324377E+03
  1.750000E+00  3.935454E+03
  1.815000E+00  3.600290E+03
  1.815000E+00  4.177442E+03
  1.816380E+00  4.170277E+03
  1.817750E+00  4.163148E+03
  1.820510E+00  4.148890E+03
  1.826040E+00  4.120518E+03
  1.837160E+00  4.064315E+03
  1.859580E+00  3.953961E+03
  1.905260E+00  3.741065E+03
  2.000000E+00  3.344099E+03
  2.008000E+00  3.312991E+03
  2.008000E+00  3.506019E+03
  2.009430E+00  3.505332E+03
  2.010870E+00  3.502786E+03
  2.013740E+00  3.496403E+03
  2.019490E+00  3.479603E+03
  2.031050E+00  3.432426E+03
  2.042680E+00  3.384478E+03
  2.054370E+00  3.340934E+03
  2.101810E+00  3.172569E+03
  2.200000E+00  2.857892E+03
  2.220000E+00  2.798751E+03
  2.220000E+00  2.939961E+03
  2.222060E+00  2.929876E+03
  2.224120E+00  2.920814E+03
  2.228260E+00  2.904918E+03
  2.236540E+00  2.878800E+03
  2.253210E+00  2.833330E+03
  2.286910E+00  2.738958E+03
  2.355840E+00  2.559104E+03
  2.500000E+00  2.231245E+03
  2.738610E+00  1.802574E+03
  3.000000E+00  1.451618E+03
  3.240370E+00  1.206149E+03
  3.500000E+00  1.000404E+03
  3.741660E+00  8.496238E+02
  4.000000E+00  7.207666E+02
  4.500000E+00  5.378593E+02
  5.000000E+00  4.129195E+02
  5.500000E+00  3.244834E+02
  6.000000E+00  2.600149E+02
  7.000000E+00  1.750572E+02
  8.000000E+00  1.238823E+02
  8.361000E+00  1.104299E+02
  8.361000E+00  3.004849E+02
  8.365810E+00  3.001309E+02
  8.370630E+00  2.997770E+02
  8.380260E+00  2.990681E+02
  8.399570E+00  2.976416E+02
  8.438330E+00  2.947097E+02
  8.516370E+00  2.884266E+02
  8.674620E+00  2.754433E+02
  9.000000E+00  2.497564E+02
  9.267000E+00  2.309800E+02
  9.267000E+00  3.113446E+02
  9.274420E+00  3.177808E+02
  9.281840E+00  3.186240E+02
  9.296710E+00  3.143107E+02
  9.304160E+00  3.130185E+02
  9.311600E+00  3.124273E+02
  9.326520E+00  3.116791E+02
  9.386420E+00  3.063526E+02
  9.446710E+00  3.017767E+02
  9.507380E+00  2.969013E+02
  9.754000E+00  2.775658E+02
  9.754000E+00  3.248799E+02
  9.761600E+00  3.210248E+02
  9.769200E+00  3.196606E+02
  9.784420E+00  3.191702E+02
  9.799660E+00  3.182618E+02
  9.814930E+00  3.168252E+02
  9.876230E+00  3.118876E+02
  1.000000E+01  3.022614E+02
  1.100000E+01  2.371451E+02
  1.250000E+01  1.704641E+02
  1.400000E+01  1.267966E+02
  1.500000E+01  1.057576E+02
  1.750000E+01  7.028183E+01
  2.000000E+01  4.916077E+01
  2.200000E+01  3.802417E+01
  2.500000E+01  2.688595E+01
  3.000000E+01  1.633867E+01
  3.500000E+01  1.069101E+01
  4.000000E+01  7.389094E+00
  4.500000E+01  5.326927E+00
  5.000000E+01  3.971099E+00
  5.500000E+01  3.042160E+00
  5.748900E+01  2.687536E+00
  5.748900E+01  1.517798E+01
  5.752740E+01  1.443045E+01
  5.756590E+01  1.434512E+01
  5.760430E+01  1.435463E+01
  5.764280E+01  1.430354E+01
  5.768130E+01  1.428125E+01
  5.771990E+01  1.427448E+01
  5.779700E+01  1.423103E+01
  5.810670E+01  1.404207E+01
  5.873110E+01  1.367202E+01
  6.000000E+01  1.294609E+01
  6.480740E+01  1.059333E+01
  7.000000E+01  8.658655E+00
  8.000000E+01  6.080396E+00
  9.000000E+01  4.435991E+00
  1.000000E+02  3.337636E+00
  1.100000E+02  2.575943E+00
  1.250000E+02  1.816216E+00
  1.400000E+02  1.330499E+00
  1.500000E+02  1.100432E+00
  1.620190E+02  8.893837E-01
  1.750000E+02  7.198233E-01
  2.000000E+02  4.986971E-01
  2.200000E+02  3.841626E-01
  2.345210E+02  3.226681E-01
  2.500000E+02  2.713196E-01
  2.738610E+02  2.119249E-01
  2.866330E+02  1.876009E-01
  3.000000E+02  1.662732E-01
  3.240370E+02  1.355759E-01
  3.500000E+02  1.107828E-01
  3.741660E+02  9.314983E-02
  4.000000E+02  7.851574E-02
  4.242640E+02  6.762109E-02
  4.500000E+02  5.834376E-02
  4.743420E+02  5.119828E-02
  5.000000E+02  4.500079E-02
  5.244040E+02  4.009048E-02
  5.500000E+02  3.576517E-02
  5.744560E+02  3.226090E-02
  6.000000E+02  2.913105E-02
  6.480740E+02  2.436807E-02
  6.735370E+02  2.232599E-02
  7.000000E+02  2.047812E-02
  7.483310E+02  1.765727E-02
  8.000000E+02  1.526699E-02
  8.485280E+02  1.345707E-02
  9.000000E+02  1.188932E-02
  9.486830E+02  1.065947E-02
  1.000000E+03  9.573245E-03
  1.048810E+03  8.697936E-03
  1.100000E+03  7.913178E-03
  1.172600E+03  6.983429E-03
  1.250000E+03  6.178617E-03
  1.322880E+03  5.552172E-03
  1.400000E+03  4.998096E-03
  1.500000E+03  4.406971E-03
  1.620190E+03  3.838386E-03
  1.750000E+03  3.354605E-03
  1.870830E+03  2.990829E-03
  2.000000E+03  2.671935E-03
  2.200000E+03  2.282257E-03
  2.345210E+03  2.057483E-03
  2.500000E+03  1.858057E-03
  2.738610E+03  1.610248E-03
  3.000000E+03  1.400733E-03
  3.240370E+03  1.247454E-03
  3.500000E+03  1.113232E-03
  3.741660E+03  1.010190E-03
  4.000000E+03  9.181046E-04
  4.242640E+03  8.447595E-04
  4.500000E+03  7.781113E-04
  5.000000E+03  6.733413E-04
  5.500000E+03  5.923092E-04
  6.000000E+03  5.279832E-04
  6.480740E+03  4.773823E-04
  7.000000E+03  4.321784E-04
  8.000000E+03  3.646805E-04
  9.000000E+03  3.147715E-04
  1.000000E+04  2.764860E-04
  1.100000E+04  2.462532E-04
  1.250000E+04  2.112790E-04
  1.400000E+04  1.848058E-04
  1.500000E+04  1.704839E-04
  1.750000E+04  1.426735E-04
  2.000000E+04  1.225509E-04
  2.200000E+04  1.100767E-04
  2.500000E+04  9.545090E-05
  3.000000E+04  7.808728E-05
  3.500000E+04  6.603364E-05
  4.000000E+04  5.718585E-05
  4.500000E+04  5.041950E-05
  5.000000E+04  4.507928E-05
  5.500000E+04  4.075837E-05
  6.000000E+04  3.719138E-05
  7.000000E+04  3.164745E-05
  8.000000E+04  2.753947E-05
  9.000000E+04  2.437401E-05
  1.000000E+05  2.186045E-05
  1.100000E+05  1.981632E-05
  1.250000E+05  1.737827E-05
  1.400000E+05  1.547405E-05
  1.500000E+05  1.442048E-05
  1.750000E+05  1.232271E-05
  2.000000E+05  1.075758E-05
  2.200000E+05  9.765222E-06
  2.500000E+05  8.578220E-06
  3.000000E+05  7.132993E-06
  3.500000E+05  6.104483E-06
  4.000000E+05  5.335172E-06
  4.500000E+05  4.738070E-06
  5.000000E+05  4.261153E-06
  5.500000E+05  3.871438E-06
  6.000000E+05  3.547054E-06
  7.000000E+05  3.037941E-06
  8.000000E+05  2.656630E-06
  9.000000E+05  2.360362E-06
  1.000000E+06  2.123544E-06
EndElement
Element    Tm   69   168.934000
Range      1.000000E+00 1.000000E+06
Npoints    293
Data
  1.000000E+00  2.607647E+03
  1.048810E+00  2.387446E+03
  1.100000E+00  2.183487E+03
  1.172600E+00  1.933189E+03
  1.250000E+00  1.708079E+03
  1.322880E+00  1.527979E+03
  1.400000E+00  1.364801E+03
  1.471000E+00  1.235135E+03
  1.471000E+00  1.315614E+03
  1.471900E+00  1.343034E+03
  1.472800E+00  1.379570E+03
  1.473690E+00  1.427584E+03
  1.474590E+00  1.486724E+03
  1.475490E+00  1.557061E+03
  1.476390E+00  1.638174E+03
  1.477300E+00  1.729144E+03
  1.478200E+00  1.828519E+03
  1.480000E+00  2.044567E+03
  1.480900E+00  2.156644E+03
  1.481810E+00  2.268339E+03
  1.482710E+00  2.377590E+03
  1.483620E+00  2.482690E+03
  1.484520E+00  2.582404E+03
  1.485430E+00  2.675930E+03
  1.486340E+00  2.762883E+03
  1.487240E+00  2.843208E+03
  1.488150E+00  2.917124E+03
  1.489060E+00  2.985030E+03
  1.489970E+00  3.047424E+03
  1.490880E+00  3.104831E+03
  1.491790E+00  3.157818E+03
  1.492700E+00  3.206891E+03
  1.493610E+00  3.252524E+03
  1.494520E+00  3.295131E+03
  1.496340E+00  3.372636E+03
  1.498170E+00  3.441594E+03
  1.500000E+00  3.503407E+03
  1.502240E+00  3.570386E+03
  1.504480E+00  3.628599E+03
  1.506720E+00  3.678363E+03
  1.508970E+00  3.719750E+03
  1.511220E+00  3.753046E+03
  1.513480E+00  3.778641E+03
  1.515740E+00  3.797106E+03
  1.518000E+00  3.809262E+03
  1.518000E+00  3.866192E+03
  1.518840E+00  3.883980E+03
  1.519690E+00  3.906617E+03
  1.520530E+00  3.934422E+03
  1.521380E+00  3.967717E+03
  1.522220E+00  4.006645E+03
  1.523070E+00  4.051240E+03
  1.523910E+00  4.101112E+03
  1.524760E+00  4.155795E+03
  1.528150E+00  4.403620E+03
  1.529850E+00  4.529314E+03
  1.531550E+00  4.645740E+03
  1.533260E+00  4.748834E+03
  1.534960E+00  4.837490E+03
  1.536670E+00  4.912850E+03
  1.538380E+00  4.976909E+03
  1.540090E+00  5.031878E+03
  1.541800E+00  5.079575E+03
  1.545230E+00  5.158713E+03
  1.548670E+00  5.221347E+03
  1.552110E+00  5.270149E+03
  1.555560E+00  5.305689E+03
  1.559020E+00  5.328183E+03
  1.562490E+00  5.338414E+03
  1.565970E+00  5.338058E+03
  1.569450E+00  5.329181E+03
  1.572940E+00  5.314031E+03
  1.579950E+00  5.272965E+03
  1.586990E+00  5.226373E+03
  1.601160E+00  5.132262E+03
  1.615450E+00  5.035799E+03
  1.629880E+00  4.932171E+03
  1.688870E+00  4.528423E+03
  1.750000E+00  4.148488E+03
  1.885000E+00  3.459638E+03
  1.885000E+00  4.029281E+03
  1.886750E+00  4.018052E+03
  1.888490E+00  4.008855E+03
  1.891990E+00  3.996663E+03
  1.899010E+00  3.969999E+03
  1.913110E+00  3.887759E+03
  1.920210E+00  3.849045E+03
  1.927330E+00  3.814823E+03
  1.941650E+00  3.752404E+03
  2.000000E+00  3.503817E+03
  2.092000E+00  3.155405E+03
  2.092000E+00  3.343027E+03
  2.093650E+00  3.340810E+03
  2.095290E+00  3.337181E+03
  2.098590E+00  3.329367E+03
  2.105200E+00  3.309846E+03
  2.118490E+00  3.258296E+03
  2.131860E+00  3.209109E+03
  2.145320E+00  3.164125E+03
  2.200000E+00  2.987671E+03
  2.309000E+00  2.672451E+03
  2.309000E+00  2.806580E+03
  2.310430E+00  2.799949E+03
  2.311870E+00  2.793789E+03
  2.314740E+00  2.782685E+03
  2.320500E+00  2.763899E+03
  2.332050E+00  2.733170E+03
  2.355340E+00  2.674201E+03
  2.402600E+00  2.554706E+03
  2.500000E+00  2.331468E+03
  2.738610E+00  1.884900E+03
  3.000000E+00  1.519071E+03
  3.240370E+00  1.262855E+03
  3.500000E+00  1.047895E+03
  3.741660E+00  8.902740E+02
  4.000000E+00  7.555000E+02
  4.500000E+00  5.640780E+02
  5.000000E+00  4.332288E+02
  5.500000E+00  3.405710E+02
  6.000000E+00  2.729955E+02
  7.000000E+00  1.839028E+02
  8.000000E+00  1.302068E+02
  8.651000E+00  1.062172E+02
  8.651000E+00  2.929415E+02
  8.656350E+00  2.923373E+02
  8.661700E+00  2.946772E+02
  8.667050E+00  2.941646E+02
  8.672410E+00  2.913527E+02
  8.677770E+00  2.881733E+02
  8.683140E+00  2.857364E+02
  8.688500E+00  2.842994E+02
  8.693870E+00  2.836681E+02
  8.715390E+00  2.832075E+02
  8.736960E+00  2.812155E+02
  8.758580E+00  2.795618E+02
  8.780260E+00  2.783056E+02
  8.823770E+00  2.748730E+02
  9.000000E+00  2.615015E+02
  9.620000E+00  2.188845E+02
  9.620000E+00  2.972343E+02
  9.625820E+00  3.011780E+02
  9.631650E+00  3.026877E+02
  9.637490E+00  3.019277E+02
  9.643320E+00  3.001471E+02
  9.649160E+00  2.984730E+02
  9.655000E+00  2.973244E+02
  9.666700E+00  2.963074E+02
  9.690130E+00  2.949902E+02
  9.713620E+00  2.929579E+02
  9.760780E+00  2.896780E+02
  9.808160E+00  2.860166E+02
  1.000000E+01  2.720611E+02
  1.011800E+01  2.637516E+02
  1.011800E+01  3.087371E+02
  1.012460E+01  3.054072E+02
  1.013120E+01  3.040098E+02
  1.013780E+01  3.035610E+02
  1.014450E+01  3.034388E+02
  1.015770E+01  3.029892E+02
  1.017100E+01  3.019626E+02
  1.022430E+01  2.979151E+02
  1.033160E+01  2.901225E+02
  1.054980E+01  2.751896E+02
  1.100000E+01  2.474659E+02
  1.250000E+01  1.781361E+02
  1.400000E+01  1.326266E+02
  1.500000E+01  1.106781E+02
  1.750000E+01  7.363499E+01
  2.000000E+01  5.155433E+01
  2.200000E+01  3.990033E+01
  2.500000E+01  2.823477E+01
  3.000000E+01  1.717644E+01
  3.500000E+01  1.124851E+01
  4.000000E+01  7.779831E+00
  4.500000E+01  5.611941E+00
  5.000000E+01  4.185775E+00
  5.500000E+01  3.208110E+00
  5.939300E+01  2.587702E+00
  5.939300E+01  1.449351E+01
  5.943080E+01  1.377256E+01
  5.946850E+01  1.370597E+01
  5.950630E+01  1.370212E+01
  5.954420E+01  1.367610E+01
  5.969570E+01  1.358320E+01
  6.000000E+01  1.342532E+01
  6.235740E+01  1.217101E+01
  6.480740E+01  1.101074E+01
  7.000000E+01  9.006903E+00
  8.000000E+01  6.333775E+00
  9.000000E+01  4.626098E+00
  1.000000E+02  3.484050E+00
  1.100000E+02  2.691205E+00
  1.250000E+02  1.899516E+00
  1.400000E+02  1.392770E+00
  1.500000E+02  1.152536E+00
  1.620190E+02  9.320319E-01
  1.750000E+02  7.547514E-01
  2.000000E+02  5.233788E-01
  2.200000E+02  4.034379E-01
  2.345210E+02  3.390007E-01
  2.500000E+02  2.851710E-01
  2.738610E+02  2.228742E-01
  2.866330E+02  1.973496E-01
  3.000000E+02  1.749613E-01
  3.240370E+02  1.427263E-01
  3.500000E+02  1.166784E-01
  3.741660E+02  9.814470E-02
  4.000000E+02  8.275622E-02
  4.242640E+02  7.129543E-02
  4.500000E+02  6.153289E-02
  4.743420E+02  5.401083E-02
  5.000000E+02  4.748442E-02
  5.244040E+02  4.231226E-02
  5.500000E+02  3.775504E-02
  5.744560E+02  3.406192E-02
  6.000000E+02  3.076253E-02
  6.480740E+02  2.573988E-02
  6.735370E+02  2.358579E-02
  7.000000E+02  2.163609E-02
  7.483310E+02  1.865910E-02
  8.000000E+02  1.613566E-02
  8.485280E+02  1.422436E-02
  9.000000E+02  1.256834E-02
  9.486830E+02  1.126898E-02
  1.000000E+03  1.012108E-02
  1.048810E+03  9.195944E-03
  1.100000E+03  8.366382E-03
  1.172600E+03  7.383391E-03
  1.250000E+03  6.532334E-03
  1.322880E+03  5.869853E-03
  1.400000E+03  5.283802E-03
  1.500000E+03  4.658538E-03
  1.620190E+03  4.057051E-03
  1.750000E+03  3.545261E-03
  1.870830E+03  3.160424E-03
  2.000000E+03  2.823070E-03
  2.200000E+03  2.410849E-03
  2.345210E+03  2.173092E-03
  2.500000E+03  1.962167E-03
  2.738610E+03  1.700105E-03
  3.000000E+03  1.478578E-03
  3.240370E+03  1.316541E-03
  3.500000E+03  1.174676E-03
  3.741660E+03  1.065786E-03
  4.000000E+03  9.684926E-04
  4.242640E+03  8.910119E-04
  4.500000E+03  8.206144E-04
  5.000000E+03  7.099812E-04
  5.500000E+03  6.244334E-04
  6.000000E+03  5.565420E-04
  6.480740E+03  5.031236E-04
  7.000000E+03  4.554018E-04
  8.000000E+03  3.841666E-04
  9.000000E+03  3.315086E-04
  1.000000E+04  2.911253E-04
  1.100000E+04  2.592425E-04
  1.250000E+04  2.223694E-04
  1.400000E+04  1.944667E-04
  1.500000E+04  1.793748E-04
  1.750000E+04  1.500762E-04
  2.000000E+04  1.288835E-04
  2.200000E+04  1.157491E-04
  2.500000E+04  1.003524E-04
  3.000000E+04  8.207962E-05
  3.500000E+04  6.939825E-05
  4.000000E+04  6.009236E-05
  4.500000E+04  5.297633E-05
  5.000000E+04  4.736143E-05
  5.500000E+04  4.281882E-05
  6.000000E+04  3.906902E-05
  7.000000E+04  3.324230E-05
  8.000000E+04  2.892520E-05
  9.000000E+04  2.559900E-05
  1.000000E+05  2.295806E-05
  1.100000E+05  2.081053E-05
  1.250000E+05  1.824930E-05
  1.400000E+05  1.624902E-05
  1.500000E+05  1.514240E-05
  1.750000E+05  1.293908E-05
  2.000000E+05  1.129528E-05
  2.200000E+05  1.025315E-05
  2.500000E+05  9.006618E-06
  3.000000E+05  7.489016E-06
  3.500000E+05  6.409027E-06
  4.000000E+05  5.601246E-06
  4.500000E+05  4.974271E-06
  5.000000E+05  4.473525E-06
  5.500000E+05  4.064394E-06
  6.000000E+05  3.723814E-06
  7.000000E+05  3.189288E-06
  8.000000E+05  2.788956E-06
  9.000000E+05  2.477917E-06
  1.000000E+06  2.229294E-06
EndElement
Element    Yb   70   173.040000
Range      1.000000E+00 1.000000E+06
Npoints    291
Data
  1.000000E+00  2.748903E+03
  1.048810E+00  2.513513E+03
  1.100000E+00  2.295694E+03
  1.172600E+00  2.029375E+03
  1.250000E+00  1.790226E+03
  1.322880E+00  1.599285E+03
  1.400000E+00  1.426796E+03
  1.500000E+00  1.239126E+03
  1.531000E+00  1.187911E+03
  1.531000E+00  1.286401E+03
  1.532510E+00  1.365085E+03
  1.534020E+00  1.468610E+03
  1.535530E+00  1.594127E+03
  1.537040E+00  1.738545E+03
  1.538550E+00  1.897517E+03
  1.540070E+00  2.065357E+03
  1.541590E+00  2.235532E+03
  1.543110E+00  2.401680E+03
  1.544630E+00  2.558418E+03
  1.546150E+00  2.702046E+03
  1.547670E+00  2.830632E+03
  1.549190E+00  2.943850E+03
  1.550720E+00  3.042517E+03
  1.552250E+00  3.128148E+03
  1.553780E+00  3.202495E+03
  1.555310E+00  3.267342E+03
  1.556840E+00  3.324271E+03
  1.558370E+00  3.374623E+03
  1.559910E+00  3.419465E+03
  1.561440E+00  3.459606E+03
  1.562980E+00  3.495654E+03
  1.564520E+00  3.528020E+03
  1.567600E+00  3.582763E+03
  1.570690E+00  3.625361E+03
  1.573790E+00  3.656683E+03
  1.576890E+00  3.677599E+03
  1.580000E+00  3.689257E+03
  1.580000E+00  3.752701E+03
  1.581260E+00  3.789835E+03
  1.582520E+00  3.836957E+03
  1.583790E+00  3.893475E+03
  1.585050E+00  3.958625E+03
  1.586320E+00  4.031431E+03
  1.587590E+00  4.110327E+03
  1.590120E+00  4.278107E+03
  1.592660E+00  4.443869E+03
  1.593940E+00  4.520886E+03
  1.595210E+00  4.592196E+03
  1.596480E+00  4.657136E+03
  1.597760E+00  4.715464E+03
  1.599040E+00  4.767458E+03
  1.600310E+00  4.813502E+03
  1.601590E+00  4.854150E+03
  1.602870E+00  4.890031E+03
  1.605430E+00  4.949925E+03
  1.608000E+00  4.997465E+03
  1.610570E+00  5.035747E+03
  1.613140E+00  5.066721E+03
  1.615720E+00  5.091430E+03
  1.618300E+00  5.110328E+03
  1.620890E+00  5.123796E+03
  1.626070E+00  5.135246E+03
  1.631270E+00  5.128773E+03
  1.636490E+00  5.108866E+03
  1.641720E+00  5.080224E+03
  1.662830E+00  4.941121E+03
  1.684210E+00  4.800973E+03
  1.705860E+00  4.653308E+03
  1.750000E+00  4.365286E+03
  1.956000E+00  3.310583E+03
  1.956000E+00  4.114120E+03
  1.957360E+00  4.000178E+03
  1.958720E+00  3.937535E+03
  1.960080E+00  3.898696E+03
  1.961450E+00  3.872629E+03
  1.962810E+00  3.853940E+03
  1.964180E+00  3.839741E+03
  1.966910E+00  3.818651E+03
  1.977880E+00  3.756286E+03
  1.988910E+00  3.697331E+03
  2.000000E+00  3.645790E+03
  2.087100E+00  3.302882E+03
  2.178000E+00  2.988557E+03
  2.178000E+00  3.245935E+03
  2.179370E+00  3.213381E+03
  2.180740E+00  3.193597E+03
  2.182110E+00  3.180156E+03
  2.183480E+00  3.170217E+03
  2.186220E+00  3.155721E+03
  2.188970E+00  3.144442E+03
  2.200000E+00  3.104528E+03
  2.401000E+00  2.532915E+03
  2.401000E+00  2.652610E+03
  2.402520E+00  2.648350E+03
  2.404030E+00  2.644094E+03
  2.407070E+00  2.635619E+03
  2.413160E+00  2.618980E+03
  2.425380E+00  2.588939E+03
  2.450000E+00  2.531210E+03
  2.500000E+00  2.415493E+03
  2.738610E+00  1.953468E+03
  3.000000E+00  1.574509E+03
  3.240370E+00  1.308998E+03
  3.500000E+00  1.086234E+03
  3.741660E+00  9.228485E+02
  4.000000E+00  7.831219E+02
  4.500000E+00  5.846530E+02
  5.000000E+00  4.490086E+02
  5.500000E+00  3.529620E+02
  6.000000E+00  2.829244E+02
  7.000000E+00  1.905964E+02
  8.000000E+00  1.349549E+02
  8.946000E+00  1.008830E+02
  8.946000E+00  3.681253E+02
  8.952730E+00  2.877365E+02
  8.959470E+00  2.794017E+02
  8.972960E+00  2.726578E+02
  8.979710E+00  2.699822E+02
  8.986470E+00  2.684098E+02
  8.993230E+00  2.677476E+02
  9.000000E+00  2.675475E+02
  9.014560E+00  2.672736E+02
  9.029140E+00  2.662434E+02
  9.043750E+00  2.650128E+02
  9.058380E+00  2.640746E+02
  9.087720E+00  2.623620E+02
  9.117150E+00  2.603292E+02
  9.235820E+00  2.520668E+02
  9.356040E+00  2.438153E+02
  9.477820E+00  2.355031E+02
  9.981000E+00  2.050284E+02
  9.981000E+00  3.151082E+02
  9.990500E+00  2.854941E+02
  1.000000E+01  2.827493E+02
  1.000750E+01  2.807848E+02
  1.001500E+01  2.791671E+02
  1.002240E+01  2.781750E+02
  1.002990E+01  2.776491E+02
  1.004490E+01  2.769621E+02
  1.006000E+01  2.759936E+02
  1.009010E+01  2.737854E+02
  1.012030E+01  2.719450E+02
  1.024210E+01  2.637972E+02
  1.049000E+01  2.477274E+02
  1.049000E+01  2.879432E+02
  1.049780E+01  2.866548E+02
  1.050560E+01  2.856911E+02
  1.052120E+01  2.850226E+02
  1.053680E+01  2.842594E+02
  1.055240E+01  2.830678E+02
  1.061520E+01  2.787823E+02
  1.074200E+01  2.705303E+02
  1.100000E+01  2.546864E+02
  1.172600E+01  2.163544E+02
  1.250000E+01  1.835970E+02
  1.400000E+01  1.368057E+02
  1.500000E+01  1.142160E+02
  1.750000E+01  7.605946E+01
  2.000000E+01  5.329441E+01
  2.200000E+01  4.126927E+01
  2.500000E+01  2.922336E+01
  3.000000E+01  1.779410E+01
  3.500000E+01  1.166163E+01
  4.000000E+01  8.070553E+00
  4.500000E+01  5.824813E+00
  5.000000E+01  4.346598E+00
  5.500000E+01  3.332801E+00
  6.000000E+01  2.613743E+00
  6.133500E+01  2.457280E+00
  6.133500E+01  1.311577E+01
  6.136670E+01  1.309979E+01
  6.139840E+01  1.308382E+01
  6.146180E+01  1.305183E+01
  6.158880E+01  1.298787E+01
  6.184370E+01  1.285997E+01
  6.235650E+01  1.260411E+01
  6.339510E+01  1.209356E+01
  6.445100E+01  1.158691E+01
  6.552440E+01  1.108716E+01
  6.772530E+01  1.012182E+01
  7.000000E+01  9.227685E+00
  7.237620E+01  8.422714E+00
  7.483310E+01  7.711396E+00
  8.000000E+01  6.500599E+00
  8.239070E+01  6.021932E+00
  8.485280E+01  5.569923E+00
  9.000000E+01  4.752563E+00
  1.000000E+02  3.582902E+00
  1.100000E+02  2.769802E+00
  1.250000E+02  1.957067E+00
  1.400000E+02  1.436234E+00
  1.500000E+02  1.189122E+00
  1.620190E+02  9.621782E-01
  1.750000E+02  7.795721E-01
  2.000000E+02  5.410878E-01
  2.200000E+02  4.173527E-01
  2.345210E+02  3.508391E-01
  2.500000E+02  2.952502E-01
  2.738610E+02  2.308863E-01
  2.866330E+02  2.045012E-01
  3.000000E+02  1.813509E-01
  3.240370E+02  1.480071E-01
  3.500000E+02  1.210501E-01
  3.741660E+02  1.018606E-01
  4.000000E+02  8.592095E-02
  4.242640E+02  7.404512E-02
  4.500000E+02  6.392538E-02
  4.743420E+02  5.612521E-02
  5.000000E+02  4.935587E-02
  5.244040E+02  4.398940E-02
  5.500000E+02  3.925946E-02
  5.744560E+02  3.542532E-02
  6.000000E+02  3.199930E-02
  6.480740E+02  2.678210E-02
  6.735370E+02  2.454384E-02
  7.000000E+02  2.251753E-02
  7.483310E+02  1.942273E-02
  8.000000E+02  1.679862E-02
  8.485280E+02  1.481049E-02
  9.000000E+02  1.308737E-02
  9.486830E+02  1.173510E-02
  1.000000E+03  1.054024E-02
  1.048810E+03  9.577027E-03
  1.100000E+03  8.713241E-03
  1.172600E+03  7.689506E-03
  1.250000E+03  6.802993E-03
  1.322880E+03  6.112835E-03
  1.400000E+03  5.502268E-03
  1.500000E+03  4.850775E-03
  1.620190E+03  4.224025E-03
  1.750000E+03  3.690684E-03
  1.870830E+03  3.289671E-03
  2.000000E+03  2.938136E-03
  2.200000E+03  2.508592E-03
  2.345210E+03  2.260864E-03
  2.500000E+03  2.041117E-03
  2.738610E+03  1.768130E-03
  3.000000E+03  1.537407E-03
  3.240370E+03  1.368680E-03
  3.500000E+03  1.220980E-03
  3.741660E+03  1.107633E-03
  4.000000E+03  1.006377E-03
  4.242640E+03  9.257545E-04
  4.500000E+03  8.525102E-04
  5.000000E+03  7.374304E-04
  5.500000E+03  6.484694E-04
  6.000000E+03  5.778805E-04
  6.480740E+03  5.226149E-04
  7.000000E+03  4.733248E-04
  8.000000E+03  3.991722E-04
  9.000000E+03  3.443736E-04
  1.000000E+04  3.023578E-04
  1.100000E+04  2.691939E-04
  1.250000E+04  2.308491E-04
  1.400000E+04  2.018405E-04
  1.500000E+04  1.861539E-04
  1.750000E+04  1.557084E-04
  2.000000E+04  1.336930E-04
  2.200000E+04  1.200523E-04
  2.500000E+04  1.040657E-04
  2.738610E+04  9.405801E-05
  3.000000E+04  8.509789E-05
  3.500000E+04  7.193855E-05
  4.000000E+04  6.228378E-05
  4.500000E+04  5.490296E-05
  5.000000E+04  4.907954E-05
  5.500000E+04  4.436909E-05
  6.000000E+04  4.048136E-05
  7.000000E+04  3.444049E-05
  8.000000E+04  2.996561E-05
  9.000000E+04  2.651827E-05
  1.000000E+05  2.378136E-05
  1.100000E+05  2.155598E-05
  1.250000E+05  1.890216E-05
  1.400000E+05  1.682970E-05
  1.500000E+05  1.568318E-05
  1.750000E+05  1.340062E-05
  2.000000E+05  1.169783E-05
  2.200000E+05  1.061834E-05
  2.500000E+05  9.327184E-06
  3.000000E+05  7.755316E-06
  3.500000E+05  6.636779E-06
  4.000000E+05  5.800208E-06
  4.500000E+05  5.150907E-06
  5.000000E+05  4.632357E-06
  5.500000E+05  4.208643E-06
  6.000000E+05  3.855924E-06
  7.000000E+05  3.302416E-06
  8.000000E+05  2.887861E-06
  9.000000E+05  2.565772E-06
  1.000000E+06  2.308324E-06
EndElement
Element    Lu   71   174.967000
Range      1.000000E+00 1.000000E+06
Npoints    273
Data
  1.000000E+00  2.891779E+03
  1.048810E+00  2.644081E+03
  1.100000E+00  2.414849E+03
  1.172600E+00  2.134601E+03
  1.250000E+00  1.882986E+03
  1.322880E+00  1.682160E+03
  1.400000E+00  1.500787E+03
  1.500000E+00  1.303468E+03
  1.596000E+00  1.146374E+03
  1.596000E+00  1.215181E+03
  1.597570E+00  1.256803E+03
  1.599140E+00  1.323541E+03
  1.600710E+00  1.416568E+03
  1.602290E+00  1.534965E+03
  1.605440E+00  1.828887E+03
  1.607020E+00  1.988769E+03
  1.608600E+00  2.145825E+03
  1.610180E+00  2.293388E+03
  1.611770E+00  2.427453E+03
  1.613350E+00  2.546576E+03
  1.614940E+00  2.651247E+03
  1.616530E+00  2.743021E+03
  1.618120E+00  2.823870E+03
  1.619710E+00  2.895719E+03
  1.621300E+00  2.960244E+03
  1.622890E+00  3.018749E+03
  1.624490E+00  3.072198E+03
  1.626090E+00  3.121241E+03
  1.627690E+00  3.166299E+03
  1.629290E+00  3.207608E+03
  1.630890E+00  3.245293E+03
  1.632490E+00  3.279402E+03
  1.634100E+00  3.309969E+03
  1.635710E+00  3.337023E+03
  1.637310E+00  3.360623E+03
  1.640540E+00  3.397871E+03
  1.643770E+00  3.422945E+03
  1.647000E+00  3.437635E+03
  1.647000E+00  3.486858E+03
  1.648560E+00  3.516595E+03
  1.650130E+00  3.556005E+03
  1.651690E+00  3.611970E+03
  1.653260E+00  3.682528E+03
  1.654820E+00  3.765787E+03
  1.656390E+00  3.857960E+03
  1.659540E+00  4.048881E+03
  1.661110E+00  4.138335E+03
  1.662680E+00  4.219873E+03
  1.664260E+00  4.292462E+03
  1.665840E+00  4.356275E+03
  1.667420E+00  4.412136E+03
  1.669000E+00  4.461217E+03
  1.670580E+00  4.504688E+03
  1.672170E+00  4.543581E+03
  1.675340E+00  4.610526E+03
  1.678520E+00  4.665940E+03
  1.681700E+00  4.711338E+03
  1.684890E+00  4.747134E+03
  1.688090E+00  4.773361E+03
  1.691290E+00  4.790329E+03
  1.694500E+00  4.798796E+03
  1.697720E+00  4.799932E+03
  1.704170E+00  4.785648E+03
  1.710640E+00  4.758251E+03
  1.723660E+00  4.691065E+03
  1.736780E+00  4.621849E+03
  1.750000E+00  4.548331E+03
  1.809410E+00  4.199532E+03
  1.870830E+00  3.863364E+03
  2.000000E+00  3.274656E+03
  2.032000E+00  3.148463E+03
  2.032000E+00  3.698567E+03
  2.033260E+00  3.691683E+03
  2.034520E+00  3.684765E+03
  2.037050E+00  3.670998E+03
  2.042110E+00  3.643497E+03
  2.052280E+00  3.588565E+03
  2.062490E+00  3.534906E+03
  2.072760E+00  3.488579E+03
  2.114330E+00  3.332324E+03
  2.200000E+00  3.035108E+03
  2.270000E+00  2.819127E+03
  2.270000E+00  2.994546E+03
  2.271710E+00  2.989369E+03
  2.273410E+00  2.984203E+03
  2.276830E+00  2.973891E+03
  2.283680E+00  2.953367E+03
  2.297440E+00  2.912715E+03
  2.325200E+00  2.833009E+03
  2.381750E+00  2.679622E+03
  2.499000E+00  2.396159E+03
  2.499000E+00  2.515465E+03
  2.500000E+00  2.511479E+03
  3.000000E+00  1.636751E+03
  3.240370E+00  1.361973E+03
  3.500000E+00  1.131072E+03
  3.741660E+00  9.615455E+02
  4.000000E+00  8.164534E+02
  4.500000E+00  6.101235E+02
  5.000000E+00  4.689310E+02
  5.500000E+00  3.688586E+02
  6.000000E+00  2.958358E+02
  7.000000E+00  1.994837E+02
  8.000000E+00  1.413573E+02
  9.000000E+00  1.040915E+02
  9.250000E+00  9.690867E+01
  9.250000E+00  2.757776E+02
  9.255640E+00  2.727109E+02
  9.261270E+00  2.696294E+02
  9.272560E+00  2.633690E+02
  9.278210E+00  2.603157E+02
  9.283870E+00  2.580358E+02
  9.289520E+00  2.567162E+02
  9.295180E+00  2.561417E+02
  9.317850E+00  2.556289E+02
  9.340580E+00  2.538016E+02
  9.363370E+00  2.523515E+02
  9.386210E+00  2.512515E+02
  9.432050E+00  2.481862E+02
  9.524420E+00  2.419863E+02
  9.617690E+00  2.362536E+02
  1.000000E+01  2.129586E+02
  1.035500E+01  1.939516E+02
  1.035500E+01  2.677790E+02
  1.036290E+01  2.672404E+02
  1.037090E+01  2.667024E+02
  1.038680E+01  2.656282E+02
  1.041870E+01  2.634884E+02
  1.048290E+01  2.592442E+02
  1.061230E+01  2.509084E+02
  1.087600E+01  2.349109E+02
  1.087600E+01  2.750324E+02
  1.088370E+01  2.717826E+02
  1.089140E+01  2.706324E+02
  1.090690E+01  2.702593E+02
  1.092230E+01  2.696256E+02
  1.093780E+01  2.685173E+02
  1.100000E+01  2.645237E+02
  1.172600E+01  2.250227E+02
  1.250000E+01  1.910924E+02
  1.400000E+01  1.425596E+02
  1.500000E+01  1.190922E+02
  1.750000E+01  7.940778E+01
  2.000000E+01  5.569810E+01
  2.200000E+01  4.316108E+01
  2.500000E+01  3.059016E+01
  3.000000E+01  1.864813E+01
  3.500000E+01  1.223255E+01
  4.000000E+01  8.472065E+00
  4.500000E+01  6.118548E+00
  5.000000E+01  4.568328E+00
  5.500000E+01  3.504583E+00
  6.000000E+01  2.749674E+00
  6.332000E+01  2.364439E+00
  6.332000E+01  1.303613E+01
  6.336960E+01  1.239284E+01
  6.341930E+01  1.232534E+01
  6.346900E+01  1.228711E+01
  6.351880E+01  1.227647E+01
  6.356860E+01  1.226418E+01
  6.361840E+01  1.223950E+01
  6.371820E+01  1.217820E+01
  6.411880E+01  1.199272E+01
  6.492770E+01  1.162162E+01
  6.657630E+01  1.089834E+01
  7.000000E+01  9.569610E+00
  7.483310E+01  8.041109E+00
  8.000000E+01  6.748479E+00
  9.000000E+01  4.940291E+00
  1.000000E+02  3.727926E+00
  1.100000E+02  2.884434E+00
  1.250000E+02  2.040280E+00
  1.400000E+02  1.498677E+00
  1.500000E+02  1.241487E+00
  1.620190E+02  1.005123E+00
  1.750000E+02  8.148392E-01
  2.000000E+02  5.660985E-01
  2.200000E+02  4.369285E-01
  2.345210E+02  3.674543E-01
  2.500000E+02  3.093617E-01
  2.738610E+02  2.420655E-01
  2.866330E+02  2.144651E-01
  3.000000E+02  1.902402E-01
  3.240370E+02  1.553351E-01
  3.500000E+02  1.271018E-01
  3.741660E+02  1.069951E-01
  4.000000E+02  9.028548E-02
  4.242640E+02  7.783174E-02
  4.500000E+02  6.721529E-02
  4.743420E+02  5.902949E-02
  5.000000E+02  5.192305E-02
  5.244040E+02  4.628767E-02
  5.500000E+02  4.131933E-02
  5.744560E+02  3.729097E-02
  6.000000E+02  3.369011E-02
  6.480740E+02  2.820521E-02
  6.735370E+02  2.585128E-02
  7.000000E+02  2.371980E-02
  7.483310E+02  2.046355E-02
  8.000000E+02  1.770162E-02
  8.485280E+02  1.560844E-02
  9.000000E+02  1.379382E-02
  9.486830E+02  1.236937E-02
  1.000000E+03  1.111047E-02
  1.048810E+03  1.009549E-02
  1.100000E+03  9.185083E-03
  1.172600E+03  8.105919E-03
  1.250000E+03  7.171313E-03
  1.322880E+03  6.443564E-03
  1.400000E+03  5.799658E-03
  1.500000E+03  5.112591E-03
  1.620190E+03  4.451511E-03
  1.750000E+03  3.889006E-03
  1.870830E+03  3.466000E-03
  2.000000E+03  3.095231E-03
  2.200000E+03  2.642181E-03
  2.345210E+03  2.380915E-03
  2.500000E+03  2.149188E-03
  2.738610E+03  1.861347E-03
  3.000000E+03  1.618121E-03
  3.240370E+03  1.440276E-03
  3.500000E+03  1.284631E-03
  3.741660E+03  1.165205E-03
  4.000000E+03  1.058538E-03
  4.242640E+03  9.736162E-04
  4.500000E+03  8.964839E-04
  5.000000E+03  7.753162E-04
  5.500000E+03  6.816766E-04
  6.000000E+03  6.073906E-04
  6.480740E+03  5.492437E-04
  7.000000E+03  4.973884E-04
  8.000000E+03  4.193440E-04
  9.000000E+03  3.616857E-04
  1.000000E+04  3.174900E-04
  1.100000E+04  2.826128E-04
  1.250000E+04  2.422968E-04
  1.400000E+04  2.118059E-04
  1.500000E+04  1.953214E-04
  1.750000E+04  1.633344E-04
  2.000000E+04  1.402119E-04
  2.200000E+04  1.258889E-04
  2.500000E+04  1.091063E-04
  2.738610E+04  9.860276E-05
  3.000000E+04  8.919991E-05
  3.500000E+04  7.539387E-05
  4.000000E+04  6.526685E-05
  4.500000E+04  5.752642E-05
  5.000000E+04  5.142054E-05
  5.500000E+04  4.648214E-05
  6.000000E+04  4.240662E-05
  7.000000E+04  3.607495E-05
  8.000000E+04  3.138551E-05
  9.000000E+04  2.777319E-05
  1.000000E+05  2.490563E-05
  1.100000E+05  2.257417E-05
  1.250000E+05  1.979404E-05
  1.400000E+05  1.762314E-05
  1.500000E+05  1.642224E-05
  1.750000E+05  1.403152E-05
  2.000000E+05  1.224818E-05
  2.200000E+05  1.111766E-05
  2.500000E+05  9.765521E-06
  3.000000E+05  8.119549E-06
  3.500000E+05  6.948349E-06
  4.000000E+05  6.072392E-06
  4.500000E+05  5.392553E-06
  5.000000E+05  4.849598E-06
  5.500000E+05  4.405975E-06
  6.000000E+05  4.036731E-06
  7.000000E+05  3.457223E-06
  8.000000E+05  3.023200E-06
  9.000000E+05  2.685999E-06
  1.000000E+06  2.416473E-06
EndElement
Element    Hf   72   178.490000
Range      1.000000E+00 1.000000E+06
Npoints    300
Data
  1.000000E+00  3.028291E+03
  1.048810E+00  2.768916E+03
  1.100000E+00  2.528550E+03
  1.172600E+00  2.234599E+03
  1.250000E+00  1.971112E+03
  1.322880E+00  1.760561E+03
  1.400000E+00  1.570571E+03
  1.500000E+00  1.364029E+03
  1.580350E+00  1.224388E+03
  1.665000E+00  1.097893E+03
  1.665000E+00  1.155219E+03
  1.665850E+00  1.165874E+03
  1.666690E+00  1.181499E+03
  1.667540E+00  1.202630E+03
  1.668390E+00  1.229804E+03
  1.669230E+00  1.263448E+03
  1.670080E+00  1.303858E+03
  1.670930E+00  1.351103E+03
  1.671780E+00  1.405026E+03
  1.672630E+00  1.465163E+03
  1.673480E+00  1.530779E+03
  1.675180E+00  1.674286E+03
  1.676030E+00  1.749694E+03
  1.676880E+00  1.825803E+03
  1.677730E+00  1.901382E+03
  1.678580E+00  1.975359E+03
  1.679440E+00  2.046863E+03
  1.680290E+00  2.115253E+03
  1.681140E+00  2.180113E+03
  1.682000E+00  2.241229E+03
  1.682850E+00  2.298566E+03
  1.683700E+00  2.352198E+03
  1.684560E+00  2.402311E+03
  1.685420E+00  2.449141E+03
  1.686270E+00  2.492972E+03
  1.687130E+00  2.534077E+03
  1.687990E+00  2.572735E+03
  1.688840E+00  2.609214E+03
  1.690560E+00  2.676528E+03
  1.692280E+00  2.737586E+03
  1.694000E+00  2.793509E+03
  1.695720E+00  2.845042E+03
  1.697440E+00  2.892618E+03
  1.699170E+00  2.936473E+03
  1.700890E+00  2.976676E+03
  1.702620E+00  3.013243E+03
  1.704350E+00  3.046156E+03
  1.706080E+00  3.075415E+03
  1.707820E+00  3.101050E+03
  1.709550E+00  3.123139E+03
  1.711290E+00  3.141827E+03
  1.713030E+00  3.157297E+03
  1.716510E+00  3.179561E+03
  1.720000E+00  3.192126E+03
  1.720000E+00  3.234837E+03
  1.720930E+00  3.244004E+03
  1.721860E+00  3.256426E+03
  1.722790E+00  3.272578E+03
  1.723720E+00  3.292929E+03
  1.724650E+00  3.317859E+03
  1.725590E+00  3.347604E+03
  1.726520E+00  3.382203E+03
  1.727450E+00  3.421442E+03
  1.734940E+00  3.809816E+03
  1.736810E+00  3.896459E+03
  1.738690E+00  3.972035E+03
  1.740570E+00  4.037186E+03
  1.742450E+00  4.093463E+03
  1.744340E+00  4.142655E+03
  1.746220E+00  4.186213E+03
  1.750000E+00  4.260777E+03
  1.753660E+00  4.320124E+03
  1.757320E+00  4.368169E+03
  1.760990E+00  4.404844E+03
  1.764670E+00  4.430115E+03
  1.768350E+00  4.444724E+03
  1.772050E+00  4.450088E+03
  1.775750E+00  4.447997E+03
  1.779460E+00  4.440405E+03
  1.786900E+00  4.415371E+03
  1.794370E+00  4.384735E+03
  1.809410E+00  4.320259E+03
  1.824570E+00  4.250250E+03
  1.839860E+00  4.171705E+03
  1.870830E+00  4.007158E+03
  2.000000E+00  3.401907E+03
  2.113000E+00  2.967894E+03
  2.113000E+00  3.401232E+03
  2.114330E+00  3.411962E+03
  2.115670E+00  3.416989E+03
  2.118340E+00  3.421712E+03
  2.123680E+00  3.420464E+03
  2.129050E+00  3.406125E+03
  2.134420E+00  3.383047E+03
  2.145210E+00  3.331898E+03
  2.156060E+00  3.287858E+03
  2.200000E+00  3.137708E+03
  2.369000E+00  2.634455E+03
  2.369000E+00  2.771555E+03
  2.370990E+00  2.777138E+03
  2.372990E+00  2.778302E+03
  2.376980E+00  2.775914E+03
  2.380980E+00  2.769517E+03
  2.384990E+00  2.760137E+03
  2.401090E+00  2.712885E+03
  2.433620E+00  2.629137E+03
  2.500000E+00  2.469810E+03
  2.604000E+00  2.245561E+03
  2.604000E+00  2.360636E+03
  2.605440E+00  2.354404E+03
  2.606880E+00  2.348851E+03
  2.609770E+00  2.339276E+03
  2.615550E+00  2.323921E+03
  2.627140E+00  2.300091E+03
  2.650490E+00  2.255865E+03
  2.697810E+00  2.164964E+03
  2.795000E+00  1.994179E+03
  3.000000E+00  1.688838E+03
  3.240370E+00  1.406328E+03
  3.500000E+00  1.168735E+03
  3.741660E+00  9.941138E+02
  4.000000E+00  8.445336E+02
  4.500000E+00  6.316078E+02
  5.000000E+00  4.857424E+02
  5.500000E+00  3.822873E+02
  6.000000E+00  3.067476E+02
  7.000000E+00  2.070008E+02
  8.000000E+00  1.467784E+02
  9.000000E+00  1.081431E+02
  9.564000E+00  9.229338E+01
  9.564000E+00  2.308455E+02
  9.570660E+00  2.469213E+02
  9.577330E+00  2.522423E+02
  9.584010E+00  2.513236E+02
  9.590680E+00  2.480981E+02
  9.597370E+00  2.452539E+02
  9.604050E+00  2.435824E+02
  9.610750E+00  2.428921E+02
  9.617440E+00  2.427221E+02
  9.630850E+00  2.424805E+02
  9.644280E+00  2.415813E+02
  9.671180E+00  2.395576E+02
  9.725230E+00  2.363021E+02
  9.779570E+00  2.334502E+02
  9.834220E+00  2.303009E+02
  9.889170E+00  2.269280E+02
  1.000000E+01  2.203390E+02
  1.074200E+01  1.819079E+02
  1.074200E+01  2.390303E+02
  1.075000E+01  2.504774E+02
  1.075790E+01  2.523415E+02
  1.076590E+01  2.507621E+02
  1.077390E+01  2.488859E+02
  1.078190E+01  2.477428E+02
  1.078990E+01  2.472131E+02
  1.080590E+01  2.466092E+02
  1.087020E+01  2.427990E+02
  1.100000E+01  2.356908E+02
  1.127500E+01  2.207959E+02
  1.127500E+01  2.596238E+02
  1.128410E+01  2.552923E+02
  1.129320E+01  2.541951E+02
  1.131140E+01  2.539246E+02
  1.132960E+01  2.530443E+02
  1.134790E+01  2.518654E+02
  1.142130E+01  2.478150E+02
  1.156950E+01  2.399079E+02
  1.187170E+01  2.247069E+02
  1.250000E+01  1.970744E+02
  1.400000E+01  1.471985E+02
  1.500000E+01  1.230397E+02
  1.750000E+01  8.213850E+01
  2.000000E+01  5.767037E+01
  2.200000E+01  4.471918E+01
  2.500000E+01  3.172132E+01
  3.000000E+01  1.935935E+01
  3.500000E+01  1.271026E+01
  4.000000E+01  8.809350E+00
  4.500000E+01  6.366046E+00
  5.000000E+01  4.755734E+00
  5.500000E+01  3.650094E+00
  6.000000E+01  2.865084E+00
  6.535000E+01  2.256267E+00
  6.535000E+01  1.262129E+01
  6.538510E+01  1.166114E+01
  6.542020E+01  1.166201E+01
  6.545540E+01  1.166019E+01
  6.549050E+01  1.164032E+01
  6.563140E+01  1.157402E+01
  6.591390E+01  1.145607E+01
  6.648270E+01  1.121372E+01
  6.763510E+01  1.073766E+01
  7.000000E+01  9.826998E+00
  7.483310E+01  8.261862E+00
  8.000000E+01  6.938806E+00
  9.000000E+01  5.085536E+00
  1.000000E+02  3.841261E+00
  1.100000E+02  2.974676E+00
  1.250000E+02  2.106403E+00
  1.400000E+02  1.548661E+00
  1.500000E+02  1.283574E+00
  1.620190E+02  1.039807E+00
  1.750000E+02  8.434236E-01
  2.000000E+02  5.865084E-01
  2.200000E+02  4.529747E-01
  2.345210E+02  3.811132E-01
  2.500000E+02  3.209954E-01
  2.738610E+02  2.513178E-01
  2.866330E+02  2.227264E-01
  3.000000E+02  1.976237E-01
  3.240370E+02  1.614399E-01
  3.500000E+02  1.321581E-01
  3.741660E+02  1.112947E-01
  4.000000E+02  9.394931E-02
  4.242640E+02  8.101600E-02
  4.500000E+02  6.998693E-02
  4.743420E+02  6.148022E-02
  5.000000E+02  5.409231E-02
  5.244040E+02  4.823212E-02
  5.500000E+02  4.306426E-02
  5.744560E+02  3.887282E-02
  6.000000E+02  3.512539E-02
  6.480740E+02  2.941520E-02
  6.735370E+02  2.696373E-02
  7.000000E+02  2.474344E-02
  7.483310E+02  2.135065E-02
  8.000000E+02  1.847190E-02
  8.485280E+02  1.628957E-02
  9.000000E+02  1.439713E-02
  9.486830E+02  1.291125E-02
  1.000000E+03  1.159781E-02
  1.048810E+03  1.053863E-02
  1.100000E+03  9.588426E-03
  1.172600E+03  8.461936E-03
  1.250000E+03  7.486126E-03
  1.322880E+03  6.726214E-03
  1.400000E+03  6.053788E-03
  1.500000E+03  5.336186E-03
  1.620190E+03  4.645709E-03
  1.750000E+03  4.058172E-03
  1.870830E+03  3.616355E-03
  2.000000E+03  3.229060E-03
  2.200000E+03  2.755859E-03
  2.345210E+03  2.482998E-03
  2.500000E+03  2.241006E-03
  2.738610E+03  1.940459E-03
  3.000000E+03  1.686540E-03
  3.240370E+03  1.500913E-03
  3.500000E+03  1.338485E-03
  3.741660E+03  1.213879E-03
  4.000000E+03  1.102599E-03
  4.242640E+03  1.014023E-03
  4.500000E+03  9.335853E-04
  5.000000E+03  8.072483E-04
  5.500000E+03  7.096369E-04
  6.000000E+03  6.322185E-04
  6.480740E+03  5.716361E-04
  7.000000E+03  5.176092E-04
  8.000000E+03  4.362670E-04
  9.000000E+03  3.761906E-04
  1.000000E+04  3.301496E-04
  1.100000E+04  2.938257E-04
  1.250000E+04  2.518479E-04
  1.400000E+04  2.201093E-04
  1.500000E+04  2.029538E-04
  1.750000E+04  1.696729E-04
  2.000000E+04  1.456232E-04
  2.200000E+04  1.307289E-04
  2.500000E+04  1.132816E-04
  2.738610E+04  1.023642E-04
  3.000000E+04  9.259299E-05
  3.500000E+04  7.824835E-05
  4.000000E+04  6.772909E-05
  4.500000E+04  5.969069E-05
  5.000000E+04  5.335038E-05
  5.500000E+04  4.822335E-05
  6.000000E+04  4.399209E-05
  7.000000E+04  3.742034E-05
  8.000000E+04  3.255347E-05
  9.000000E+04  2.880506E-05
  1.000000E+05  2.582968E-05
  1.100000E+05  2.341081E-05
  1.250000E+05  2.052666E-05
  1.400000E+05  1.827473E-05
  1.500000E+05  1.702907E-05
  1.750000E+05  1.454936E-05
  2.000000E+05  1.269980E-05
  2.200000E+05  1.152736E-05
  2.500000E+05  1.012515E-05
  3.000000E+05  8.418311E-06
  3.500000E+05  7.203862E-06
  4.000000E+05  6.295565E-06
  4.500000E+05  5.590681E-06
  5.000000E+05  5.027740E-06
  5.500000E+05  4.567771E-06
  6.000000E+05  4.184931E-06
  7.000000E+05  3.584100E-06
  8.000000E+05  3.134128E-06
  9.000000E+05  2.784537E-06
  1.000000E+06  2.505111E-06
EndElement
Element    Ta   73   180.948000
Range      1.000000E+00 1.000000E+06
Npoints    293
Data
  1.000000E+00  3.187560E+03
  1.048810E+00  2.914299E+03
  1.100000E+00  2.661626E+03
  1.172600E+00  2.352029E+03
  1.250000E+00  2.074415E+03
  1.322880E+00  1.852936E+03
  1.400000E+00  1.652771E+03
  1.500000E+00  1.435412E+03
  1.614160E+00  1.232880E+03
  1.737000E+00  1.056697E+03
  1.737000E+00  1.107720E+03
  1.738620E+00  1.122790E+03
  1.740240E+00  1.152590E+03
  1.741860E+00  1.200784E+03
  1.743490E+00  1.270162E+03
  1.745110E+00  1.361402E+03
  1.746740E+00  1.472034E+03
  1.748370E+00  1.596382E+03
  1.750000E+00  1.726711E+03
  1.751420E+00  1.838888E+03
  1.752840E+00  1.945644E+03
  1.754260E+00  2.044382E+03
  1.755680E+00  2.133978E+03
  1.757110E+00  2.214448E+03
  1.758530E+00  2.286512E+03
  1.759960E+00  2.351230E+03
  1.761390E+00  2.409755E+03
  1.762820E+00  2.463131E+03
  1.764250E+00  2.512257E+03
  1.765680E+00  2.557836E+03
  1.767110E+00  2.600395E+03
  1.768540E+00  2.640296E+03
  1.769980E+00  2.677791E+03
  1.772850E+00  2.746043E+03
  1.775730E+00  2.805580E+03
  1.778610E+00  2.856370E+03
  1.781500E+00  2.898387E+03
  1.784390E+00  2.931851E+03
  1.787280E+00  2.957318E+03
  1.790180E+00  2.975649E+03
  1.793090E+00  2.987893E+03
  1.796000E+00  2.995185E+03
  1.796000E+00  3.034111E+03
  1.797510E+00  3.044721E+03
  1.799020E+00  3.062293E+03
  1.800530E+00  3.088785E+03
  1.802050E+00  3.125887E+03
  1.803560E+00  3.174457E+03
  1.805080E+00  3.233984E+03
  1.806600E+00  3.302346E+03
  1.808120E+00  3.376097E+03
  1.809640E+00  3.451179E+03
  1.811160E+00  3.523965E+03
  1.812680E+00  3.591891E+03
  1.814210E+00  3.653561E+03
  1.815730E+00  3.708708E+03
  1.817260E+00  3.757631E+03
  1.818790E+00  3.801163E+03
  1.820320E+00  3.840135E+03
  1.823380E+00  3.907429E+03
  1.826450E+00  3.964306E+03
  1.829520E+00  4.013230E+03
  1.832600E+00  4.055064E+03
  1.835680E+00  4.090009E+03
  1.838770E+00  4.117899E+03
  1.841860E+00  4.138766E+03
  1.844960E+00  4.152943E+03
  1.848070E+00  4.161064E+03
  1.851170E+00  4.163893E+03
  1.857410E+00  4.157603E+03
  1.863660E+00  4.141395E+03
  1.869940E+00  4.120761E+03
  1.895260E+00  4.027374E+03
  1.908040E+00  3.973725E+03
  1.920920E+00  3.915117E+03
  1.946920E+00  3.792277E+03
  2.000000E+00  3.555049E+03
  2.096190E+00  3.167079E+03
  2.197000E+00  2.816589E+03
  2.197000E+00  3.178817E+03
  2.198500E+00  3.203145E+03
  2.200000E+00  3.217456E+03
  2.202000E+00  3.229411E+03
  2.204010E+00  3.236643E+03
  2.208030E+00  3.241375E+03
  2.212050E+00  3.236124E+03
  2.216090E+00  3.223973E+03
  2.232290E+00  3.156352E+03
  2.248610E+00  3.099199E+03
  2.265060E+00  3.047250E+03
  2.332040E+00  2.846332E+03
  2.472000E+00  2.477498E+03
  2.472000E+00  2.590914E+03
  2.473740E+00  2.600143E+03
  2.475480E+00  2.604702E+03
  2.478970E+00  2.607617E+03
  2.482460E+00  2.605797E+03
  2.485960E+00  2.600765E+03
  2.492970E+00  2.584867E+03
  2.500000E+00  2.566069E+03
  2.712000E+00  2.119947E+03
  2.712000E+00  2.230726E+03
  2.714140E+00  2.221654E+03
  2.716280E+00  2.214122E+03
  2.720570E+00  2.201901E+03
  2.729160E+00  2.183370E+03
  2.746430E+00  2.153408E+03
  2.781300E+00  2.091848E+03
  2.852370E+00  1.972821E+03
  3.000000E+00  1.752977E+03
  3.240370E+00  1.460752E+03
  3.500000E+00  1.214779E+03
  3.741660E+00  1.033796E+03
  4.000000E+00  8.786565E+02
  4.500000E+00  6.576304E+02
  5.000000E+00  5.060551E+02
  5.500000E+00  3.984774E+02
  6.000000E+00  3.198716E+02
  7.000000E+00  2.160147E+02
  8.000000E+00  1.532623E+02
  9.000000E+00  1.129785E+02
  9.884000E+00  8.851697E+01
  9.884000E+00  2.026826E+02
  9.891210E+00  2.315210E+02
  9.898430E+00  2.396013E+02
  9.905650E+00  2.392758E+02
  9.912870E+00  2.363225E+02
  9.920100E+00  2.337518E+02
  9.927340E+00  2.323194E+02
  9.934580E+00  2.317723E+02
  9.941830E+00  2.316458E+02
  9.956340E+00  2.311622E+02
  9.970870E+00  2.301891E+02
  1.000000E+01  2.282641E+02
  1.011990E+01  2.218662E+02
  1.024110E+01  2.151544E+02
  1.048810E+01  2.018985E+02
  1.100000E+01  1.776839E+02
  1.113900E+01  1.717729E+02
  1.113900E+01  2.186652E+02
  1.114730E+01  2.351680E+02
  1.115560E+01  2.382012E+02
  1.116400E+01  2.370297E+02
  1.117230E+01  2.353054E+02
  1.118060E+01  2.342361E+02
  1.118900E+01  2.337302E+02
  1.120570E+01  2.331375E+02
  1.127280E+01  2.294117E+02
  1.134030E+01  2.262193E+02
  1.140820E+01  2.226876E+02
  1.168400E+01  2.090357E+02
  1.168400E+01  2.465607E+02
  1.169020E+01  2.427943E+02
  1.169630E+01  2.412384E+02
  1.170250E+01  2.406427E+02
  1.170870E+01  2.404666E+02
  1.172100E+01  2.403488E+02
  1.173340E+01  2.399248E+02
  1.178300E+01  2.372424E+02
  1.188290E+01  2.322548E+02
  1.208510E+01  2.225498E+02
  1.250000E+01  2.042958E+02
  1.400000E+01  1.527940E+02
  1.500000E+01  1.277983E+02
  1.750000E+01  8.541850E+01
  2.000000E+01  6.003237E+01
  2.200000E+01  4.658216E+01
  2.500000E+01  3.307122E+01
  3.000000E+01  2.020599E+01
  3.500000E+01  1.327794E+01
  4.000000E+01  9.209501E+00
  4.500000E+01  6.659373E+00
  5.000000E+01  4.977581E+00
  5.500000E+01  3.822196E+00
  6.000000E+01  3.001495E+00
  6.741900E+01  2.168354E+00
  6.741900E+01  1.222087E+01
  6.745860E+01  1.111684E+01
  6.749820E+01  1.109344E+01
  6.753780E+01  1.110502E+01
  6.757750E+01  1.107657E+01
  6.765690E+01  1.105370E+01
  6.773630E+01  1.101300E+01
  6.805520E+01  1.088893E+01
  6.869740E+01  1.063689E+01
  7.000000E+01  1.014264E+01
  7.483310E+01  8.533263E+00
  8.000000E+01  7.171701E+00
  9.000000E+01  5.262501E+00
  1.000000E+02  3.978884E+00
  1.100000E+02  3.083896E+00
  1.250000E+02  2.186146E+00
  1.400000E+02  1.608770E+00
  1.500000E+02  1.334111E+00
  1.620190E+02  1.081388E+00
  1.750000E+02  8.776448E-01
  2.000000E+02  6.108838E-01
  2.200000E+02  4.721118E-01
  2.345210E+02  3.973825E-01
  2.500000E+02  3.348407E-01
  2.738610E+02  2.623150E-01
  2.866330E+02  2.325401E-01
  3.000000E+02  2.063891E-01
  3.240370E+02  1.686810E-01
  3.500000E+02  1.381503E-01
  3.741660E+02  1.163869E-01
  4.000000E+02  9.828462E-02
  4.242640E+02  8.478216E-02
  4.500000E+02  7.326326E-02
  4.743420E+02  6.437588E-02
  5.000000E+02  5.665468E-02
  5.244040E+02  5.052830E-02
  5.500000E+02  4.512412E-02
  5.744560E+02  4.073968E-02
  6.000000E+02  3.681883E-02
  6.480740E+02  3.084222E-02
  6.735370E+02  2.827545E-02
  7.000000E+02  2.595027E-02
  7.483310E+02  2.239622E-02
  8.000000E+02  1.937963E-02
  8.485280E+02  1.709212E-02
  9.000000E+02  1.510790E-02
  9.486830E+02  1.354962E-02
  1.000000E+03  1.217188E-02
  1.048810E+03  1.106063E-02
  1.100000E+03  1.006356E-02
  1.172600E+03  8.881317E-03
  1.250000E+03  7.857025E-03
  1.322880E+03  7.059245E-03
  1.400000E+03  6.353221E-03
  1.500000E+03  5.599704E-03
  1.620190E+03  4.874643E-03
  1.750000E+03  4.257612E-03
  1.870830E+03  3.793641E-03
  2.000000E+03  3.386913E-03
  2.200000E+03  2.890004E-03
  2.345210E+03  2.603491E-03
  2.500000E+03  2.349416E-03
  2.738610E+03  2.033905E-03
  3.000000E+03  1.767387E-03
  3.240370E+03  1.572590E-03
  3.500000E+03  1.402168E-03
  3.741660E+03  1.271450E-03
  4.000000E+03  1.154736E-03
  4.242640E+03  1.061849E-03
  4.500000E+03  9.775046E-04
  5.000000E+03  8.450693E-04
  5.500000E+03  7.427666E-04
  6.000000E+03  6.616474E-04
  6.480740E+03  5.981871E-04
  7.000000E+03  5.415926E-04
  8.000000E+03  4.563532E-04
  9.000000E+03  3.934120E-04
  1.000000E+04  3.451878E-04
  1.100000E+04  3.071495E-04
  1.250000E+04  2.632029E-04
  1.400000E+04  2.299851E-04
  1.500000E+04  2.120336E-04
  1.750000E+04  1.772180E-04
  2.000000E+04  1.520668E-04
  2.200000E+04  1.364946E-04
  2.500000E+04  1.182569E-04
  2.738610E+04  1.068475E-04
  3.000000E+04  9.663787E-05
  3.500000E+04  8.165274E-05
  4.000000E+04  7.066667E-05
  4.500000E+04  6.227285E-05
  5.000000E+04  5.565358E-05
  5.500000E+04  5.030132E-05
  6.000000E+04  4.588526E-05
  7.000000E+04  3.902670E-05
  8.000000E+04  3.394834E-05
  9.000000E+04  3.003752E-05
  1.000000E+05  2.693356E-05
  1.100000E+05  2.441032E-05
  1.250000E+05  2.140198E-05
  1.400000E+05  1.905330E-05
  1.500000E+05  1.775418E-05
  1.750000E+05  1.516824E-05
  2.000000E+05  1.323957E-05
  2.200000E+05  1.201706E-05
  2.500000E+05  1.055502E-05
  3.000000E+05  8.775416E-06
  3.500000E+05  7.509272E-06
  4.000000E+05  6.562392E-06
  4.500000E+05  5.827546E-06
  5.000000E+05  5.240668E-06
  5.500000E+05  4.761188E-06
  6.000000E+05  4.362115E-06
  7.000000E+05  3.735799E-06
  8.000000E+05  3.266759E-06
  9.000000E+05  2.902354E-06
  1.000000E+06  2.611089E-06
EndElement
Element    W    74   183.850000
Range      1.000000E+00 1.000000E+06
Npoints    305
Data
  1.000000E+00  3.341543E+03
  1.048810E+00  3.055215E+03
  1.100000E+00  2.790238E+03
  1.172600E+00  2.466343E+03
  1.250000E+00  2.175370E+03
  1.322880E+00  1.943089E+03
  1.400000E+00  1.733505E+03
  1.500000E+00  1.505496E+03
  1.620190E+00  1.283268E+03
  1.750000E+00  1.091188E+03
  1.811000E+00  1.014582E+03
  1.811000E+00  1.061073E+03
  1.811970E+00  1.065577E+03
  1.812940E+00  1.073504E+03
  1.813910E+00  1.085515E+03
  1.814870E+00  1.102332E+03
  1.815840E+00  1.124661E+03
  1.816820E+00  1.153143E+03
  1.817790E+00  1.188293E+03
  1.818760E+00  1.230371E+03
  1.819730E+00  1.279357E+03
  1.820700E+00  1.334839E+03
  1.821680E+00  1.396036E+03
  1.822650E+00  1.461813E+03
  1.824600E+00  1.601401E+03
  1.825570E+00  1.672190E+03
  1.826550E+00  1.741789E+03
  1.827520E+00  1.809092E+03
  1.828500E+00  1.873267E+03
  1.829480E+00  1.933793E+03
  1.830460E+00  1.990428E+03
  1.831430E+00  2.043139E+03
  1.832410E+00  2.092049E+03
  1.833390E+00  2.137410E+03
  1.834370E+00  2.179524E+03
  1.835350E+00  2.218722E+03
  1.836330E+00  2.255324E+03
  1.837320E+00  2.289642E+03
  1.838300E+00  2.321959E+03
  1.840260E+00  2.381518E+03
  1.842230E+00  2.435519E+03
  1.844200E+00  2.484964E+03
  1.846170E+00  2.530446E+03
  1.848150E+00  2.572258E+03
  1.850120E+00  2.610517E+03
  1.852100E+00  2.645238E+03
  1.854080E+00  2.676399E+03
  1.856060E+00  2.703995E+03
  1.858050E+00  2.728061E+03
  1.860030E+00  2.748687E+03
  1.862020E+00  2.766025E+03
  1.864010E+00  2.780283E+03
  1.866010E+00  2.791712E+03
  1.870000E+00  2.807228E+03
  1.874000E+00  2.814972E+03
  1.874000E+00  2.851075E+03
  1.874950E+00  2.854803E+03
  1.875910E+00  2.860368E+03
  1.877810E+00  2.878623E+03
  1.878770E+00  2.892197E+03
  1.879720E+00  2.909295E+03
  1.880680E+00  2.930252E+03
  1.881640E+00  2.955294E+03
  1.882590E+00  2.984453E+03
  1.883550E+00  3.017553E+03
  1.885470E+00  3.093762E+03
  1.889310E+00  3.264377E+03
  1.891230E+00  3.345703E+03
  1.893150E+00  3.418683E+03
  1.895080E+00  3.482196E+03
  1.897000E+00  3.536898E+03
  1.898930E+00  3.584197E+03
  1.900870E+00  3.625568E+03
  1.902800E+00  3.662320E+03
  1.904740E+00  3.695436E+03
  1.908610E+00  3.752955E+03
  1.912500E+00  3.800516E+03
  1.916390E+00  3.838513E+03
  1.920290E+00  3.866847E+03
  1.924200E+00  3.885812E+03
  1.928120E+00  3.896196E+03
  1.932040E+00  3.899340E+03
  1.935980E+00  3.896785E+03
  1.943860E+00  3.880735E+03
  1.951790E+00  3.857740E+03
  1.967730E+00  3.806543E+03
  1.983800E+00  3.751448E+03
  2.000000E+00  3.688295E+03
  2.048230E+00  3.486978E+03
  2.097620E+00  3.292671E+03
  2.200000E+00  2.927029E+03
  2.283000E+00  2.668721E+03
  2.283000E+00  2.979084E+03
  2.284620E+00  3.010749E+03
  2.286240E+00  3.030495E+03
  2.287860E+00  3.044003E+03
  2.289490E+00  3.053545E+03
  2.292740E+00  3.064384E+03
  2.295990E+00  3.066994E+03
  2.299250E+00  3.063466E+03
  2.302520E+00  3.055579E+03
  2.309060E+00  3.032768E+03
  2.322200E+00  2.983359E+03
  2.335420E+00  2.941409E+03
  2.362080E+00  2.865560E+03
  2.389040E+00  2.788312E+03
  2.500000E+00  2.503737E+03
  2.577000E+00  2.327534E+03
  2.577000E+00  2.423534E+03
  2.578840E+00  2.434753E+03
  2.580670E+00  2.440977E+03
  2.584350E+00  2.446201E+03
  2.588040E+00  2.445834E+03
  2.591730E+00  2.441818E+03
  2.599120E+00  2.427393E+03
  2.606540E+00  2.409780E+03
  2.621430E+00  2.375691E+03
  2.636410E+00  2.344632E+03
  2.697200E+00  2.223207E+03
  2.823000E+00  1.997408E+03
  2.823000E+00  2.103347E+03
  2.825680E+00  2.092547E+03
  2.828370E+00  2.083998E+03
  2.833750E+00  2.070624E+03
  2.844540E+00  2.050735E+03
  2.866250E+00  2.016983E+03
  2.910150E+00  1.946843E+03
  3.000000E+00  1.813724E+03
  3.240370E+00  1.512447E+03
  3.500000E+00  1.258560E+03
  3.741660E+00  1.071623E+03
  4.000000E+00  9.112447E+02
  4.500000E+00  6.825475E+02
  5.000000E+00  5.255591E+02
  5.500000E+00  4.140357E+02
  6.000000E+00  3.325067E+02
  7.000000E+00  2.247105E+02
  8.000000E+00  1.595276E+02
  9.000000E+00  1.176576E+02
  1.000000E+01  8.945950E+01
  1.020900E+01  8.475971E+01
  1.020900E+01  1.813072E+02
  1.021500E+01  2.126833E+02
  1.022090E+01  2.243951E+02
  1.022690E+01  2.279032E+02
  1.023280E+01  2.272265E+02
  1.024480E+01  2.232103E+02
  1.025070E+01  2.218454E+02
  1.025670E+01  2.210894E+02
  1.028070E+01  2.204257E+02
  1.029270E+01  2.197641E+02
  1.030470E+01  2.188692E+02
  1.040130E+01  2.137387E+02
  1.059710E+01  2.037626E+02
  1.100000E+01  1.843961E+02
  1.154600E+01  1.618660E+02
  1.154600E+01  2.013036E+02
  1.155450E+01  2.202813E+02
  1.156300E+01  2.243067E+02
  1.157150E+01  2.236080E+02
  1.158000E+01  2.221091E+02
  1.158860E+01  2.210766E+02
  1.159710E+01  2.205617E+02
  1.161420E+01  2.199803E+02
  1.168280E+01  2.164983E+02
  1.175180E+01  2.133705E+02
  1.182120E+01  2.100572E+02
  1.210300E+01  1.974718E+02
  1.210300E+01  2.335084E+02
  1.210910E+01  2.296864E+02
  1.211520E+01  2.280637E+02
  1.212130E+01  2.273906E+02
  1.212740E+01  2.271557E+02
  1.215190E+01  2.267325E+02
  1.220110E+01  2.243237E+02
  1.229990E+01  2.198679E+02
  1.250000E+01  2.110586E+02
  1.400000E+01  1.580746E+02
  1.500000E+01  1.323056E+02
  1.750000E+01  8.854397E+01
  2.000000E+01  6.229124E+01
  2.200000E+01  4.836809E+01
  2.500000E+01  3.436927E+01
  3.000000E+01  2.102331E+01
  3.500000E+01  1.382754E+01
  4.000000E+01  9.597854E+00
  4.500000E+01  6.944608E+00
  5.000000E+01  5.193618E+00
  5.500000E+01  3.990074E+00
  6.000000E+01  3.134690E+00
  6.952900E+01  2.080441E+00
  6.952900E+01  1.176687E+01
  6.958770E+01  1.059314E+01
  6.964650E+01  1.055295E+01
  6.976410E+01  1.051118E+01
  7.000000E+01  1.041236E+01
  7.117820E+01  9.992659E+00
  7.237620E+01  9.576891E+00
  7.483310E+01  8.786266E+00
  8.000000E+01  7.388448E+00
  9.000000E+01  5.428214E+00
  1.000000E+02  4.108289E+00
  1.100000E+02  3.186933E+00
  1.250000E+02  2.261691E+00
  1.400000E+02  1.665907E+00
  1.500000E+02  1.382246E+00
  1.620190E+02  1.121068E+00
  1.750000E+02  9.103669E-01
  2.000000E+02  6.342655E-01
  2.200000E+02  4.905039E-01
  2.345210E+02  4.130432E-01
  2.500000E+02  3.481836E-01
  2.738610E+02  2.729332E-01
  2.866330E+02  2.420239E-01
  3.000000E+02  2.148674E-01
  3.240370E+02  1.756949E-01
  3.500000E+02  1.439624E-01
  3.741660E+02  1.213311E-01
  4.000000E+02  1.024992E-01
  4.242640E+02  8.844702E-02
  4.500000E+02  7.645449E-02
  4.743420E+02  6.719805E-02
  5.000000E+02  5.915390E-02
  5.244040E+02  5.276915E-02
  5.500000E+02  4.713550E-02
  5.744560E+02  4.256345E-02
  6.000000E+02  3.847390E-02
  6.480740E+02  3.223829E-02
  6.735370E+02  2.955926E-02
  7.000000E+02  2.713180E-02
  7.483310E+02  2.342041E-02
  8.000000E+02  2.026921E-02
  8.485280E+02  1.787890E-02
  9.000000E+02  1.580490E-02
  9.486830E+02  1.417573E-02
  1.000000E+03  1.273500E-02
  1.048810E+03  1.157273E-02
  1.100000E+03  1.052972E-02
  1.172600E+03  9.292800E-03
  1.250000E+03  8.220902E-03
  1.322880E+03  7.385958E-03
  1.400000E+03  6.646989E-03
  1.500000E+03  5.858198E-03
  1.620190E+03  5.099150E-03
  1.750000E+03  4.453142E-03
  1.870830E+03  3.967407E-03
  2.000000E+03  3.541615E-03
  2.200000E+03  3.021392E-03
  2.345210E+03  2.721467E-03
  2.500000E+03  2.455530E-03
  2.738610E+03  2.125323E-03
  3.000000E+03  1.846447E-03
  3.240370E+03  1.642654E-03
  3.500000E+03  1.464394E-03
  3.741660E+03  1.327688E-03
  4.000000E+03  1.205650E-03
  4.242640E+03  1.108539E-03
  4.500000E+03  1.020377E-03
  5.000000E+03  8.819676E-04
  5.500000E+03  7.750792E-04
  6.000000E+03  6.903434E-04
  6.480740E+03  6.240720E-04
  7.000000E+03  5.649708E-04
  8.000000E+03  4.759145E-04
  9.000000E+03  4.101705E-04
  1.000000E+04  3.598151E-04
  1.100000E+04  3.201034E-04
  1.250000E+04  2.742349E-04
  1.400000E+04  2.395741E-04
  1.500000E+04  2.208467E-04
  1.750000E+04  1.845356E-04
  2.000000E+04  1.583127E-04
  2.200000E+04  1.420809E-04
  2.500000E+04  1.230751E-04
  2.738610E+04  1.111877E-04
  3.000000E+04  1.005522E-04
  3.500000E+04  8.494576E-05
  4.000000E+04  7.350648E-05
  4.500000E+04  6.476856E-05
  5.000000E+04  5.787872E-05
  5.500000E+04  5.230861E-05
  6.000000E+04  4.771331E-05
  7.000000E+04  4.057780E-05
  8.000000E+04  3.529463E-05
  9.000000E+04  3.122695E-05
  1.000000E+05  2.799871E-05
  1.100000E+05  2.537468E-05
  1.250000E+05  2.224641E-05
  1.400000E+05  1.980428E-05
  1.500000E+05  1.845356E-05
  1.750000E+05  1.576504E-05
  2.000000E+05  1.376003E-05
  2.200000E+05  1.248920E-05
  2.500000E+05  1.096943E-05
  3.000000E+05  9.119686E-06
  3.500000E+05  7.803692E-06
  4.000000E+05  6.819546E-06
  4.500000E+05  6.055814E-06
  5.000000E+05  5.445935E-06
  5.500000E+05  4.947622E-06
  6.000000E+05  4.532869E-06
  7.000000E+05  3.881980E-06
  8.000000E+05  3.394574E-06
  9.000000E+05  3.015889E-06
  1.000000E+06  2.713216E-06
EndElement
Element    Re   75   186.207000
Range      1.000000E+00 1.000000E+06
Npoints    306
Data
  1.000000E+00  3.509172E+03
  1.048810E+00  3.209464E+03
  1.100000E+00  2.931421E+03
  1.172600E+00  2.591176E+03
  1.250000E+00  2.286144E+03
  1.322880E+00  2.042202E+03
  1.400000E+00  1.821891E+03
  1.500000E+00  1.582609E+03
  1.620190E+00  1.348974E+03
  1.750000E+00  1.147330E+03
  1.887000E+00  9.770896E+02
  1.887000E+00  1.020262E+03
  1.888010E+00  1.023189E+03
  1.889030E+00  1.028955E+03
  1.890040E+00  1.038188E+03
  1.891060E+00  1.051581E+03
  1.892070E+00  1.069873E+03
  1.893090E+00  1.093776E+03
  1.894110E+00  1.123925E+03
  1.895130E+00  1.160777E+03
  1.896140E+00  1.204515E+03
  1.897160E+00  1.254984E+03
  1.898180E+00  1.311610E+03
  1.899200E+00  1.373427E+03
  1.901240E+00  1.507225E+03
  1.902270E+00  1.576105E+03
  1.903290E+00  1.644283E+03
  1.904310E+00  1.710502E+03
  1.905330E+00  1.773790E+03
  1.906360E+00  1.833492E+03
  1.907380E+00  1.889261E+03
  1.908410E+00  1.941013E+03
  1.909430E+00  1.988849E+03
  1.910460E+00  2.033004E+03
  1.911480E+00  2.073789E+03
  1.912510E+00  2.111554E+03
  1.913540E+00  2.146644E+03
  1.914570E+00  2.179393E+03
  1.915600E+00  2.210091E+03
  1.917660E+00  2.266352E+03
  1.919720E+00  2.317043E+03
  1.921780E+00  2.363236E+03
  1.923850E+00  2.405554E+03
  1.925910E+00  2.444322E+03
  1.927980E+00  2.479664E+03
  1.930060E+00  2.511617E+03
  1.932130E+00  2.540168E+03
  1.934210E+00  2.565329E+03
  1.936290E+00  2.587143E+03
  1.938370E+00  2.605710E+03
  1.940450E+00  2.621189E+03
  1.942540E+00  2.633785E+03
  1.944630E+00  2.643747E+03
  1.948810E+00  2.656893E+03
  1.953000E+00  2.662928E+03
  1.953000E+00  2.696912E+03
  1.954450E+00  2.700994E+03
  1.955900E+00  2.708687E+03
  1.957360E+00  2.721233E+03
  1.958810E+00  2.740000E+03
  1.960270E+00  2.766300E+03
  1.961730E+00  2.801057E+03
  1.963190E+00  2.844478E+03
  1.964650E+00  2.895739E+03
  1.970490E+00  3.133682E+03
  1.971960E+00  3.188778E+03
  1.973430E+00  3.238962E+03
  1.974890E+00  3.283948E+03
  1.976360E+00  3.324019E+03
  1.977830E+00  3.359691E+03
  1.979300E+00  3.391612E+03
  1.982240E+00  3.446527E+03
  1.985190E+00  3.492743E+03
  1.988150E+00  3.532587E+03
  1.991100E+00  3.567127E+03
  1.994060E+00  3.596816E+03
  1.997030E+00  3.621654E+03
  2.000000E+00  3.641609E+03
  2.002980E+00  3.656841E+03
  2.005970E+00  3.667482E+03
  2.008960E+00  3.673918E+03
  2.011950E+00  3.676634E+03
  2.017950E+00  3.673335E+03
  2.023970E+00  3.662145E+03
  2.048230E+00  3.593615E+03
  2.060460E+00  3.556649E+03
  2.072780E+00  3.516352E+03
  2.097620E+00  3.425538E+03
  2.200000E+00  3.055523E+03
  2.283900E+00  2.786112E+03
  2.371000E+00  2.536141E+03
  2.371000E+00  2.804773E+03
  2.372960E+00  2.844827E+03
  2.374930E+00  2.869675E+03
  2.376900E+00  2.886428E+03
  2.378860E+00  2.897893E+03
  2.380830E+00  2.905386E+03
  2.382810E+00  2.909675E+03
  2.386750E+00  2.910709E+03
  2.390710E+00  2.904468E+03
  2.394670E+00  2.893759E+03
  2.402610E+00  2.867004E+03
  2.418580E+00  2.815604E+03
  2.434650E+00  2.772335E+03
  2.500000E+00  2.603585E+03
  2.686000E+00  2.192960E+03
  2.686000E+00  2.275039E+03
  2.687880E+00  2.287105E+03
  2.689750E+00  2.294385E+03
  2.693510E+00  2.301464E+03
  2.697270E+00  2.302580E+03
  2.701040E+00  2.299831E+03
  2.708590E+00  2.287548E+03
  2.716160E+00  2.271623E+03
  2.746660E+00  2.211090E+03
  2.808700E+00  2.098094E+03
  2.937000E+00  1.888249E+03
  2.937000E+00  1.989745E+03
  2.938950E+00  1.981837E+03
  2.940900E+00  1.975327E+03
  2.944800E+00  1.964823E+03
  2.952620E+00  1.949160E+03
  2.968330E+00  1.925480E+03
  3.000000E+00  1.880002E+03
  3.240370E+00  1.568793E+03
  3.500000E+00  1.306393E+03
  3.741660E+00  1.112955E+03
  4.000000E+00  9.468991E+02
  4.500000E+00  7.098323E+02
  5.000000E+00  5.469334E+02
  5.500000E+00  4.310973E+02
  6.000000E+00  3.463636E+02
  7.000000E+00  2.342538E+02
  8.000000E+00  1.664053E+02
  9.000000E+00  1.227950E+02
  1.000000E+01  9.340888E+01
  1.054000E+01  8.144041E+01
  1.054000E+01  1.639128E+02
  1.054700E+01  2.017163E+02
  1.055410E+01  2.144325E+02
  1.056110E+01  2.172242E+02
  1.056820E+01  2.159170E+02
  1.057520E+01  2.138148E+02
  1.058230E+01  2.122104E+02
  1.058940E+01  2.113246E+02
  1.059640E+01  2.109653E+02
  1.062480E+01  2.101978E+02
  1.065320E+01  2.082017E+02
  1.068160E+01  2.067784E+02
  1.071020E+01  2.056694E+02
  1.076750E+01  2.027267E+02
  1.088320E+01  1.969722E+02
  1.100000E+01  1.917996E+02
  1.196300E+01  1.531284E+02
  1.196300E+01  1.866318E+02
  1.197120E+01  2.065365E+02
  1.197940E+01  2.117469E+02
  1.198760E+01  2.118556E+02
  1.199590E+01  2.106567E+02
  1.200410E+01  2.096208E+02
  1.201230E+01  2.090225E+02
  1.202880E+01  2.085051E+02
  1.204540E+01  2.079087E+02
  1.206190E+01  2.070413E+02
  1.209500E+01  2.053699E+02
  1.222860E+01  1.997849E+02
  1.250000E+01  1.885202E+02
  1.253200E+01  1.872450E+02
  1.253200E+01  2.219240E+02
  1.254280E+01  2.166563E+02
  1.255370E+01  2.154726E+02
  1.257550E+01  2.151460E+02
  1.259720E+01  2.143329E+02
  1.261910E+01  2.132783E+02
  1.270670E+01  2.096241E+02
  1.288390E+01  2.024198E+02
  1.324570E+01  1.886919E+02
  1.400000E+01  1.638779E+02
  1.500000E+01  1.372654E+02
  1.750000E+01  9.198588E+01
  2.000000E+01  6.477860E+01
  2.200000E+01  5.033473E+01
  2.500000E+01  3.579837E+01
  3.000000E+01  2.192339E+01
  3.500000E+01  1.443283E+01
  4.000000E+01  1.002558E+01
  4.500000E+01  7.258735E+00
  5.000000E+01  5.431592E+00
  5.500000E+01  4.174946E+00
  6.000000E+01  3.281426E+00
  7.000000E+01  2.139060E+00
  7.168100E+01  2.002633E+00
  7.168100E+01  1.135645E+01
  7.174250E+01  1.010145E+01
  7.180410E+01  1.006378E+01
  7.186570E+01  1.003545E+01
  7.192740E+01  1.002568E+01
  7.217460E+01  9.935027E+00
  7.267160E+01  9.766206E+00
  7.367590E+01  9.434160E+00
  7.572630E+01  8.793483E+00
  8.000000E+01  7.628783E+00
  9.000000E+01  5.611506E+00
  1.000000E+02  4.251336E+00
  1.100000E+02  3.300766E+00
  1.250000E+02  2.345089E+00
  1.400000E+02  1.728956E+00
  1.500000E+02  1.435344E+00
  1.620190E+02  1.164833E+00
  1.750000E+02  9.464432E-01
  2.000000E+02  6.600367E-01
  2.200000E+02  5.107728E-01
  2.345210E+02  4.302985E-01
  2.500000E+02  3.628866E-01
  2.738610E+02  2.846309E-01
  2.866330E+02  2.524712E-01
  3.000000E+02  2.242064E-01
  3.240370E+02  1.834200E-01
  3.500000E+02  1.503635E-01
  3.741660E+02  1.267771E-01
  4.000000E+02  1.071412E-01
  4.242640E+02  9.248296E-02
  4.500000E+02  7.996889E-02
  4.743420E+02  7.030634E-02
  5.000000E+02  6.190670E-02
  5.244040E+02  5.523732E-02
  5.500000E+02  4.935091E-02
  6.000000E+02  4.029734E-02
  6.480740E+02  3.377608E-02
  6.735370E+02  3.097340E-02
  7.000000E+02  2.843333E-02
  7.483310E+02  2.454871E-02
  8.000000E+02  2.124927E-02
  8.485280E+02  1.874568E-02
  9.000000E+02  1.657285E-02
  9.486830E+02  1.486559E-02
  1.000000E+03  1.335545E-02
  1.048810E+03  1.213700E-02
  1.100000E+03  1.104339E-02
  1.172600E+03  9.746220E-03
  1.250000E+03  8.621913E-03
  1.322880E+03  7.746019E-03
  1.400000E+03  6.970738E-03
  1.500000E+03  6.143096E-03
  1.620190E+03  5.346600E-03
  1.750000E+03  4.668698E-03
  1.870830E+03  4.158969E-03
  2.000000E+03  3.712145E-03
  2.200000E+03  3.166237E-03
  2.345210E+03  2.851532E-03
  2.500000E+03  2.572518E-03
  2.738610E+03  2.226119E-03
  3.000000E+03  1.933623E-03
  3.240370E+03  1.719913E-03
  3.500000E+03  1.533014E-03
  3.741660E+03  1.389714E-03
  4.000000E+03  1.261804E-03
  4.242640E+03  1.160040E-03
  4.500000E+03  1.067664E-03
  5.000000E+03  9.226757E-04
  5.500000E+03  8.107334E-04
  6.000000E+03  7.220088E-04
  6.480740E+03  6.525175E-04
  7.000000E+03  5.907718E-04
  8.000000E+03  4.987937E-04
  9.000000E+03  4.297842E-04
  1.000000E+04  3.769356E-04
  1.100000E+04  3.352706E-04
  1.250000E+04  2.871570E-04
  1.400000E+04  2.508095E-04
  1.500000E+04  2.311752E-04
  1.750000E+04  1.931149E-04
  2.000000E+04  1.656376E-04
  2.200000E+04  1.486339E-04
  2.500000E+04  1.287286E-04
  2.738610E+04  1.162815E-04
  3.000000E+04  1.051471E-04
  3.500000E+04  8.881192E-05
  4.000000E+04  7.684182E-05
  4.500000E+04  6.769996E-05
  5.000000E+04  6.049307E-05
  5.500000E+04  5.466747E-05
  6.000000E+04  4.986158E-05
  7.000000E+04  4.240049E-05
  8.000000E+04  3.687727E-05
  9.000000E+04  3.262506E-05
  1.000000E+05  2.925095E-05
  1.100000E+05  2.650845E-05
  1.250000E+05  2.323925E-05
  1.400000E+05  2.068731E-05
  1.500000E+05  1.927595E-05
  1.750000E+05  1.646690E-05
  2.000000E+05  1.437213E-05
  2.200000E+05  1.304449E-05
  2.500000E+05  1.145684E-05
  3.000000E+05  9.524618E-06
  3.500000E+05  8.149992E-06
  4.000000E+05  7.122062E-06
  4.500000E+05  6.324368E-06
  5.000000E+05  5.687345E-06
  5.500000E+05  5.166912E-06
  6.000000E+05  4.733736E-06
  7.000000E+05  4.053990E-06
  8.000000E+05  3.544941E-06
  9.000000E+05  3.149455E-06
  1.000000E+06  2.833362E-06
EndElement
Element    Os   76   190.200000
Range      1.000000E+00 1.000000E+06
Npoints    294
Data
  1.000000E+00  3.647005E+03
  1.100000E+00  3.048454E+03
  1.172600E+00  2.695218E+03
  1.250000E+00  2.378128E+03
  1.322880E+00  2.125072E+03
  1.400000E+00  1.896167E+03
  1.500000E+00  1.647277E+03
  1.620190E+00  1.404508E+03
  1.750000E+00  1.194679E+03
  1.853910E+00  1.056917E+03
  1.964000E+00  9.338656E+02
  1.964000E+00  9.738770E+02
  1.965120E+00  9.758718E+02
  1.966230E+00  9.805134E+02
  1.967350E+00  9.884638E+02
  1.968460E+00  1.000495E+03
  1.969580E+00  1.017444E+03
  1.970700E+00  1.040159E+03
  1.971820E+00  1.069433E+03
  1.972940E+00  1.105867E+03
  1.974060E+00  1.149760E+03
  1.975180E+00  1.200993E+03
  1.976300E+00  1.258947E+03
  1.977420E+00  1.322484E+03
  1.979670E+00  1.459831E+03
  1.980790E+00  1.529963E+03
  1.981920E+00  1.598749E+03
  1.983040E+00  1.664805E+03
  1.984170E+00  1.727145E+03
  1.985300E+00  1.785185E+03
  1.986420E+00  1.838716E+03
  1.987550E+00  1.887795E+03
  1.988680E+00  1.932677E+03
  1.989810E+00  1.973727E+03
  1.990940E+00  2.011367E+03
  1.992070E+00  2.046014E+03
  1.993200E+00  2.078066E+03
  1.995460E+00  2.135777E+03
  1.997730E+00  2.186746E+03
  2.000000E+00  2.232482E+03
  2.002170E+00  2.272114E+03
  2.004340E+00  2.308215E+03
  2.006520E+00  2.340973E+03
  2.008690E+00  2.370466E+03
  2.010870E+00  2.396714E+03
  2.013050E+00  2.419729E+03
  2.015240E+00  2.439572E+03
  2.017420E+00  2.456343E+03
  2.021800E+00  2.481340E+03
  2.026190E+00  2.496472E+03
  2.030590E+00  2.503897E+03
  2.035000E+00  2.505777E+03
  2.035000E+00  2.537686E+03
  2.036240E+00  2.539035E+03
  2.037480E+00  2.542372E+03
  2.038720E+00  2.548265E+03
  2.039960E+00  2.557396E+03
  2.041210E+00  2.570520E+03
  2.042450E+00  2.588384E+03
  2.043690E+00  2.611618E+03
  2.044940E+00  2.640592E+03
  2.046190E+00  2.675303E+03
  2.047430E+00  2.715267E+03
  2.049930E+00  2.806606E+03
  2.052430E+00  2.903071E+03
  2.054930E+00  2.993213E+03
  2.056180E+00  3.033677E+03
  2.057430E+00  3.070627E+03
  2.059940E+00  3.134306E+03
  2.062450E+00  3.186320E+03
  2.064970E+00  3.229476E+03
  2.067480E+00  3.266172E+03
  2.070000E+00  3.298088E+03
  2.075050E+00  3.350932E+03
  2.080110E+00  3.391143E+03
  2.085190E+00  3.419164E+03
  2.090270E+00  3.435533E+03
  2.095370E+00  3.441612E+03
  2.100480E+00  3.439649E+03
  2.105610E+00  3.432019E+03
  2.115890E+00  3.407955E+03
  2.136610E+00  3.351533E+03
  2.157540E+00  3.291882E+03
  2.178660E+00  3.223397E+03
  2.200000E+00  3.150267E+03
  2.262530E+00  2.946381E+03
  2.326840E+00  2.750022E+03
  2.461000E+00  2.391680E+03
  2.461000E+00  2.625286E+03
  2.463420E+00  2.672868E+03
  2.465840E+00  2.701589E+03
  2.468270E+00  2.720282E+03
  2.470690E+00  2.732310E+03
  2.473120E+00  2.739317E+03
  2.475550E+00  2.742360E+03
  2.480420E+00  2.739659E+03
  2.485300E+00  2.729417E+03
  2.490190E+00  2.715488E+03
  2.500000E+00  2.685337E+03
  2.797000E+00  2.050586E+03
  2.797000E+00  2.121006E+03
  2.798530E+00  2.131110E+03
  2.800060E+00  2.138120E+03
  2.803130E+00  2.146611E+03
  2.806200E+00  2.150443E+03
  2.809280E+00  2.151123E+03
  2.815430E+00  2.146244E+03
  2.821600E+00  2.136590E+03
  2.846420E+00  2.090661E+03
  2.896720E+00  2.006918E+03
  3.000000E+00  1.847262E+03
  3.054000E+00  1.770636E+03
  3.054000E+00  1.866829E+03
  3.055630E+00  1.860462E+03
  3.057250E+00  1.855073E+03
  3.060510E+00  1.846245E+03
  3.067040E+00  1.832931E+03
  3.080130E+00  1.813462E+03
  3.106480E+00  1.779612E+03
  3.159870E+00  1.709886E+03
  3.269400E+00  1.578583E+03
  3.500000E+00  1.343279E+03
  3.741660E+00  1.145024E+03
  4.000000E+00  9.746781E+02
  4.500000E+00  7.312753E+02
  5.000000E+00  5.638174E+02
  5.500000E+00  4.446569E+02
  6.000000E+00  3.574213E+02
  7.000000E+00  2.419137E+02
  8.000000E+00  1.719540E+02
  9.000000E+00  1.269567E+02
  1.000000E+01  9.661958E+01
  1.087600E+01  7.763907E+01
  1.087600E+01  1.484581E+02
  1.088370E+01  1.892181E+02
  1.089140E+01  2.025773E+02
  1.089910E+01  2.053344E+02
  1.090690E+01  2.040695E+02
  1.091460E+01  2.021767E+02
  1.092230E+01  2.008327E+02
  1.093010E+01  2.001583E+02
  1.093780E+01  1.999164E+02
  1.095330E+01  1.995994E+02
  1.096890E+01  1.990058E+02
  1.100000E+01  1.969886E+02
  1.116480E+01  1.898709E+02
  1.133220E+01  1.825263E+02
  1.167430E+01  1.685443E+02
  1.239000E+01  1.436072E+02
  1.239000E+01  1.721810E+02
  1.239680E+01  1.903190E+02
  1.240370E+01  1.969981E+02
  1.241060E+01  1.988187E+02
  1.241740E+01  1.985454E+02
  1.243110E+01  1.969291E+02
  1.244490E+01  1.960907E+02
  1.247240E+01  1.953339E+02
  1.250000E+01  1.940298E+02
  1.297200E+01  1.761330E+02
  1.297200E+01  2.091484E+02
  1.297970E+01  2.047781E+02
  1.298750E+01  2.032061E+02
  1.299520E+01  2.026441E+02
  1.300300E+01  2.024763E+02
  1.301850E+01  2.022993E+02
  1.303400E+01  2.018215E+02
  1.309630E+01  1.993158E+02
  1.322170E+01  1.945566E+02
  1.347620E+01  1.853189E+02
  1.400000E+01  1.682751E+02
  1.500000E+01  1.410590E+02
  1.750000E+01  9.466349E+01
  2.000000E+01  6.673400E+01
  2.200000E+01  5.189078E+01
  2.500000E+01  3.693865E+01
  3.000000E+01  2.264901E+01
  3.500000E+01  1.492456E+01
  4.000000E+01  1.037515E+01
  4.500000E+01  7.516753E+00
  5.000000E+01  5.627820E+00
  5.500000E+01  4.327963E+00
  6.000000E+01  3.403206E+00
  7.000000E+01  2.220201E+00
  7.387600E+01  1.911621E+00
  7.387600E+01  1.084644E+01
  7.392200E+01  9.517927E+00
  7.396800E+01  9.508840E+00
  7.401400E+01  9.521315E+00
  7.406010E+01  9.499722E+00
  7.415230E+01  9.478159E+00
  7.424460E+01  9.441051E+00
  7.442960E+01  9.377474E+00
  7.461510E+01  9.326435E+00
  7.536160E+01  9.095333E+00
  7.687700E+01  8.647155E+00
  8.000000E+01  7.803928E+00
  9.000000E+01  5.746743E+00
  1.000000E+02  4.358231E+00
  1.100000E+02  3.386742E+00
  1.250000E+02  2.408863E+00
  1.400000E+02  1.777649E+00
  1.500000E+02  1.476580E+00
  1.750000E+02  9.747826E-01
  2.000000E+02  6.804576E-01
  2.200000E+02  5.269278E-01
  2.500000E+02  3.746899E-01
  2.738610E+02  2.940692E-01
  3.000000E+02  2.317764E-01
  3.240370E+02  1.897054E-01
  3.500000E+02  1.555906E-01
  3.741660E+02  1.312374E-01
  4.000000E+02  1.109540E-01
  4.242640E+02  9.580587E-02
  4.500000E+02  8.286871E-02
  4.743420E+02  7.287614E-02
  5.000000E+02  6.418646E-02
  5.244040E+02  5.728506E-02
  5.500000E+02  5.119168E-02
  6.000000E+02  4.181588E-02
  6.480740E+02  3.505950E-02
  7.000000E+02  2.952141E-02
  7.483310E+02  2.549319E-02
  8.000000E+02  2.207058E-02
  8.485280E+02  1.947273E-02
  9.000000E+02  1.721737E-02
  9.486830E+02  1.544486E-02
  1.000000E+03  1.387670E-02
  1.048810E+03  1.261113E-02
  1.100000E+03  1.147506E-02
  1.172600E+03  1.012726E-02
  1.250000E+03  8.958932E-03
  1.322880E+03  8.048582E-03
  1.400000E+03  7.242685E-03
  1.500000E+03  6.382329E-03
  1.620190E+03  5.554269E-03
  1.750000E+03  4.849438E-03
  1.870830E+03  4.319477E-03
  2.000000E+03  3.854962E-03
  2.200000E+03  3.287386E-03
  2.345210E+03  2.960231E-03
  2.500000E+03  2.670202E-03
  2.738610E+03  2.310178E-03
  3.000000E+03  2.006231E-03
  3.240370E+03  1.784194E-03
  3.500000E+03  1.590051E-03
  3.741660E+03  1.441220E-03
  4.000000E+03  1.308400E-03
  4.500000E+03  1.106852E-03
  5.000000E+03  9.563710E-04
  5.500000E+03  8.402185E-04
  6.000000E+03  7.481734E-04
  6.480740E+03  6.760945E-04
  7.000000E+03  6.120642E-04
  8.000000E+03  5.166978E-04
  9.000000E+03  4.450970E-04
  1.000000E+04  3.902803E-04
  1.100000E+04  3.470741E-04
  1.250000E+04  2.971907E-04
  1.400000E+04  2.595179E-04
  1.500000E+04  2.391718E-04
  1.750000E+04  1.997419E-04
  2.000000E+04  1.712849E-04
  2.200000E+04  1.536792E-04
  2.500000E+04  1.330744E-04
  3.000000E+04  1.086715E-04
  3.500000E+04  9.177274E-05
  4.000000E+04  7.939284E-05
  4.500000E+04  6.993979E-05
  5.000000E+04  6.248873E-05
  5.500000E+04  5.646660E-05
  6.000000E+04  5.149943E-05
  7.000000E+04  4.378875E-05
  8.000000E+04  3.808197E-05
  9.000000E+04  3.368853E-05
  1.000000E+05  3.020294E-05
  1.100000E+05  2.737006E-05
  1.250000E+05  2.399339E-05
  1.400000E+05  2.135777E-05
  1.500000E+05  1.990023E-05
  1.750000E+05  1.699944E-05
  2.000000E+05  1.483641E-05
  2.200000E+05  1.346560E-05
  2.500000E+05  1.182638E-05
  3.000000E+05  9.831509E-06
  3.500000E+05  8.412380E-06
  4.000000E+05  7.351254E-06
  4.500000E+05  6.527785E-06
  5.000000E+05  5.870226E-06
  5.500000E+05  5.333014E-06
  6.000000E+05  4.885850E-06
  7.000000E+05  4.184216E-06
  8.000000E+05  3.658783E-06
  9.000000E+05  3.250563E-06
  1.000000E+06  2.924316E-06
EndElement
Element    Ir   77   192.220000
Range      1.000000E+00 1.000000E+06
Npoints    285
Data
  1.000000E+00  3.834000E+03
  1.100000E+00  3.205344E+03
  1.172600E+00  2.835206E+03
  1.250000E+00  2.502064E+03
  1.400000E+00  1.995628E+03
  1.500000E+00  1.733892E+03
  1.620190E+00  1.478592E+03
  1.750000E+00  1.257870E+03
  1.870830E+00  1.091570E+03
  2.000000E+00  9.457255E+02
  2.044000E+00  9.021995E+02
  2.044000E+00  9.398262E+02
  2.045150E+00  9.410104E+02
  2.046300E+00  9.443846E+02
  2.047460E+00  9.505283E+02
  2.048610E+00  9.601339E+02
  2.049760E+00  9.739690E+02
  2.050920E+00  9.928700E+02
  2.052070E+00  1.017655E+03
  2.053230E+00  1.049015E+03
  2.054380E+00  1.087479E+03
  2.055540E+00  1.133188E+03
  2.056700E+00  1.185859E+03
  2.057860E+00  1.244683E+03
  2.060180E+00  1.375283E+03
  2.061340E+00  1.443562E+03
  2.062500E+00  1.511419E+03
  2.063660E+00  1.577258E+03
  2.064820E+00  1.639866E+03
  2.065980E+00  1.698430E+03
  2.067150E+00  1.752530E+03
  2.068310E+00  1.802084E+03
  2.069480E+00  1.847261E+03
  2.070640E+00  1.888362E+03
  2.071810E+00  1.925807E+03
  2.072980E+00  1.960009E+03
  2.074140E+00  1.991407E+03
  2.076480E+00  2.047252E+03
  2.078820E+00  2.095847E+03
  2.081160E+00  2.138925E+03
  2.083510E+00  2.177561E+03
  2.085850E+00  2.212358E+03
  2.088200E+00  2.243625E+03
  2.090560E+00  2.271492E+03
  2.092910E+00  2.296017E+03
  2.095270E+00  2.317249E+03
  2.097630E+00  2.335267E+03
  2.100000E+00  2.350195E+03
  2.104730E+00  2.371581E+03
  2.109480E+00  2.383357E+03
  2.114230E+00  2.387841E+03
  2.119000E+00  2.387292E+03
  2.119000E+00  2.417691E+03
  2.120240E+00  2.417873E+03
  2.121490E+00  2.419643E+03
  2.123970E+00  2.429825E+03
  2.125220E+00  2.439424E+03
  2.126470E+00  2.452912E+03
  2.127710E+00  2.470948E+03
  2.128960E+00  2.494050E+03
  2.130210E+00  2.522488E+03
  2.131460E+00  2.556183E+03
  2.133960E+00  2.636847E+03
  2.136460E+00  2.727329E+03
  2.138970E+00  2.816336E+03
  2.141470E+00  2.895383E+03
  2.143990E+00  2.961244E+03
  2.146500E+00  3.014698E+03
  2.149020E+00  3.058237E+03
  2.151540E+00  3.094403E+03
  2.154060E+00  3.125178E+03
  2.159120E+00  3.175205E+03
  2.164190E+00  3.213270E+03
  2.169270E+00  3.240558E+03
  2.174360E+00  3.257508E+03
  2.179460E+00  3.264964E+03
  2.184580E+00  3.264651E+03
  2.189710E+00  3.258573E+03
  2.200000E+00  3.236705E+03
  2.235440E+00  3.144628E+03
  2.253370E+00  3.095093E+03
  2.271440E+00  3.040341E+03
  2.345210E+00  2.816768E+03
  2.500000E+00  2.405795E+03
  2.554000E+00  2.280374E+03
  2.554000E+00  2.487578E+03
  2.555310E+00  2.515997E+03
  2.556620E+00  2.537623E+03
  2.557930E+00  2.554638E+03
  2.559240E+00  2.568304E+03
  2.561860E+00  2.588361E+03
  2.564490E+00  2.601247E+03
  2.567120E+00  2.608741E+03
  2.569750E+00  2.612024E+03
  2.575030E+00  2.609437E+03
  2.580310E+00  2.599226E+03
  2.585600E+00  2.585454E+03
  2.596220E+00  2.555998E+03
  2.617600E+00  2.504367E+03
  2.639150E+00  2.457439E+03
  2.727130E+00  2.271120E+03
  2.912000E+00  1.938743E+03
  2.912000E+00  2.000299E+03
  2.914710E+00  2.015597E+03
  2.917420E+00  2.024400E+03
  2.920140E+00  2.029382E+03
  2.922860E+00  2.031694E+03
  2.928300E+00  2.030767E+03
  2.933750E+00  2.025090E+03
  2.955670E+00  1.988995E+03
  3.000000E+00  1.920888E+03
  3.175000E+00  1.678856E+03
  3.175000E+00  1.770830E+03
  3.177420E+00  1.762161E+03
  3.179840E+00  1.755303E+03
  3.184680E+00  1.744623E+03
  3.194400E+00  1.729086E+03
  3.213910E+00  1.705226E+03
  3.253310E+00  1.658059E+03
  3.333540E+00  1.565810E+03
  3.500000E+00  1.395450E+03
  3.741660E+00  1.190176E+03
  4.000000E+00  1.013616E+03
  4.500000E+00  7.610793E+02
  5.000000E+00  5.871728E+02
  5.500000E+00  4.633214E+02
  6.000000E+00  3.725820E+02
  7.000000E+00  2.523550E+02
  8.000000E+00  1.794812E+02
  9.000000E+00  1.325808E+02
  1.000000E+01  1.009440E+02
  1.100000E+01  7.877939E+01
  1.121900E+01  7.482530E+01
  1.121900E+01  1.368688E+02
  1.122850E+01  1.825653E+02
  1.123800E+01  1.949589E+02
  1.124750E+01  1.959993E+02
  1.125700E+01  1.941318E+02
  1.126650E+01  1.925447E+02
  1.127600E+01  1.917834E+02
  1.129510E+01  1.914453E+02
  1.137170E+01  1.877632E+02
  1.152640E+01  1.815104E+02
  1.184220E+01  1.689138E+02
  1.250000E+01  1.460656E+02
  1.282800E+01  1.362162E+02
  1.282800E+01  1.610523E+02
  1.283710E+01  1.820067E+02
  1.284620E+01  1.878969E+02
  1.285520E+01  1.884374E+02
  1.286430E+01  1.875589E+02
  1.287340E+01  1.867312E+02
  1.288260E+01  1.862456E+02
  1.290080E+01  1.858060E+02
  1.297400E+01  1.829481E+02
  1.312160E+01  1.777077E+02
  1.342200E+01  1.674163E+02
  1.342200E+01  1.991279E+02
  1.343080E+01  1.945215E+02
  1.343970E+01  1.930221E+02
  1.344860E+01  1.925387E+02
  1.345740E+01  1.924055E+02
  1.347520E+01  1.921640E+02
  1.349290E+01  1.915806E+02
  1.356420E+01  1.890314E+02
  1.370800E+01  1.840610E+02
  1.400000E+01  1.744886E+02
  1.500000E+01  1.463829E+02
  1.750000E+01  9.838283E+01
  2.000000E+01  6.942912E+01
  2.200000E+01  5.402476E+01
  2.500000E+01  3.849289E+01
  3.000000E+01  2.363056E+01
  3.500000E+01  1.558610E+01
  4.000000E+01  1.084343E+01
  4.500000E+01  7.861146E+00
  5.000000E+01  5.889053E+00
  5.500000E+01  4.531143E+00
  6.000000E+01  3.564599E+00
  7.000000E+01  2.327306E+00
  7.611500E+01  1.844920E+00
  7.611500E+01  1.045522E+01
  7.617420E+01  9.132118E+00
  7.623350E+01  9.087349E+00
  7.635220E+01  9.069366E+00
  7.659010E+01  9.006831E+00
  7.706820E+01  8.862716E+00
  7.803330E+01  8.589398E+00
  8.000000E+01  8.061247E+00
  9.000000E+01  5.942877E+00
  1.000000E+02  4.511687E+00
  1.100000E+02  3.509052E+00
  1.250000E+02  2.498681E+00
  1.400000E+02  1.845682E+00
  1.500000E+02  1.533938E+00
  1.750000E+02  1.013851E+00
  2.000000E+02  7.084239E-01
  2.200000E+02  5.489509E-01
  2.500000E+02  3.906935E-01
  2.738610E+02  3.068187E-01
  3.000000E+02  2.419674E-01
  3.240370E+02  1.981435E-01
  3.500000E+02  1.625897E-01
  3.741660E+02  1.371968E-01
  4.000000E+02  1.160379E-01
  4.242640E+02  1.002297E-01
  4.500000E+02  8.672359E-02
  4.743420E+02  7.628745E-02
  5.000000E+02  6.720912E-02
  5.500000E+02  5.362688E-02
  6.000000E+02  4.382171E-02
  6.480740E+02  3.675254E-02
  7.000000E+02  3.095513E-02
  7.483310E+02  2.673668E-02
  8.000000E+02  2.315112E-02
  8.485280E+02  2.042872E-02
  9.000000E+02  1.806457E-02
  9.486830E+02  1.620611E-02
  1.000000E+03  1.456148E-02
  1.100000E+03  1.204209E-02
  1.172600E+03  1.062785E-02
  1.250000E+03  9.401645E-03
  1.322880E+03  8.446098E-03
  1.400000E+03  7.600078E-03
  1.500000E+03  6.696820E-03
  1.620190E+03  5.827366E-03
  1.750000E+03  5.087333E-03
  1.870830E+03  4.530860E-03
  2.000000E+03  4.043093E-03
  2.200000E+03  3.447144E-03
  2.345210E+03  3.103664E-03
  2.500000E+03  2.799193E-03
  2.738610E+03  2.421288E-03
  3.000000E+03  2.102298E-03
  3.240370E+03  1.869317E-03
  3.500000E+03  1.665644E-03
  3.741660E+03  1.509533E-03
  4.000000E+03  1.370239E-03
  4.500000E+03  1.158916E-03
  5.000000E+03  1.001182E-03
  5.500000E+03  8.794575E-04
  6.000000E+03  7.830224E-04
  6.480740E+03  7.075185E-04
  7.000000E+03  6.404579E-04
  8.000000E+03  5.405891E-04
  9.000000E+03  4.655614E-04
  1.000000E+04  4.081346E-04
  1.100000E+04  3.628793E-04
  1.250000E+04  3.106469E-04
  1.400000E+04  2.712097E-04
  1.500000E+04  2.499154E-04
  1.750000E+04  2.086580E-04
  2.000000E+04  1.788922E-04
  2.200000E+04  1.604815E-04
  2.500000E+04  1.389391E-04
  3.000000E+04  1.134341E-04
  3.500000E+04  9.577779E-05
  4.000000E+04  8.284626E-05
  4.500000E+04  7.297373E-05
  5.000000E+04  6.519370E-05
  5.500000E+04  5.890651E-05
  6.000000E+04  5.372118E-05
  7.000000E+04  4.567296E-05
  8.000000E+04  3.971756E-05
  9.000000E+04  3.513344E-05
  1.000000E+05  3.149640E-05
  1.100000E+05  2.854116E-05
  1.250000E+05  2.501873E-05
  1.400000E+05  2.226958E-05
  1.500000E+05  2.074932E-05
  1.750000E+05  1.772396E-05
  2.000000E+05  1.546821E-05
  2.200000E+05  1.403868E-05
  2.500000E+05  1.232938E-05
  3.000000E+05  1.024933E-05
  3.500000E+05  8.769700E-06
  4.000000E+05  7.663333E-06
  4.500000E+05  6.804844E-06
  5.000000E+05  6.119293E-06
  5.500000E+05  5.559217E-06
  6.000000E+05  5.093067E-06
  7.000000E+05  4.361619E-06
  8.000000E+05  3.813855E-06
  9.000000E+05  3.388339E-06
  1.000000E+06  3.048236E-06
EndElement
Element    Pt   78   195.080000
Range      1.000000E+00 1.000000E+06
Npoints    282
Data
  1.000000E+00  4.035865E+03
  1.100000E+00  3.376171E+03
  1.172600E+00  2.985902E+03
  1.250000E+00  2.635156E+03
  1.322880E+00  2.355244E+03
  1.400000E+00  2.101816E+03
  1.500000E+00  1.826007E+03
  1.620190E+00  1.557091E+03
  1.750000E+00  1.324445E+03
  1.870830E+00  1.149257E+03
  2.000000E+00  9.955795E+02
  2.126000E+00  8.718305E+02
  2.126000E+00  9.044973E+02
  2.127140E+00  9.052104E+02
  2.128270E+00  9.070657E+02
  2.129410E+00  9.103780E+02
  2.130550E+00  9.155148E+02
  2.131690E+00  9.228804E+02
  2.132830E+00  9.329286E+02
  2.133970E+00  9.461410E+02
  2.135110E+00  9.630177E+02
  2.136250E+00  9.840310E+02
  2.137400E+00  1.009601E+03
  2.138540E+00  1.040066E+03
  2.139680E+00  1.075579E+03
  2.140830E+00  1.116115E+03
  2.141970E+00  1.161383E+03
  2.144260E+00  1.263754E+03
  2.146560E+00  1.375859E+03
  2.147710E+00  1.432861E+03
  2.148850E+00  1.489078E+03
  2.150000E+00  1.543604E+03
  2.151150E+00  1.595716E+03
  2.152300E+00  1.644908E+03
  2.153450E+00  1.690867E+03
  2.154610E+00  1.733474E+03
  2.155760E+00  1.772759E+03
  2.156910E+00  1.808846E+03
  2.158060E+00  1.841948E+03
  2.159220E+00  1.872315E+03
  2.160370E+00  1.900210E+03
  2.162680E+00  1.949639E+03
  2.165000E+00  1.992162E+03
  2.167310E+00  2.029314E+03
  2.169630E+00  2.062250E+03
  2.171950E+00  2.091746E+03
  2.176600E+00  2.142305E+03
  2.181260E+00  2.183143E+03
  2.185930E+00  2.215038E+03
  2.190610E+00  2.238497E+03
  2.195300E+00  2.254225E+03
  2.200000E+00  2.263239E+03
  2.206000E+00  2.266946E+03
  2.206000E+00  2.295310E+03
  2.208160E+00  2.296369E+03
  2.210320E+00  2.300323E+03
  2.212480E+00  2.308757E+03
  2.214640E+00  2.323683E+03
  2.216810E+00  2.347304E+03
  2.218980E+00  2.381478E+03
  2.221150E+00  2.427014E+03
  2.223320E+00  2.482960E+03
  2.227670E+00  2.612670E+03
  2.229850E+00  2.677334E+03
  2.232030E+00  2.736718E+03
  2.234210E+00  2.788898E+03
  2.236390E+00  2.833450E+03
  2.238580E+00  2.870960E+03
  2.240770E+00  2.902497E+03
  2.245150E+00  2.952093E+03
  2.249550E+00  2.989474E+03
  2.253950E+00  3.018760E+03
  2.258360E+00  3.041808E+03
  2.262780E+00  3.059286E+03
  2.267210E+00  3.071458E+03
  2.271640E+00  3.078565E+03
  2.276090E+00  3.081044E+03
  2.285000E+00  3.074672E+03
  2.293960E+00  3.057940E+03
  2.311960E+00  3.012336E+03
  2.348400E+00  2.917725E+03
  2.385420E+00  2.817030E+03
  2.423020E+00  2.712248E+03
  2.500000E+00  2.512858E+03
  2.649000E+00  2.174385E+03
  2.649000E+00  2.381981E+03
  2.651580E+00  2.422680E+03
  2.654160E+00  2.446027E+03
  2.656740E+00  2.461234E+03
  2.659320E+00  2.471591E+03
  2.664500E+00  2.482701E+03
  2.669680E+00  2.484633E+03
  2.674880E+00  2.480000E+03
  2.680080E+00  2.470942E+03
  2.690520E+00  2.446472E+03
  2.711530E+00  2.395869E+03
  2.732700E+00  2.351515E+03
  2.819040E+00  2.181976E+03
  3.000000E+00  1.877122E+03
  3.030000E+00  1.832187E+03
  3.030000E+00  1.891226E+03
  3.032020E+00  1.901315E+03
  3.034040E+00  1.907591E+03
  3.038090E+00  1.914345E+03
  3.046210E+00  1.916432E+03
  3.054340E+00  1.910276E+03
  3.062500E+00  1.899725E+03
  3.095350E+00  1.850311E+03
  3.162120E+00  1.759167E+03
  3.300000E+00  1.589113E+03
  3.300000E+00  1.673030E+03
  3.303040E+00  1.665859E+03
  3.306070E+00  1.659562E+03
  3.312160E+00  1.648791E+03
  3.324360E+00  1.631621E+03
  3.348900E+00  1.603971E+03
  3.398530E+00  1.550109E+03
  3.500000E+00  1.446107E+03
  3.741660E+00  1.233795E+03
  4.000000E+00  1.051106E+03
  4.500000E+00  7.896728E+02
  5.000000E+00  6.094809E+02
  5.500000E+00  4.810859E+02
  6.000000E+00  3.869846E+02
  7.000000E+00  2.622289E+02
  8.000000E+00  1.865724E+02
  9.000000E+00  1.378640E+02
  1.000000E+01  1.049979E+02
  1.100000E+01  8.196508E+01
  1.156700E+01  7.188166E+01
  1.156700E+01  1.337796E+02
  1.157400E+01  1.656147E+02
  1.158100E+01  1.789059E+02
  1.158800E+01  1.852898E+02
  1.159510E+01  1.874908E+02
  1.160210E+01  1.873837E+02
  1.160910E+01  1.863307E+02
  1.162320E+01  1.841158E+02
  1.163730E+01  1.829644E+02
  1.165140E+01  1.825492E+02
  1.167970E+01  1.817277E+02
  1.173650E+01  1.794538E+02
  1.179350E+01  1.769160E+02
  1.202450E+01  1.680368E+02
  1.250000E+01  1.514608E+02
  1.327700E+01  1.287392E+02
  1.327700E+01  1.525144E+02
  1.328630E+01  1.705234E+02
  1.329550E+01  1.766780E+02
  1.330480E+01  1.783443E+02
  1.331410E+01  1.780517E+02
  1.333270E+01  1.765252E+02
  1.335130E+01  1.757179E+02
  1.338860E+01  1.746498E+02
  1.342600E+01  1.732486E+02
  1.357660E+01  1.683156E+02
  1.388300E+01  1.586640E+02
  1.388300E+01  1.875822E+02
  1.389030E+01  1.851685E+02
  1.389760E+01  1.837256E+02
  1.390490E+01  1.828983E+02
  1.391220E+01  1.824451E+02
  1.394140E+01  1.818574E+02
  1.400000E+01  1.800227E+02
  1.500000E+01  1.511786E+02
  1.750000E+01  1.017621E+02
  2.000000E+01  7.188815E+01
  2.200000E+01  5.597615E+01
  2.500000E+01  3.991814E+01
  3.000000E+01  2.453380E+01
  3.500000E+01  1.619659E+01
  4.000000E+01  1.127654E+01
  4.500000E+01  8.180332E+00
  5.000000E+01  6.131513E+00
  5.500000E+01  4.719978E+00
  6.000000E+01  3.714785E+00
  7.000000E+01  2.427212E+00
  7.839900E+01  1.773574E+00
  7.839900E+01  9.605790E+00
  7.844850E+01  8.609642E+00
  7.849810E+01  8.689966E+00
  7.859740E+01  8.655855E+00
  7.879620E+01  8.612389E+00
  7.919550E+01  8.491348E+00
  8.000000E+01  8.277881E+00
  8.485280E+01  7.120684E+00
  9.000000E+01  6.114720E+00
  1.000000E+02  4.647094E+00
  1.100000E+02  3.617514E+00
  1.250000E+02  2.578805E+00
  1.400000E+02  1.906671E+00
  1.500000E+02  1.585507E+00
  1.750000E+02  1.049173E+00
  2.000000E+02  7.338195E-01
  2.200000E+02  5.690164E-01
  2.500000E+02  4.053276E-01
  2.738610E+02  3.185085E-01
  3.000000E+02  2.513339E-01
  3.240370E+02  2.059150E-01
  3.500000E+02  1.690481E-01
  3.741660E+02  1.427051E-01
  4.000000E+02  1.207444E-01
  4.242640E+02  1.043305E-01
  4.500000E+02  9.030124E-02
  4.743420E+02  7.945719E-02
  5.000000E+02  7.002081E-02
  5.500000E+02  5.589589E-02
  6.000000E+02  4.569332E-02
  6.480740E+02  3.833388E-02
  7.000000E+02  3.229569E-02
  7.483310E+02  2.790022E-02
  8.000000E+02  2.416290E-02
  8.485280E+02  2.132433E-02
  9.000000E+02  1.885858E-02
  9.486830E+02  1.691972E-02
  1.000000E+03  1.520362E-02
  1.100000E+03  1.257392E-02
  1.172600E+03  1.109737E-02
  1.250000E+03  9.816941E-03
  1.322880E+03  8.818942E-03
  1.400000E+03  7.935254E-03
  1.500000E+03  6.991678E-03
  1.620190E+03  6.083387E-03
  1.750000E+03  5.310214E-03
  1.870830E+03  4.728838E-03
  2.000000E+03  4.219265E-03
  2.200000E+03  3.596645E-03
  2.345210E+03  3.237812E-03
  2.500000E+03  2.919769E-03
  2.738610E+03  2.525079E-03
  3.000000E+03  2.191982E-03
  3.240370E+03  1.948740E-03
  3.500000E+03  1.736138E-03
  3.741660E+03  1.573209E-03
  4.000000E+03  1.427857E-03
  4.500000E+03  1.207395E-03
  5.000000E+03  1.042885E-03
  5.500000E+03  9.159594E-04
  6.000000E+03  8.154309E-04
  6.480740E+03  7.367306E-04
  7.000000E+03  6.668406E-04
  8.000000E+03  5.627868E-04
  9.000000E+03  4.845557E-04
  1.000000E+04  4.246924E-04
  1.100000E+04  3.775260E-04
  1.250000E+04  3.231020E-04
  1.400000E+04  2.820222E-04
  1.500000E+04  2.598458E-04
  1.750000E+04  2.168903E-04
  2.000000E+04  1.859094E-04
  2.200000E+04  1.667520E-04
  2.500000E+04  1.443415E-04
  3.000000E+04  1.178167E-04
  3.500000E+04  9.946040E-05
  4.000000E+04  8.601956E-05
  4.500000E+04  7.576049E-05
  5.000000E+04  6.767715E-05
  5.500000E+04  6.114566E-05
  6.000000E+04  5.575975E-05
  7.000000E+04  4.740105E-05
  8.000000E+04  4.121684E-05
  9.000000E+04  3.645760E-05
  1.000000E+05  3.268187E-05
  1.100000E+05  2.961397E-05
  1.250000E+05  2.595781E-05
  1.400000E+05  2.310452E-05
  1.500000E+05  2.152678E-05
  1.750000E+05  1.838719E-05
  2.000000E+05  1.604647E-05
  2.200000E+05  1.456319E-05
  2.500000E+05  1.278967E-05
  3.000000E+05  1.063160E-05
  3.500000E+05  9.096557E-06
  4.000000E+05  7.948837E-06
  4.500000E+05  7.058234E-06
  5.000000E+05  6.347079E-06
  5.500000E+05  5.766135E-06
  6.000000E+05  5.282586E-06
  7.000000E+05  4.523860E-06
  8.000000E+05  3.955696E-06
  9.000000E+05  3.514315E-06
  1.000000E+06  3.161562E-06
EndElement
Element    Au   79   196.967000
Range      1.000000E+00 1.000000E+06
Npoints    280
Data
  1.000000E+00  4.245831E+03
  1.100000E+00  3.552986E+03
  1.172600E+00  3.144023E+03
  1.250000E+00  2.775247E+03
  1.400000E+00  2.214131E+03
  1.500000E+00  1.924017E+03
  1.620190E+00  1.640712E+03
  1.750000E+00  1.395925E+03
  1.870830E+00  1.211258E+03
  2.000000E+00  1.049450E+03
  2.200000E+00  8.527863E+02
  2.210000E+00  8.443447E+02
  2.210000E+00  8.750750E+02
  2.211300E+00  8.755795E+02
  2.212610E+00  8.772825E+02
  2.213910E+00  8.805845E+02
  2.215220E+00  8.859381E+02
  2.216530E+00  8.938690E+02
  2.217830E+00  9.049706E+02
  2.219140E+00  9.198848E+02
  2.220450E+00  9.392689E+02
  2.221760E+00  9.637529E+02
  2.223070E+00  9.938778E+02
  2.224380E+00  1.030001E+03
  2.225690E+00  1.072215E+03
  2.227010E+00  1.120272E+03
  2.228320E+00  1.173554E+03
  2.230950E+00  1.291476E+03
  2.232270E+00  1.353338E+03
  2.233580E+00  1.415134E+03
  2.234900E+00  1.475485E+03
  2.236220E+00  1.533252E+03
  2.237540E+00  1.587589E+03
  2.238860E+00  1.637991E+03
  2.240180E+00  1.684226E+03
  2.241500E+00  1.726317E+03
  2.242820E+00  1.764443E+03
  2.244140E+00  1.798907E+03
  2.245470E+00  1.830065E+03
  2.246790E+00  1.858285E+03
  2.249440E+00  1.907360E+03
  2.252100E+00  1.948657E+03
  2.254760E+00  1.984093E+03
  2.257420E+00  2.014994E+03
  2.260080E+00  2.042218E+03
  2.262750E+00  2.066283E+03
  2.268090E+00  2.106011E+03
  2.273450E+00  2.135433E+03
  2.278820E+00  2.155355E+03
  2.284200E+00  2.166863E+03
  2.289590E+00  2.171394E+03
  2.295000E+00  2.170584E+03
  2.295000E+00  2.197762E+03
  2.296530E+00  2.197092E+03
  2.298070E+00  2.197471E+03
  2.301140E+00  2.203017E+03
  2.304220E+00  2.218684E+03
  2.305760E+00  2.231974E+03
  2.307310E+00  2.249808E+03
  2.308850E+00  2.272727E+03
  2.310390E+00  2.301011E+03
  2.311940E+00  2.334570E+03
  2.313480E+00  2.372827E+03
  2.319680E+00  2.547823E+03
  2.322780E+00  2.628466E+03
  2.324330E+00  2.663681E+03
  2.325890E+00  2.695167E+03
  2.329000E+00  2.747562E+03
  2.332110E+00  2.788110E+03
  2.335230E+00  2.819840E+03
  2.338360E+00  2.845269E+03
  2.344620E+00  2.883496E+03
  2.350890E+00  2.909891E+03
  2.357190E+00  2.926596E+03
  2.363500E+00  2.934405E+03
  2.369830E+00  2.934289E+03
  2.376170E+00  2.927737E+03
  2.382530E+00  2.916568E+03
  2.395310E+00  2.886810E+03
  2.447090E+00  2.758951E+03
  2.473410E+00  2.692859E+03
  2.500000E+00  2.624335E+03
  2.621070E+00  2.336682E+03
  2.748000E+00  2.074810E+03
  2.748000E+00  2.260002E+03
  2.749880E+00  2.291555E+03
  2.751770E+00  2.312770E+03
  2.753660E+00  2.328122E+03
  2.755540E+00  2.339715E+03
  2.759330E+00  2.355556E+03
  2.763110E+00  2.364615E+03
  2.766900E+00  2.368709E+03
  2.770700E+00  2.368923E+03
  2.778300E+00  2.360977E+03
  2.808940E+00  2.295227E+03
  2.871240E+00  2.177729E+03
  3.000000E+00  1.958013E+03
  3.153000E+00  1.734163E+03
  3.153000E+00  1.785965E+03
  3.155070E+00  1.795816E+03
  3.157150E+00  1.802200E+03
  3.161310E+00  1.809437E+03
  3.165470E+00  1.812399E+03
  3.169640E+00  1.812626E+03
  3.177990E+00  1.807630E+03
  3.186360E+00  1.798228E+03
  3.220080E+00  1.752345E+03
  3.288580E+00  1.667101E+03
  3.430000E+00  1.507001E+03
  3.430000E+00  1.586907E+03
  3.432170E+00  1.582040E+03
  3.434330E+00  1.577594E+03
  3.438670E+00  1.569801E+03
  3.447370E+00  1.556960E+03
  3.464820E+00  1.536891E+03
  3.500000E+00  1.502195E+03
  3.741660E+00  1.282460E+03
  4.000000E+00  1.093040E+03
  4.500000E+00  8.217839E+02
  5.000000E+00  6.346688E+02
  5.500000E+00  5.012178E+02
  6.000000E+00  4.033401E+02
  7.000000E+00  2.734901E+02
  8.000000E+00  1.946902E+02
  9.000000E+00  1.439279E+02
  1.000000E+01  1.096592E+02
  1.100000E+01  8.563513E+01
  1.192300E+01  6.940167E+01
  1.192300E+01  1.238940E+02
  1.193180E+01  1.601721E+02
  1.194060E+01  1.737853E+02
  1.194940E+01  1.789759E+02
  1.195830E+01  1.797387E+02
  1.196710E+01  1.787310E+02
  1.197590E+01  1.774246E+02
  1.198480E+01  1.764101E+02
  1.199360E+01  1.757555E+02
  1.202910E+01  1.748380E+02
  1.206470E+01  1.732692E+02
  1.220810E+01  1.678890E+02
  1.250000E+01  1.577668E+02
  1.373800E+01  1.223063E+02
  1.373800E+01  1.430174E+02
  1.374610E+01  1.594358E+02
  1.375420E+01  1.661555E+02
  1.376240E+01  1.688647E+02
  1.377050E+01  1.694398E+02
  1.380300E+01  1.674744E+02
  1.386840E+01  1.656094E+02
  1.393400E+01  1.634249E+02
  1.400000E+01  1.615412E+02
  1.435600E+01  1.511291E+02
  1.435600E+01  1.787701E+02
  1.436580E+01  1.759069E+02
  1.437570E+01  1.744653E+02
  1.438560E+01  1.737822E+02
  1.439540E+01  1.734762E+02
  1.443500E+01  1.727769E+02
  1.451440E+01  1.703549E+02
  1.467450E+01  1.657320E+02
  1.500000E+01  1.567719E+02
  1.750000E+01  1.056944E+02
  2.000000E+01  7.474760E+01
  2.200000E+01  5.824416E+01
  2.500000E+01  4.157349E+01
  3.000000E+01  2.558261E+01
  3.500000E+01  1.690521E+01
  4.000000E+01  1.177911E+01
  4.500000E+01  8.550579E+00
  5.000000E+01  6.412697E+00
  5.500000E+01  4.938922E+00
  6.000000E+01  3.888875E+00
  7.000000E+01  2.542977E+00
  8.000000E+01  1.758157E+00
  8.072900E+01  1.714555E+00
  8.072900E+01  9.218110E+00
  8.079760E+01  8.305495E+00
  8.086620E+01  8.287304E+00
  8.093500E+01  8.298188E+00
  8.100370E+01  8.267645E+00
  8.127940E+01  8.205456E+00
  8.183350E+01  8.062552E+00
  8.295310E+01  7.790745E+00
  8.523850E+01  7.268841E+00
  9.000000E+01  6.318651E+00
  1.000000E+02  4.806993E+00
  1.100000E+02  3.745360E+00
  1.250000E+02  2.672967E+00
  1.400000E+02  1.978183E+00
  1.500000E+02  1.645897E+00
  1.750000E+02  1.090444E+00
  2.000000E+02  7.634388E-01
  2.200000E+02  5.923844E-01
  2.500000E+02  4.223512E-01
  2.738610E+02  3.320926E-01
  3.000000E+02  2.622094E-01
  3.240370E+02  2.149323E-01
  3.500000E+02  1.765373E-01
  3.741660E+02  1.490892E-01
  4.000000E+02  1.261963E-01
  4.242640E+02  1.090789E-01
  4.500000E+02  9.444268E-02
  4.743420E+02  8.312528E-02
  5.000000E+02  7.327329E-02
  5.500000E+02  5.851964E-02
  6.000000E+02  4.785683E-02
  6.480740E+02  4.016126E-02
  7.000000E+02  3.384429E-02
  7.483310E+02  2.924423E-02
  8.000000E+02  2.533138E-02
  8.485280E+02  2.235854E-02
  9.000000E+02  1.977541E-02
  9.486830E+02  1.774371E-02
  1.000000E+03  1.594502E-02
  1.100000E+03  1.318801E-02
  1.172600E+03  1.163954E-02
  1.250000E+03  1.029647E-02
  1.322880E+03  9.249509E-03
  1.400000E+03  8.322372E-03
  1.500000E+03  7.332283E-03
  1.620190E+03  6.379127E-03
  1.750000E+03  5.567745E-03
  1.870830E+03  4.957633E-03
  2.000000E+03  4.422857E-03
  2.200000E+03  3.769483E-03
  2.345210E+03  3.392929E-03
  2.500000E+03  3.059240E-03
  2.738610E+03  2.645166E-03
  3.000000E+03  2.295774E-03
  3.240370E+03  2.040686E-03
  3.500000E+03  1.817762E-03
  3.741660E+03  1.646958E-03
  4.000000E+03  1.494606E-03
  4.500000E+03  1.263574E-03
  5.000000E+03  1.091230E-03
  5.500000E+03  9.582892E-04
  6.000000E+03  8.530125E-04
  6.480740E+03  7.706544E-04
  7.000000E+03  6.974532E-04
  8.000000E+03  5.885412E-04
  9.000000E+03  5.083477E-04
  1.000000E+04  4.454440E-04
  1.100000E+04  3.958952E-04
  1.250000E+04  3.387364E-04
  1.400000E+04  2.956055E-04
  1.500000E+04  2.723262E-04
  1.750000E+04  2.272458E-04
  2.000000E+04  1.947431E-04
  2.200000E+04  1.746496E-04
  2.500000E+04  1.511499E-04
  3.000000E+04  1.233446E-04
  3.500000E+04  1.041082E-04
  4.000000E+04  9.002652E-05
  4.500000E+04  7.928055E-05
  5.000000E+04  7.081482E-05
  5.500000E+04  6.397563E-05
  6.000000E+04  5.833650E-05
  7.000000E+04  4.958642E-05
  8.000000E+04  4.311352E-05
  9.000000E+04  3.813265E-05
  1.000000E+05  3.418183E-05
  1.100000E+05  3.097183E-05
  1.250000E+05  2.714658E-05
  1.400000E+05  2.416164E-05
  1.500000E+05  2.251117E-05
  1.750000E+05  1.922712E-05
  2.000000E+05  1.677887E-05
  2.200000E+05  1.522753E-05
  2.500000E+05  1.337274E-05
  3.000000E+05  1.111592E-05
  3.500000E+05  9.510706E-06
  4.000000E+05  8.310571E-06
  4.500000E+05  7.379367E-06
  5.000000E+05  6.635768E-06
  5.500000E+05  6.028317E-06
  6.000000E+05  5.522770E-06
  7.000000E+05  4.729457E-06
  8.000000E+05  4.135458E-06
  9.000000E+05  3.673999E-06
  1.000000E+06  3.305180E-06
EndElement
Element    Hg   80   200.590000
Range      1.000000E+00 1.000000E+06
Npoints    278
Data
  1.000000E+00  4.414065E+03
  1.100000E+00  3.696926E+03
  1.172600E+00  3.272353E+03
  1.250000E+00  2.889406E+03
  1.400000E+00  2.306502E+03
  1.500000E+00  2.004584E+03
  1.620190E+00  1.710025E+03
  1.750000E+00  1.455095E+03
  1.870830E+00  1.262920E+03
  2.000000E+00  1.094343E+03
  2.200000E+00  8.895109E+02
  2.300000E+00  8.066738E+02
  2.300000E+00  8.380019E+02
  2.301380E+00  8.379599E+02
  2.302760E+00  8.395151E+02
  2.304140E+00  8.431688E+02
  2.305520E+00  8.495515E+02
  2.306910E+00  8.594317E+02
  2.308290E+00  8.736953E+02
  2.309680E+00  8.933057E+02
  2.311060E+00  9.192479E+02
  2.312450E+00  9.523743E+02
  2.313840E+00  9.932825E+02
  2.315220E+00  1.042107E+03
  2.316610E+00  1.098372E+03
  2.319390E+00  1.227972E+03
  2.320780E+00  1.297311E+03
  2.322180E+00  1.366632E+03
  2.323570E+00  1.433818E+03
  2.324960E+00  1.497189E+03
  2.326360E+00  1.555639E+03
  2.327750E+00  1.608625E+03
  2.329150E+00  1.656075E+03
  2.330550E+00  1.698253E+03
  2.331950E+00  1.735634E+03
  2.333350E+00  1.768778E+03
  2.334750E+00  1.798275E+03
  2.336150E+00  1.824662E+03
  2.338950E+00  1.869980E+03
  2.341760E+00  1.907730E+03
  2.344570E+00  1.939856E+03
  2.347380E+00  1.967507E+03
  2.350200E+00  1.991320E+03
  2.353020E+00  2.011639E+03
  2.355840E+00  2.028671E+03
  2.358670E+00  2.042568E+03
  2.361500E+00  2.053499E+03
  2.367180E+00  2.067324E+03
  2.372860E+00  2.072236E+03
  2.378560E+00  2.070636E+03
  2.390000E+00  2.056694E+03
  2.390000E+00  2.083080E+03
  2.391680E+00  2.080498E+03
  2.393360E+00  2.079691E+03
  2.395050E+00  2.081213E+03
  2.396730E+00  2.085851E+03
  2.398420E+00  2.094588E+03
  2.400100E+00  2.108542E+03
  2.401790E+00  2.128831E+03
  2.403480E+00  2.156358E+03
  2.417040E+00  2.526390E+03
  2.418740E+00  2.563179E+03
  2.420440E+00  2.594807E+03
  2.422140E+00  2.621803E+03
  2.423840E+00  2.644836E+03
  2.427260E+00  2.681655E+03
  2.430670E+00  2.709666E+03
  2.434090E+00  2.731681E+03
  2.437520E+00  2.749217E+03
  2.444380E+00  2.773433E+03
  2.451270E+00  2.784803E+03
  2.458170E+00  2.785136E+03
  2.465090E+00  2.777141E+03
  2.472030E+00  2.763844E+03
  2.500000E+00  2.697243E+03
  2.541510E+00  2.603027E+03
  2.583700E+00  2.502363E+03
  2.670210E+00  2.311017E+03
  2.852000E+00  1.959317E+03
  2.852000E+00  2.107377E+03
  2.854260E+00  2.145874E+03
  2.856510E+00  2.173486E+03
  2.858770E+00  2.194024E+03
  2.861030E+00  2.209422E+03
  2.863290E+00  2.220810E+03
  2.865560E+00  2.228940E+03
  2.870090E+00  2.237580E+03
  2.874630E+00  2.238754E+03
  2.879180E+00  2.234956E+03
  2.888300E+00  2.219555E+03
  2.906620E+00  2.182658E+03
  2.925060E+00  2.149573E+03
  3.000000E+00  2.022721E+03
  3.283000E+00  1.623943E+03
  3.283000E+00  1.665841E+03
  3.284640E+00  1.674097E+03
  3.286280E+00  1.680522E+03
  3.289570E+00  1.689508E+03
  3.292860E+00  1.694810E+03
  3.296160E+00  1.697431E+03
  3.302760E+00  1.697133E+03
  3.309370E+00  1.692237E+03
  3.335950E+00  1.660347E+03
  3.389760E+00  1.598883E+03
  3.500000E+00  1.480665E+03
  3.567000E+00  1.414724E+03
  3.567000E+00  1.493721E+03
  3.570190E+00  1.484541E+03
  3.573390E+00  1.477648E+03
  3.579790E+00  1.467290E+03
  3.592630E+00  1.452477E+03
  3.618450E+00  1.428967E+03
  3.670640E+00  1.381619E+03
  3.777300E+00  1.291015E+03
  4.000000E+00  1.126040E+03
  4.500000E+00  8.472398E+02
  5.000000E+00  6.547258E+02
  5.500000E+00  5.173235E+02
  6.000000E+00  4.164821E+02
  7.000000E+00  2.826041E+02
  8.000000E+00  2.012939E+02
  9.000000E+00  1.488852E+02
  1.000000E+01  1.134858E+02
  1.100000E+01  8.865808E+01
  1.228800E+01  6.644800E+01
  1.228800E+01  1.091728E+02
  1.229460E+01  1.427859E+02
  1.230110E+01  1.590564E+02
  1.230770E+01  1.668009E+02
  1.231430E+01  1.697070E+02
  1.232090E+01  1.701219E+02
  1.232750E+01  1.695254E+02
  1.234070E+01  1.680198E+02
  1.235390E+01  1.672819E+02
  1.236710E+01  1.670951E+02
  1.239350E+01  1.665998E+02
  1.244670E+01  1.642049E+02
  1.250000E+01  1.625990E+02
  1.322880E+01  1.397714E+02
  1.400000E+01  1.199667E+02
  1.421400E+01  1.151592E+02
  1.421400E+01  1.317726E+02
  1.422370E+01  1.511666E+02
  1.423330E+01  1.578117E+02
  1.424300E+01  1.592542E+02
  1.425260E+01  1.589462E+02
  1.427200E+01  1.579522E+02
  1.429140E+01  1.575631E+02
  1.431080E+01  1.572196E+02
  1.433020E+01  1.566423E+02
  1.436920E+01  1.553550E+02
  1.452610E+01  1.510543E+02
  1.484500E+01  1.426508E+02
  1.484500E+01  1.702540E+02
  1.485460E+01  1.659603E+02
  1.486430E+01  1.645228E+02
  1.487390E+01  1.640058E+02
  1.488360E+01  1.638335E+02
  1.492230E+01  1.632022E+02
  1.500000E+01  1.610384E+02
  1.750000E+01  1.087504E+02
  2.000000E+01  7.700018E+01
  2.200000E+01  6.004398E+01
  2.500000E+01  4.289863E+01
  3.000000E+01  2.643137E+01
  3.500000E+01  1.748336E+01
  4.000000E+01  1.219181E+01
  4.500000E+01  8.856200E+00
  5.000000E+01  6.645850E+00
  5.500000E+01  5.121146E+00
  6.000000E+01  4.034225E+00
  7.000000E+01  2.640186E+00
  8.000000E+01  1.826625E+00
  8.310800E+01  1.643874E+00
  8.310800E+01  9.206679E+00
  8.315970E+01  7.854332E+00
  8.321150E+01  7.881982E+00
  8.331520E+01  7.879521E+00
  8.352290E+01  7.824550E+00
  8.393980E+01  7.727338E+00
  8.477990E+01  7.535137E+00
  8.648540E+01  7.164663E+00
  9.000000E+01  6.468630E+00
  1.000000E+02  4.925822E+00
  1.100000E+02  3.841453E+00
  1.250000E+02  2.744678E+00
  1.400000E+02  2.033216E+00
  1.500000E+02  1.692642E+00
  1.750000E+02  1.122771E+00
  2.000000E+02  7.868563E-01
  2.200000E+02  6.109745E-01
  2.500000E+02  4.359965E-01
  2.738610E+02  3.430390E-01
  3.000000E+02  2.710152E-01
  3.240370E+02  2.222623E-01
  3.500000E+02  1.826481E-01
  3.741660E+02  1.543144E-01
  4.000000E+02  1.306723E-01
  4.242640E+02  1.129868E-01
  4.500000E+02  9.785896E-02
  4.743420E+02  8.615724E-02
  5.000000E+02  7.596712E-02
  5.500000E+02  6.069996E-02
  6.000000E+02  4.965932E-02
  6.480740E+02  4.168694E-02
  7.000000E+02  3.513971E-02
  7.483310E+02  3.036979E-02
  8.000000E+02  2.631125E-02
  8.485280E+02  2.322660E-02
  9.000000E+02  2.054544E-02
  9.486830E+02  1.843615E-02
  1.000000E+03  1.656832E-02
  1.100000E+03  1.370454E-02
  1.172600E+03  1.209562E-02
  1.250000E+03  1.069986E-02
  1.322880E+03  9.611678E-03
  1.400000E+03  8.647907E-03
  1.500000E+03  7.618598E-03
  1.620190E+03  6.627597E-03
  1.750000E+03  5.783975E-03
  1.870830E+03  5.149638E-03
  2.000000E+03  4.593597E-03
  2.200000E+03  3.914226E-03
  2.345210E+03  3.522738E-03
  2.500000E+03  3.175862E-03
  2.738610E+03  2.745459E-03
  3.000000E+03  2.382359E-03
  3.240370E+03  2.117305E-03
  3.500000E+03  1.885721E-03
  3.741660E+03  1.708311E-03
  4.000000E+03  1.550091E-03
  4.500000E+03  1.310220E-03
  5.000000E+03  1.131324E-03
  5.500000E+03  9.933665E-04
  6.000000E+03  8.841400E-04
  6.480740E+03  7.987030E-04
  7.000000E+03  7.227740E-04
  8.000000E+03  6.098337E-04
  9.000000E+03  5.266844E-04
  1.000000E+04  4.614102E-04
  1.100000E+04  4.100033E-04
  1.250000E+04  3.507186E-04
  1.400000E+04  3.059916E-04
  1.500000E+04  2.818589E-04
  1.750000E+04  2.351358E-04
  2.000000E+04  2.014597E-04
  2.200000E+04  1.806465E-04
  2.500000E+04  1.563103E-04
  3.000000E+04  1.275247E-04
  3.500000E+04  1.076168E-04
  4.000000E+04  9.304701E-05
  4.500000E+04  8.193132E-05
  5.000000E+04  7.317566E-05
  5.500000E+04  6.610304E-05
  6.000000E+04  6.027244E-05
  7.000000E+04  5.122648E-05
  8.000000E+04  4.453574E-05
  9.000000E+04  3.938815E-05
  1.000000E+05  3.530543E-05
  1.100000E+05  3.198829E-05
  1.250000E+05  2.803608E-05
  1.400000E+05  2.495224E-05
  1.500000E+05  2.324722E-05
  1.750000E+05  1.985484E-05
  2.000000E+05  1.732605E-05
  2.200000E+05  1.572376E-05
  2.500000E+05  1.380814E-05
  3.000000E+05  1.147743E-05
  3.500000E+05  9.819791E-06
  4.000000E+05  8.580477E-06
  4.500000E+05  7.618898E-06
  5.000000E+05  6.851112E-06
  5.500000E+05  6.223890E-06
  6.000000E+05  5.701865E-06
  7.000000E+05  4.882801E-06
  8.000000E+05  4.269478E-06
  9.000000E+05  3.793027E-06
  1.000000E+06  3.412256E-06
EndElement
Element    Tl   81   204.383000
Range      1.000000E+00 1.000000E+06
Npoints    265
Data
  1.000000E+00  4.591999E+03
  1.100000E+00  3.848450E+03
  1.172600E+00  3.407448E+03
  1.250000E+00  3.010319E+03
  1.400000E+00  2.403476E+03
  1.500000E+00  2.089600E+03
  1.620190E+00  1.782581E+03
  1.750000E+00  1.517222E+03
  2.000000E+00  1.141308E+03
  2.200000E+00  9.278021E+02
  2.394000E+00  7.701910E+02
  2.394000E+00  8.006637E+02
  2.395470E+00  8.007403E+02
  2.396940E+00  8.036661E+02
  2.398420E+00  8.104696E+02
  2.399890E+00  8.225591E+02
  2.401360E+00  8.417084E+02
  2.402840E+00  8.699181E+02
  2.404320E+00  9.090977E+02
  2.405790E+00  9.606261E+02
  2.407270E+00  1.024662E+03
  2.408750E+00  1.099665E+03
  2.410230E+00  1.182306E+03
  2.411710E+00  1.268040E+03
  2.413200E+00  1.352163E+03
  2.414680E+00  1.430811E+03
  2.416160E+00  1.501606E+03
  2.417650E+00  1.563650E+03
  2.419130E+00  1.617191E+03
  2.420620E+00  1.663139E+03
  2.422110E+00  1.702660E+03
  2.423600E+00  1.736925E+03
  2.425080E+00  1.766956E+03
  2.426580E+00  1.793572E+03
  2.429560E+00  1.838933E+03
  2.432550E+00  1.876233E+03
  2.435540E+00  1.907024E+03
  2.438530E+00  1.932010E+03
  2.441530E+00  1.951598E+03
  2.444530E+00  1.966166E+03
  2.447540E+00  1.976198E+03
  2.450540E+00  1.982277E+03
  2.453560E+00  1.985067E+03
  2.459590E+00  1.983456E+03
  2.465640E+00  1.976204E+03
  2.490000E+00  1.940528E+03
  2.490000E+00  1.963384E+03
  2.491250E+00  1.962226E+03
  2.492500E+00  1.962300E+03
  2.494990E+00  1.967751E+03
  2.496250E+00  1.974245E+03
  2.497500E+00  1.984201E+03
  2.498750E+00  1.998421E+03
  2.500000E+00  2.017688E+03
  2.501650E+00  2.051817E+03
  2.503310E+00  2.096150E+03
  2.504960E+00  2.149349E+03
  2.506620E+00  2.208256E+03
  2.508280E+00  2.268582E+03
  2.509940E+00  2.326145E+03
  2.511600E+00  2.377968E+03
  2.513260E+00  2.422664E+03
  2.514920E+00  2.460193E+03
  2.516580E+00  2.491338E+03
  2.518250E+00  2.517175E+03
  2.519910E+00  2.538791E+03
  2.523250E+00  2.572802E+03
  2.526580E+00  2.598298E+03
  2.529930E+00  2.617716E+03
  2.533270E+00  2.632115E+03
  2.539980E+00  2.647764E+03
  2.546710E+00  2.648902E+03
  2.553450E+00  2.640192E+03
  2.608040E+00  2.526987E+03
  2.720750E+00  2.282313E+03
  2.838340E+00  2.055241E+03
  2.961000E+00  1.846924E+03
  2.961000E+00  1.977321E+03
  2.963420E+00  2.023893E+03
  2.965850E+00  2.058273E+03
  2.968270E+00  2.082676E+03
  2.970700E+00  2.099070E+03
  2.973130E+00  2.109236E+03
  2.975570E+00  2.114728E+03
  2.980440E+00  2.116466E+03
  2.990200E+00  2.103193E+03
  3.000000E+00  2.085496E+03
  3.203120E+00  1.782284E+03
  3.420000E+00  1.517119E+03
  3.420000E+00  1.555056E+03
  3.422470E+00  1.568654E+03
  3.424950E+00  1.578365E+03
  3.427420E+00  1.584741E+03
  3.429900E+00  1.588430E+03
  3.434860E+00  1.590228E+03
  3.439830E+00  1.587709E+03
  3.459770E+00  1.566886E+03
  3.500000E+00  1.525761E+03
  3.710000E+00  1.326169E+03
  3.710000E+00  1.397362E+03
  3.712180E+00  1.390850E+03
  3.714370E+00  1.385953E+03
  3.718740E+00  1.378840E+03
  3.727490E+00  1.369296E+03
  3.745070E+00  1.354929E+03
  3.780470E+00  1.325447E+03
  3.852270E+00  1.267533E+03
  4.000000E+00  1.158964E+03
  4.500000E+00  8.726112E+02
  5.000000E+00  6.747362E+02
  5.500000E+00  5.334016E+02
  6.000000E+00  4.296141E+02
  7.000000E+00  2.917165E+02
  8.000000E+00  2.078987E+02
  9.000000E+00  1.538425E+02
  1.000000E+01  1.173142E+02
  1.100000E+01  9.168323E+01
  1.250000E+01  6.575169E+01
  1.266200E+01  6.358012E+01
  1.266200E+01  1.014621E+02
  1.267190E+01  1.491308E+02
  1.268190E+01  1.598499E+02
  1.269180E+01  1.602656E+02
  1.270180E+01  1.594603E+02
  1.274170E+01  1.594220E+02
  1.278180E+01  1.576509E+02
  1.282200E+01  1.564702E+02
  1.298400E+01  1.514261E+02
  1.331420E+01  1.416426E+02
  1.400000E+01  1.237161E+02
  1.470400E+01  1.083460E+02
  1.470400E+01  1.237479E+02
  1.471320E+01  1.440611E+02
  1.472230E+01  1.490512E+02
  1.473150E+01  1.493839E+02
  1.474070E+01  1.490412E+02
  1.477740E+01  1.486850E+02
  1.485130E+01  1.466599E+02
  1.500000E+01  1.429031E+02
  1.535000E+01  1.345103E+02
  1.535000E+01  1.598443E+02
  1.535790E+01  1.560250E+02
  1.536570E+01  1.550377E+02
  1.538150E+01  1.547895E+02
  1.539720E+01  1.546752E+02
  1.541300E+01  1.542928E+02
  1.547630E+01  1.527055E+02
  1.560360E+01  1.496134E+02
  1.586140E+01  1.435263E+02
  1.638980E+01  1.320479E+02
  1.750000E+01  1.117507E+02
  2.000000E+01  7.922190E+01
  2.200000E+01  6.182283E+01
  2.500000E+01  4.421132E+01
  3.000000E+01  2.727461E+01
  3.500000E+01  1.805909E+01
  4.000000E+01  1.260350E+01
  4.500000E+01  9.161487E+00
  5.000000E+01  6.879011E+00
  5.500000E+01  5.303578E+00
  6.000000E+01  4.179872E+00
  7.000000E+01  2.737715E+00
  8.000000E+01  1.895400E+00
  8.553600E+01  1.575716E+00
  8.553600E+01  8.643375E+00
  8.560400E+01  7.497718E+00
  8.567210E+01  7.493828E+00
  8.574020E+01  7.494712E+00
  8.580840E+01  7.461564E+00
  8.594490E+01  7.424674E+00
  8.608170E+01  7.405404E+00
  8.663080E+01  7.285481E+00
  8.773960E+01  7.054387E+00
  9.000000E+01  6.613032E+00
  1.000000E+02  5.040721E+00
  1.100000E+02  3.934724E+00
  1.250000E+02  2.814548E+00
  1.400000E+02  2.086998E+00
  1.500000E+02  1.738401E+00
  1.750000E+02  1.154532E+00
  2.000000E+02  8.099245E-01
  2.200000E+02  6.293248E-01
  2.500000E+02  4.494942E-01
  2.738610E+02  3.538832E-01
  3.000000E+02  2.797549E-01
  3.240370E+02  2.295463E-01
  3.500000E+02  1.887282E-01
  3.741660E+02  1.595187E-01
  4.000000E+02  1.351344E-01
  4.242640E+02  1.168861E-01
  4.500000E+02  1.012705E-01
  5.000000E+02  7.866089E-02
  5.500000E+02  6.288239E-02
  6.000000E+02  5.146500E-02
  6.480740E+02  4.321687E-02
  7.000000E+02  3.643934E-02
  7.483310E+02  3.149983E-02
  8.000000E+02  2.729518E-02
  8.485280E+02  2.409849E-02
  9.000000E+02  2.131918E-02
  1.000000E+03  1.719482E-02
  1.100000E+03  1.422381E-02
  1.172600E+03  1.255420E-02
  1.250000E+03  1.110547E-02
  1.400000E+03  8.975210E-03
  1.500000E+03  7.906456E-03
  1.620190E+03  6.877391E-03
  1.750000E+03  6.001309E-03
  1.870830E+03  5.342560E-03
  2.000000E+03  4.765165E-03
  2.200000E+03  4.059626E-03
  2.345210E+03  3.653127E-03
  2.500000E+03  3.292947E-03
  2.738610E+03  2.846128E-03
  3.000000E+03  2.469239E-03
  3.240370E+03  2.194174E-03
  3.500000E+03  1.953885E-03
  4.000000E+03  1.605724E-03
  4.500000E+03  1.356974E-03
  5.000000E+03  1.171507E-03
  5.500000E+03  1.028513E-03
  6.000000E+03  9.153237E-04
  6.480740E+03  8.268020E-04
  7.000000E+03  7.481423E-04
  8.000000E+03  6.311605E-04
  9.000000E+03  5.450520E-04
  1.000000E+04  4.773916E-04
  1.100000E+04  4.241219E-04
  1.250000E+04  3.626992E-04
  1.400000E+04  3.163773E-04
  1.500000E+04  2.913856E-04
  1.750000E+04  2.430157E-04
  2.000000E+04  2.081642E-04
  2.200000E+04  1.866303E-04
  2.500000E+04  1.614575E-04
  3.000000E+04  1.316914E-04
  3.500000E+04  1.111124E-04
  4.000000E+04  9.605554E-05
  4.500000E+04  8.457038E-05
  5.000000E+04  7.552552E-05
  5.500000E+04  6.822056E-05
  6.000000E+04  6.219880E-05
  7.000000E+04  5.285782E-05
  8.000000E+04  4.595034E-05
  9.000000E+04  4.063633E-05
  1.000000E+05  3.642225E-05
  1.100000E+05  3.299901E-05
  1.250000E+05  2.892023E-05
  1.400000E+05  2.573804E-05
  1.500000E+05  2.397875E-05
  1.750000E+05  2.047863E-05
  2.000000E+05  1.786971E-05
  2.200000E+05  1.621676E-05
  2.500000E+05  1.424069E-05
  3.000000E+05  1.183655E-05
  3.500000E+05  1.012679E-05
  4.000000E+05  8.848569E-06
  4.500000E+05  7.856836E-06
  5.000000E+05  7.064965E-06
  5.500000E+05  6.418121E-06
  6.000000E+05  5.879766E-06
  7.000000E+05  5.035064E-06
  8.000000E+05  4.402569E-06
  9.000000E+05  3.911240E-06
  1.000000E+06  3.518560E-06
EndElement
Element    Pb   82   207.200000
Range      1.000000E+00 1.000000E+06
Npoints    270
Data
  1.000000E+00  4.794665E+03
  1.100000E+00  4.021087E+03
  1.172600E+00  3.562044E+03
  1.250000E+00  3.147528E+03
  1.400000E+00  2.514215E+03
  1.500000E+00  2.186008E+03
  1.620190E+00  1.865390E+03
  1.750000E+00  1.587784E+03
  1.870830E+00  1.378437E+03
  2.000000E+00  1.194680E+03
  2.200000E+00  9.714248E+02
  2.490000E+00  7.391480E+02
  2.490000E+00  7.664191E+02
  2.491250E+00  7.672969E+02
  2.492500E+00  7.706916E+02
  2.493750E+00  7.775915E+02
  2.494990E+00  7.893451E+02
  2.496250E+00  8.076731E+02
  2.497500E+00  8.345838E+02
  2.498750E+00  8.721844E+02
  2.500000E+00  9.222188E+02
  2.501410E+00  9.944118E+02
  2.502820E+00  1.081869E+03
  2.504240E+00  1.179962E+03
  2.505650E+00  1.281635E+03
  2.507070E+00  1.379460E+03
  2.508480E+00  1.467717E+03
  2.509900E+00  1.543487E+03
  2.511320E+00  1.606432E+03
  2.512740E+00  1.657873E+03
  2.514160E+00  1.699845E+03
  2.515580E+00  1.734409E+03
  2.517000E+00  1.763333E+03
  2.518420E+00  1.788000E+03
  2.519840E+00  1.809409E+03
  2.522690E+00  1.844978E+03
  2.525540E+00  1.873150E+03
  2.528390E+00  1.895137E+03
  2.531250E+00  1.911457E+03
  2.534110E+00  1.922516E+03
  2.536970E+00  1.928846E+03
  2.539840E+00  1.931148E+03
  2.545580E+00  1.926841E+03
  2.568690E+00  1.878774E+03
  2.592000E+00  1.845048E+03
  2.592000E+00  1.864608E+03
  2.593480E+00  1.864271E+03
  2.594960E+00  1.866192E+03
  2.596440E+00  1.871590E+03
  2.597930E+00  1.882140E+03
  2.599410E+00  1.899962E+03
  2.600900E+00  1.927376E+03
  2.602380E+00  1.966310E+03
  2.603870E+00  2.017289E+03
  2.605360E+00  2.078487E+03
  2.606840E+00  2.145530E+03
  2.608330E+00  2.212590E+03
  2.609820E+00  2.274346E+03
  2.611310E+00  2.327482E+03
  2.612800E+00  2.371012E+03
  2.614300E+00  2.405653E+03
  2.615790E+00  2.432936E+03
  2.617280E+00  2.454516E+03
  2.618780E+00  2.471839E+03
  2.621770E+00  2.497863E+03
  2.624770E+00  2.516450E+03
  2.627770E+00  2.529918E+03
  2.633780E+00  2.544456E+03
  2.639800E+00  2.544939E+03
  2.688480E+00  2.434796E+03
  2.788550E+00  2.231375E+03
  3.000000E+00  1.859420E+03
  3.072000E+00  1.750975E+03
  3.072000E+00  1.878292E+03
  3.073570E+00  1.912945E+03
  3.075130E+00  1.941280E+03
  3.076700E+00  1.963453E+03
  3.078270E+00  1.980128E+03
  3.079840E+00  1.992160E+03
  3.081410E+00  2.000435E+03
  3.084550E+00  2.008852E+03
  3.087690E+00  2.010398E+03
  3.090840E+00  2.008180E+03
  3.097150E+00  1.999066E+03
  3.122500E+00  1.962584E+03
  3.148060E+00  1.927527E+03
  3.173820E+00  1.889019E+03
  3.279020E+00  1.745151E+03
  3.500000E+00  1.487501E+03
  3.560000E+00  1.426131E+03
  3.560000E+00  1.463813E+03
  3.562230E+00  1.477636E+03
  3.564460E+00  1.487329E+03
  3.566690E+00  1.493290E+03
  3.568930E+00  1.496377E+03
  3.573400E+00  1.497234E+03
  3.577870E+00  1.494575E+03
  3.595840E+00  1.477395E+03
  3.632030E+00  1.444433E+03
  3.705530E+00  1.376411E+03
  3.857000E+00  1.249490E+03
  3.857000E+00  1.310595E+03
  3.859190E+00  1.306232E+03
  3.861390E+00  1.302840E+03
  3.865790E+00  1.297768E+03
  3.874590E+00  1.290578E+03
  3.892260E+00  1.278005E+03
  3.927850E+00  1.250411E+03
  4.000000E+00  1.197659E+03
  4.500000E+00  9.024492E+02
  5.000000E+00  6.982457E+02
  5.500000E+00  5.522698E+02
  6.000000E+00  4.450077E+02
  7.000000E+00  3.023888E+02
  8.000000E+00  2.156264E+02
  9.000000E+00  1.596393E+02
  1.000000E+01  1.217870E+02
  1.100000E+01  9.521580E+01
  1.250000E+01  6.832049E+01
  1.304100E+01  6.117356E+01
  1.304100E+01  9.862505E+01
  1.304820E+01  1.397151E+02
  1.305550E+01  1.508360E+02
  1.306270E+01  1.522654E+02
  1.307000E+01  1.518547E+02
  1.307720E+01  1.516719E+02
  1.308440E+01  1.518533E+02
  1.309900E+01  1.525819E+02
  1.311350E+01  1.526839E+02
  1.312800E+01  1.521335E+02
  1.315720E+01  1.509311E+02
  1.321570E+01  1.494168E+02
  1.327440E+01  1.475805E+02
  1.339270E+01  1.440547E+02
  1.351200E+01  1.408916E+02
  1.400000E+01  1.281242E+02
  1.500000E+01  1.063539E+02
  1.520600E+01  1.024871E+02
  1.520600E+01  1.182005E+02
  1.521610E+01  1.389507E+02
  1.522620E+01  1.410454E+02
  1.523640E+01  1.407536E+02
  1.524650E+01  1.407341E+02
  1.526680E+01  1.410245E+02
  1.528710E+01  1.406856E+02
  1.536860E+01  1.386796E+02
  1.553300E+01  1.349082E+02
  1.586700E+01  1.275174E+02
  1.586700E+01  1.495386E+02
  1.587910E+01  1.469955E+02
  1.589130E+01  1.469431E+02
  1.590350E+01  1.469382E+02
  1.591560E+01  1.466897E+02
  1.596440E+01  1.454661E+02
  1.606250E+01  1.432839E+02
  1.626040E+01  1.389423E+02
  1.666350E+01  1.305770E+02
  1.750000E+01  1.153016E+02
  2.000000E+01  8.184851E+01
  2.200000E+01  6.392276E+01
  2.500000E+01  4.575752E+01
  3.000000E+01  2.826512E+01
  3.500000E+01  1.873400E+01
  4.000000E+01  1.308540E+01
  4.500000E+01  9.518383E+00
  5.000000E+01  7.151292E+00
  5.500000E+01  5.516450E+00
  6.000000E+01  4.349689E+00
  7.000000E+01  2.851274E+00
  8.000000E+01  1.975396E+00
  8.801100E+01  1.518762E+00
  8.801100E+01  7.734266E+00
  8.807250E+01  7.152077E+00
  8.813400E+01  7.154460E+00
  8.819560E+01  7.145712E+00
  8.825720E+01  7.123536E+00
  8.850410E+01  7.080869E+00
  8.899990E+01  6.979318E+00
  9.000000E+01  6.785343E+00
  1.000000E+02  5.180087E+00
  1.100000E+02  4.047303E+00
  1.250000E+02  2.898434E+00
  1.400000E+02  2.151305E+00
  1.500000E+02  1.792997E+00
  1.750000E+02  1.192259E+00
  2.000000E+02  8.372374E-01
  2.200000E+02  6.510015E-01
  2.500000E+02  4.654022E-01
  2.738610E+02  3.666443E-01
  3.000000E+02  2.900201E-01
  3.240370E+02  2.380920E-01
  3.500000E+02  1.958530E-01
  3.741660E+02  1.656118E-01
  4.000000E+02  1.403540E-01
  4.242640E+02  1.214441E-01
  4.500000E+02  1.052558E-01
  5.000000E+02  8.180404E-02
  5.500000E+02  6.542655E-02
  6.000000E+02  5.356915E-02
  6.480740E+02  4.499835E-02
  7.000000E+02  3.795227E-02
  7.483310E+02  3.281456E-02
  8.000000E+02  2.843982E-02
  8.485280E+02  2.511262E-02
  9.000000E+02  2.221891E-02
  1.000000E+03  1.792325E-02
  1.100000E+03  1.482752E-02
  1.172600E+03  1.308734E-02
  1.250000E+03  1.157707E-02
  1.400000E+03  9.355884E-03
  1.500000E+03  8.241294E-03
  1.620190E+03  7.168033E-03
  1.750000E+03  6.254249E-03
  1.870830E+03  5.567167E-03
  2.000000E+03  4.964924E-03
  2.200000E+03  4.229013E-03
  2.345210E+03  3.805051E-03
  2.500000E+03  3.429423E-03
  2.738610E+03  2.963521E-03
  3.000000E+03  2.570600E-03
  3.240370E+03  2.283885E-03
  3.500000E+03  2.033467E-03
  4.000000E+03  1.670717E-03
  4.500000E+03  1.411622E-03
  5.000000E+03  1.218495E-03
  5.500000E+03  1.069633E-03
  6.000000E+03  9.518150E-04
  6.480740E+03  8.596896E-04
  7.000000E+03  7.778414E-04
  8.000000E+03  6.561372E-04
  9.000000E+03  5.665666E-04
  1.000000E+04  4.961233E-04
  1.100000E+04  4.406742E-04
  1.250000E+04  3.767558E-04
  1.400000E+04  3.285642E-04
  1.500000E+04  3.025690E-04
  1.750000E+04  2.522728E-04
  2.000000E+04  2.160449E-04
  2.200000E+04  1.936659E-04
  2.500000E+04  1.675120E-04
  3.000000E+04  1.365959E-04
  3.500000E+04  1.152290E-04
  4.000000E+04  9.959958E-05
  4.500000E+04  8.768028E-05
  5.000000E+04  7.829510E-05
  5.500000E+04  7.071656E-05
  6.000000E+04  6.447004E-05
  7.000000E+04  5.478201E-05
  8.000000E+04  4.761909E-05
  9.000000E+04  4.210936E-05
  1.000000E+05  3.774040E-05
  1.100000E+05  3.419163E-05
  1.250000E+05  2.996364E-05
  1.400000E+05  2.666559E-05
  1.500000E+05  2.484229E-05
  1.750000E+05  2.121508E-05
  2.000000E+05  1.851166E-05
  2.200000E+05  1.679892E-05
  2.500000E+05  1.475148E-05
  3.000000E+05  1.226067E-05
  3.500000E+05  1.048937E-05
  4.000000E+05  9.165193E-06
  4.500000E+05  8.137854E-06
  5.000000E+05  7.317599E-06
  5.500000E+05  6.647519E-06
  6.000000E+05  6.089890E-06
  7.000000E+05  5.214936E-06
  8.000000E+05  4.559795E-06
  9.000000E+05  4.050907E-06
  1.000000E+06  3.644180E-06
EndElement
Element    Bi   83   208.980000
Range      1.000000E+00 1.000000E+06
Npoints    254
Data
  1.000000E+00  5.015310E+03
  1.100000E+00  4.210110E+03
  1.172600E+00  3.731145E+03
  1.250000E+00  3.298403E+03
  1.400000E+00  2.636400E+03
  1.500000E+00  2.292920E+03
  1.620190E+00  1.957112E+03
  1.750000E+00  1.666313E+03
  2.000000E+00  1.254287E+03
  2.200000E+00  1.020107E+03
  2.500000E+00  7.695765E+02
  2.588000E+00  7.124327E+02
  2.588000E+00  7.361893E+02
  2.589650E+00  7.406761E+02
  2.591310E+00  7.529146E+02
  2.592960E+00  7.786105E+02
  2.594620E+00  8.260978E+02
  2.596280E+00  9.053066E+02
  2.597940E+00  1.023188E+03
  2.599600E+00  1.175629E+03
  2.601260E+00  1.342674E+03
  2.602920E+00  1.496835E+03
  2.604590E+00  1.619111E+03
  2.606250E+00  1.706008E+03
  2.607920E+00  1.764233E+03
  2.609580E+00  1.802919E+03
  2.611250E+00  1.829543E+03
  2.612920E+00  1.849017E+03
  2.614590E+00  1.864221E+03
  2.617930E+00  1.887012E+03
  2.621280E+00  1.902326E+03
  2.624630E+00  1.910622E+03
  2.627980E+00  1.912138E+03
  2.631340E+00  1.907818E+03
  2.634710E+00  1.899144E+03
  2.641450E+00  1.875172E+03
  2.648210E+00  1.850467E+03
  2.654980E+00  1.829912E+03
  2.661770E+00  1.814163E+03
  2.668580E+00  1.801830E+03
  2.696000E+00  1.757023E+03
  2.696000E+00  1.773987E+03
  2.698250E+00  1.776393E+03
  2.700500E+00  1.790194E+03
  2.702760E+00  1.827382E+03
  2.705020E+00  1.904127E+03
  2.707280E+00  2.027347E+03
  2.709540E+00  2.173080E+03
  2.711800E+00  2.297165E+03
  2.714060E+00  2.377576E+03
  2.716330E+00  2.421844E+03
  2.718600E+00  2.445183E+03
  2.720870E+00  2.458251E+03
  2.723140E+00  2.466412E+03
  2.727690E+00  2.475259E+03
  2.732250E+00  2.476319E+03
  2.736810E+00  2.470003E+03
  2.741390E+00  2.457920E+03
  2.750550E+00  2.426172E+03
  2.759750E+00  2.395926E+03
  2.768980E+00  2.371415E+03
  2.843940E+00  2.214470E+03
  3.000000E+00  1.941704E+03
  3.185000E+00  1.669082E+03
  3.185000E+00  1.808792E+03
  3.187350E+00  1.864460E+03
  3.189700E+00  1.898162E+03
  3.192050E+00  1.915204E+03
  3.194400E+00  1.922036E+03
  3.199110E+00  1.921647E+03
  3.203830E+00  1.914714E+03
  3.213290E+00  1.899819E+03
  3.222770E+00  1.888335E+03
  3.241820E+00  1.866743E+03
  3.260990E+00  1.840831E+03
  3.338790E+00  1.738470E+03
  3.500000E+00  1.549198E+03
  3.704000E+00  1.346803E+03
  3.704000E+00  1.389144E+03
  3.706230E+00  1.404841E+03
  3.708450E+00  1.413765E+03
  3.710680E+00  1.417624E+03
  3.712910E+00  1.418471E+03
  3.721840E+00  1.412252E+03
  3.739770E+00  1.396435E+03
  3.775880E+00  1.366601E+03
  3.849160E+00  1.304820E+03
  4.000000E+00  1.188853E+03
  4.007000E+00  1.183801E+03
  4.007000E+00  1.235121E+03
  4.010630E+00  1.232170E+03
  4.014270E+00  1.229628E+03
  4.021560E+00  1.225257E+03
  4.036170E+00  1.216128E+03
  4.065540E+00  1.194780E+03
  4.124940E+00  1.154342E+03
  4.246350E+00  1.077043E+03
  4.500000E+00  9.368380E+02
  5.000000E+00  7.253052E+02
  5.500000E+00  5.739995E+02
  6.000000E+00  4.627377E+02
  7.000000E+00  3.146798E+02
  8.000000E+00  2.245315E+02
  9.000000E+00  1.663186E+02
  1.000000E+01  1.269410E+02
  1.100000E+01  9.928607E+01
  1.250000E+01  7.127987E+01
  1.342600E+01  5.916959E+01
  1.342600E+01  1.012667E+02
  1.343480E+01  1.435179E+02
  1.344360E+01  1.458947E+02
  1.345240E+01  1.450826E+02
  1.346120E+01  1.453492E+02
  1.347880E+01  1.467866E+02
  1.348760E+01  1.469797E+02
  1.349640E+01  1.467912E+02
  1.353180E+01  1.454737E+02
  1.356730E+01  1.447994E+02
  1.363840E+01  1.429977E+02
  1.371000E+01  1.407875E+02
  1.400000E+01  1.332245E+02
  1.500000E+01  1.106382E+02
  1.571900E+01  9.746428E+01
  1.571900E+01  1.158096E+02
  1.572940E+01  1.341325E+02
  1.573970E+01  1.339029E+02
  1.575010E+01  1.337092E+02
  1.576050E+01  1.340553E+02
  1.577090E+01  1.343429E+02
  1.578130E+01  1.343348E+02
  1.580210E+01  1.338124E+02
  1.588560E+01  1.321064E+02
  1.605390E+01  1.284159E+02
  1.639600E+01  1.215283E+02
  1.639600E+01  1.402074E+02
  1.640430E+01  1.399368E+02
  1.641270E+01  1.401391E+02
  1.642940E+01  1.402253E+02
  1.646290E+01  1.392936E+02
  1.653010E+01  1.379744E+02
  1.666530E+01  1.351820E+02
  1.693900E+01  1.297357E+02
  1.750000E+01  1.194521E+02
  2.000000E+01  8.490994E+01
  2.200000E+01  6.636948E+01
  2.500000E+01  4.755670E+01
  3.000000E+01  2.941622E+01
  3.500000E+01  1.951738E+01
  4.000000E+01  1.364425E+01
  4.500000E+01  9.932066E+00
  5.000000E+01  7.466700E+00
  5.500000E+01  5.762876E+00
  6.000000E+01  4.546200E+00
  7.000000E+01  2.982599E+00
  8.000000E+01  2.067838E+00
  9.000000E+01  1.495945E+00
  9.053400E+01  1.471811E+00
  9.053400E+01  6.784144E+00
  9.060440E+01  6.842182E+00
  9.067480E+01  6.856878E+00
  9.081580E+01  6.831289E+00
  9.109840E+01  6.782617E+00
  9.166640E+01  6.675534E+00
  9.281300E+01  6.468859E+00
  9.514940E+01  6.073435E+00
  1.000000E+02  5.346386E+00
  1.100000E+02  4.180976E+00
  1.250000E+02  2.997699E+00
  1.400000E+02  2.227183E+00
  1.500000E+02  1.857317E+00
  1.750000E+02  1.236568E+00
  2.000000E+02  8.692452E-01
  2.200000E+02  6.763656E-01
  2.500000E+02  4.839844E-01
  2.738610E+02  3.815290E-01
  3.000000E+02  3.019831E-01
  3.240370E+02  2.480429E-01
  3.500000E+02  2.041430E-01
  3.741660E+02  1.726969E-01
  4.000000E+02  1.464197E-01
  4.500000E+02  1.098826E-01
  5.000000E+02  8.545054E-02
  5.500000E+02  6.837686E-02
  6.000000E+02  5.600752E-02
  6.480740E+02  4.706220E-02
  7.000000E+02  3.970440E-02
  7.483310E+02  3.433727E-02
  8.000000E+02  2.976490E-02
  8.485280E+02  2.628659E-02
  9.000000E+02  2.326037E-02
  1.000000E+03  1.876630E-02
  1.100000E+03  1.552622E-02
  1.172600E+03  1.370439E-02
  1.250000E+03  1.212289E-02
  1.400000E+03  9.796482E-03
  1.500000E+03  8.628911E-03
  1.620190E+03  7.504536E-03
  1.750000E+03  6.547184E-03
  1.870830E+03  5.827339E-03
  2.000000E+03  5.196366E-03
  2.200000E+03  4.425343E-03
  2.500000E+03  3.587666E-03
  2.738610E+03  3.099682E-03
  3.000000E+03  2.688207E-03
  3.240370E+03  2.388007E-03
  3.500000E+03  2.125861E-03
  4.000000E+03  1.746208E-03
  4.500000E+03  1.475125E-03
  5.000000E+03  1.273116E-03
  5.500000E+03  1.117439E-03
  6.000000E+03  9.942469E-04
  6.480740E+03  8.979237E-04
  7.000000E+03  8.123867E-04
  8.000000E+03  6.852008E-04
  9.000000E+03  5.916124E-04
  1.000000E+04  5.200429E-04
  1.100000E+04  4.618243E-04
  1.250000E+04  3.947358E-04
  1.400000E+04  3.441680E-04
  1.500000E+04  3.168987E-04
  1.750000E+04  2.641446E-04
  2.000000E+04  2.261602E-04
  2.200000E+04  2.027025E-04
  2.500000E+04  1.752942E-04
  3.000000E+04  1.429061E-04
  3.500000E+04  1.205293E-04
  4.000000E+04  1.041653E-04
  4.500000E+04  9.168881E-05
  5.000000E+04  8.186659E-05
  5.500000E+04  7.393620E-05
  6.000000E+04  6.740083E-05
  7.000000E+04  5.726596E-05
  8.000000E+04  4.977387E-05
  9.000000E+04  4.401165E-05
  1.000000E+05  3.944332E-05
  1.100000E+05  3.573258E-05
  1.250000E+05  3.131265E-05
  1.400000E+05  2.786472E-05
  1.500000E+05  2.595880E-05
  1.750000E+05  2.216746E-05
  2.000000E+05  1.934194E-05
  2.200000E+05  1.755196E-05
  2.500000E+05  1.541228E-05
  3.000000E+05  1.280943E-05
  3.500000E+05  1.095858E-05
  4.000000E+05  9.574996E-06
  4.500000E+05  8.501569E-06
  5.000000E+05  7.644557E-06
  5.500000E+05  6.944481E-06
  6.000000E+05  6.361891E-06
  7.000000E+05  5.447764E-06
  8.000000E+05  4.763335E-06
  9.000000E+05  4.231694E-06
  1.000000E+06  3.806789E-06
EndElement
Element    Po   84   208.982000
Range      1.000000E+00 1.000000E+06
Npoints    245
Data
  1.000000E+00  5.278069E+03
  1.024110E+00  5.064624E+03
  1.048810E+00  4.848298E+03
  1.100000E+00  4.440832E+03
  1.172600E+00  3.937292E+03
  1.250000E+00  3.482135E+03
  1.400000E+00  2.784941E+03
  1.500000E+00  2.422913E+03
  1.620190E+00  2.068651E+03
  1.750000E+00  1.761671E+03
  2.000000E+00  1.326607E+03
  2.200000E+00  1.079223E+03
  2.500000E+00  8.144393E+02
  2.687000E+00  6.932657E+02
  2.687000E+00  7.150655E+02
  2.688760E+00  7.239035E+02
  2.690520E+00  7.477867E+02
  2.692280E+00  8.015526E+02
  2.694050E+00  9.088049E+02
  2.695810E+00  1.094294E+03
  2.697580E+00  1.353810E+03
  2.699340E+00  1.624285E+03
  2.701110E+00  1.825272E+03
  2.702880E+00  1.932787E+03
  2.704650E+00  1.973677E+03
  2.706420E+00  1.981057E+03
  2.708200E+00  1.975622E+03
  2.711750E+00  1.959292E+03
  2.715300E+00  1.947123E+03
  2.722420E+00  1.924361E+03
  2.729560E+00  1.888767E+03
  2.736720E+00  1.847092E+03
  2.743900E+00  1.810279E+03
  2.751090E+00  1.782583E+03
  2.758310E+00  1.762913E+03
  2.772800E+00  1.735460E+03
  2.802000E+00  1.682091E+03
  2.802000E+00  1.697860E+03
  2.803500E+00  1.700517E+03
  2.804990E+00  1.709421E+03
  2.806490E+00  1.729910E+03
  2.807990E+00  1.770501E+03
  2.809480E+00  1.842553E+03
  2.810980E+00  1.955180E+03
  2.812480E+00  2.102922E+03
  2.813980E+00  2.256763E+03
  2.815480E+00  2.379610E+03
  2.816990E+00  2.454502E+03
  2.818490E+00  2.488704E+03
  2.819990E+00  2.497931E+03
  2.823000E+00  2.487330E+03
  2.826020E+00  2.470630E+03
  2.838100E+00  2.423348E+03
  2.850240E+00  2.365424E+03
  2.862430E+00  2.314254E+03
  2.874670E+00  2.279378E+03
  2.899310E+00  2.226223E+03
  2.924160E+00  2.172863E+03
  2.949230E+00  2.125927E+03
  3.000000E+00  2.039650E+03
  3.146900E+00  1.811103E+03
  3.301000E+00  1.603365E+03
  3.301000E+00  1.761282E+03
  3.304020E+00  1.831456E+03
  3.307040E+00  1.855420E+03
  3.310070E+00  1.858397E+03
  3.313100E+00  1.854576E+03
  3.325240E+00  1.831894E+03
  3.349660E+00  1.806383E+03
  3.399040E+00  1.744548E+03
  3.500000E+00  1.625236E+03
  3.852000E+00  1.282867E+03
  3.852000E+00  1.331711E+03
  3.854270E+00  1.348545E+03
  3.856540E+00  1.355211E+03
  3.861090E+00  1.354954E+03
  3.870200E+00  1.345796E+03
  3.888480E+00  1.330913E+03
  3.925300E+00  1.302641E+03
  4.000000E+00  1.244895E+03
  4.161000E+00  1.131197E+03
  4.161000E+00  1.176404E+03
  4.163550E+00  1.176032E+03
  4.166100E+00  1.175263E+03
  4.171200E+00  1.173312E+03
  4.181420E+00  1.168353E+03
  4.201940E+00  1.154965E+03
  4.243280E+00  1.127917E+03
  4.327180E+00  1.076353E+03
  4.500000E+00  9.798031E+02
  5.000000E+00  7.591346E+02
  5.500000E+00  6.011219E+02
  6.000000E+00  4.848443E+02
  7.000000E+00  3.299870E+02
  8.000000E+00  2.356053E+02
  9.000000E+00  1.746168E+02
  1.000000E+01  1.333385E+02
  1.100000E+01  1.043338E+02
  1.250000E+01  7.494580E+01
  1.381600E+01  5.776076E+01
  1.381600E+01  1.063541E+02
  1.382740E+01  1.431998E+02
  1.383890E+01  1.405671E+02
  1.385030E+01  1.408905E+02
  1.386180E+01  1.421140E+02
  1.387320E+01  1.426270E+02
  1.388470E+01  1.423895E+02
  1.390770E+01  1.414901E+02
  1.395380E+01  1.407239E+02
  1.400000E+01  1.393263E+02
  1.449140E+01  1.272827E+02
  1.500000E+01  1.159886E+02
  1.624400E+01  9.351288E+01
  1.624400E+01  1.153944E+02
  1.625460E+01  1.299627E+02
  1.626520E+01  1.284535E+02
  1.627580E+01  1.284207E+02
  1.628650E+01  1.288889E+02
  1.629710E+01  1.291140E+02
  1.630770E+01  1.289990E+02
  1.632910E+01  1.284783E+02
  1.641450E+01  1.269427E+02
  1.658690E+01  1.234665E+02
  1.693700E+01  1.168713E+02
  1.693700E+01  1.334621E+02
  1.694570E+01  1.344387E+02
  1.695430E+01  1.349171E+02
  1.696300E+01  1.350410E+02
  1.697170E+01  1.348865E+02
  1.700640E+01  1.339437E+02
  1.707600E+01  1.326466E+02
  1.721620E+01  1.299655E+02
  1.750000E+01  1.246990E+02
  2.000000E+01  8.875873E+01
  2.200000E+01  6.943953E+01
  2.500000E+01  4.980912E+01
  3.000000E+01  3.085158E+01
  3.500000E+01  2.049214E+01
  4.000000E+01  1.433828E+01
  4.500000E+01  1.044496E+01
  5.000000E+01  7.857265E+00
  5.500000E+01  6.067699E+00
  6.000000E+01  4.789023E+00
  7.000000E+01  3.144577E+00
  8.000000E+01  2.181716E+00
  9.000000E+01  1.579314E+00
  9.310600E+01  1.438784E+00
  9.310600E+01  6.179739E+00
  9.315800E+01  6.642360E+00
  9.321000E+01  6.652848E+00
  9.326200E+01  6.656019E+00
  9.331410E+01  6.626971E+00
  9.341830E+01  6.599164E+00
  9.352260E+01  6.593688E+00
  9.373160E+01  6.562451E+00
  9.394110E+01  6.517786E+00
  9.478360E+01  6.371916E+00
  9.649150E+01  6.091617E+00
  1.000000E+02  5.561133E+00
  1.100000E+02  4.352567E+00
  1.250000E+02  3.124521E+00
  1.400000E+02  2.323703E+00
  1.500000E+02  1.938942E+00
  1.750000E+02  1.292540E+00
  2.000000E+02  9.095340E-01
  2.200000E+02  7.082215E-01
  2.500000E+02  5.072520E-01
  2.738610E+02  4.001351E-01
  3.000000E+02  3.169100E-01
  3.240370E+02  2.604417E-01
  3.500000E+02  2.144588E-01
  3.741660E+02  1.815037E-01
  4.000000E+02  1.539519E-01
  4.500000E+02  1.156186E-01
  5.000000E+02  8.996499E-02
  5.500000E+02  7.202553E-02
  6.000000E+02  5.902062E-02
  6.480740E+02  4.961058E-02
  7.000000E+02  4.186670E-02
  7.483310E+02  3.621520E-02
  8.000000E+02  3.139909E-02
  8.485280E+02  2.773389E-02
  9.000000E+02  2.454407E-02
  1.000000E+03  1.980518E-02
  1.100000E+03  1.638711E-02
  1.172600E+03  1.446464E-02
  1.250000E+03  1.279547E-02
  1.400000E+03  1.033952E-02
  1.500000E+03  9.106722E-03
  1.620190E+03  7.919422E-03
  1.750000E+03  6.908451E-03
  2.000000E+03  5.481946E-03
  2.200000E+03  4.667676E-03
  2.500000E+03  3.783181E-03
  2.738610E+03  3.267970E-03
  3.000000E+03  2.833633E-03
  3.240370E+03  2.516812E-03
  3.500000E+03  2.240196E-03
  4.000000E+03  1.839692E-03
  4.500000E+03  1.553806E-03
  5.000000E+03  1.340817E-03
  5.500000E+03  1.176712E-03
  6.000000E+03  1.046885E-03
  7.000000E+03  8.552637E-04
  8.000000E+03  7.212840E-04
  9.000000E+03  6.227084E-04
  1.000000E+04  5.473387E-04
  1.100000E+04  4.859652E-04
  1.250000E+04  4.152581E-04
  1.400000E+04  3.619791E-04
  1.500000E+04  3.332548E-04
  1.750000E+04  2.776982E-04
  2.000000E+04  2.377098E-04
  2.200000E+04  2.130209E-04
  2.500000E+04  1.841816E-04
  3.000000E+04  1.501132E-04
  3.500000E+04  1.265830E-04
  4.000000E+04  1.093810E-04
  4.500000E+04  9.626803E-05
  5.000000E+04  8.594652E-05
  5.500000E+04  7.761450E-05
  6.000000E+04  7.074896E-05
  7.000000E+04  6.010383E-05
  8.000000E+04  5.223576E-05
  9.000000E+04  4.618544E-05
  1.000000E+05  4.138892E-05
  1.100000E+05  3.749379E-05
  1.250000E+05  3.285404E-05
  1.400000E+05  2.923497E-05
  1.500000E+05  2.723467E-05
  1.750000E+05  2.325579E-05
  2.000000E+05  2.029080E-05
  2.200000E+05  1.841254E-05
  2.500000E+05  1.616747E-05
  3.000000E+05  1.343658E-05
  3.500000E+05  1.149481E-05
  4.000000E+05  1.004332E-05
  4.500000E+05  8.917282E-06
  5.000000E+05  8.018234E-06
  5.500000E+05  7.283874E-06
  6.000000E+05  6.672732E-06
  7.000000E+05  5.713890E-06
  8.000000E+05  4.995983E-06
  9.000000E+05  4.438325E-06
  1.000000E+06  3.992649E-06
EndElement
Element    At   85   209.987000
Range      1.000000E+00 1.000000E+06
Npoints    243
Data
  1.000000E+00  5.428407E+03
  1.044000E+00  5.019364E+03
  1.044000E+00  5.109300E+03
  1.044850E+00  5.103679E+03
  1.045710E+00  5.097828E+03
  1.047410E+00  5.085554E+03
  1.050840E+00  5.059686E+03
  1.057730E+00  5.005196E+03
  1.071630E+00  4.890109E+03
  1.100000E+00  4.658357E+03
  1.172600E+00  4.132505E+03
  1.250000E+00  3.656067E+03
  1.400000E+00  2.925565E+03
  1.500000E+00  2.545937E+03
  1.620190E+00  2.174239E+03
  1.750000E+00  1.851911E+03
  2.000000E+00  1.394975E+03
  2.200000E+00  1.135164E+03
  2.500000E+00  8.569119E+02
  2.788000E+00  6.715045E+02
  2.788000E+00  6.923510E+02
  2.789870E+00  7.079006E+02
  2.791730E+00  7.537979E+02
  2.793600E+00  8.704998E+02
  2.795470E+00  1.129743E+03
  2.797340E+00  1.576493E+03
  2.799220E+00  2.050284E+03
  2.801090E+00  2.289639E+03
  2.802970E+00  2.303485E+03
  2.804840E+00  2.232047E+03
  2.806720E+00  2.152799E+03
  2.808600E+00  2.087914E+03
  2.810480E+00  2.039309E+03
  2.812360E+00  2.003530E+03
  2.814240E+00  1.976652E+03
  2.818010E+00  1.937623E+03
  2.833140E+00  1.817242E+03
  2.840730E+00  1.766934E+03
  2.848350E+00  1.730099E+03
  2.855980E+00  1.705080E+03
  2.863640E+00  1.687554E+03
  2.879010E+00  1.658870E+03
  2.910000E+00  1.602772E+03
  2.910000E+00  1.618060E+03
  2.912770E+00  1.636483E+03
  2.915550E+00  1.728952E+03
  2.918320E+00  2.035968E+03
  2.921100E+00  2.517061E+03
  2.923880E+00  2.676417E+03
  2.926670E+00  2.603513E+03
  2.929450E+00  2.518044E+03
  2.932240E+00  2.459477E+03
  2.935040E+00  2.421486E+03
  2.937830E+00  2.395068E+03
  2.943430E+00  2.355700E+03
  2.954660E+00  2.286129E+03
  2.960290E+00  2.255575E+03
  2.965930E+00  2.229936E+03
  2.977240E+00  2.192304E+03
  3.000000E+00  2.141543E+03
  3.203120E+00  1.810135E+03
  3.420000E+00  1.533105E+03
  3.420000E+00  1.711048E+03
  3.422470E+00  1.773068E+03
  3.424950E+00  1.791586E+03
  3.427420E+00  1.791566E+03
  3.429900E+00  1.786461E+03
  3.439830E+00  1.761167E+03
  3.449780E+00  1.747320E+03
  3.459770E+00  1.738596E+03
  3.479830E+00  1.718587E+03
  3.500000E+00  1.694159E+03
  3.741660E+00  1.439381E+03
  4.000000E+00  1.219616E+03
  4.005000E+00  1.215819E+03
  4.005000E+00  1.271872E+03
  4.007370E+00  1.288677E+03
  4.009740E+00  1.291832E+03
  4.014490E+00  1.287321E+03
  4.024000E+00  1.275746E+03
  4.043080E+00  1.261565E+03
  4.081530E+00  1.234128E+03
  4.159520E+00  1.179151E+03
  4.320000E+00  1.075601E+03
  4.320000E+00  1.116333E+03
  4.322760E+00  1.116984E+03
  4.325510E+00  1.116821E+03
  4.331040E+00  1.115493E+03
  4.342100E+00  1.110640E+03
  4.364310E+00  1.096863E+03
  4.409080E+00  1.070281E+03
  4.500000E+00  1.019049E+03
  5.000000E+00  7.901108E+02
  5.500000E+00  6.260001E+02
  6.000000E+00  5.051770E+02
  7.000000E+00  3.441121E+02
  8.000000E+00  2.458574E+02
  9.000000E+00  1.823158E+02
  1.000000E+01  1.392850E+02
  1.100000E+01  1.090342E+02
  1.250000E+01  7.836696E+01
  1.400000E+01  5.838053E+01
  1.421200E+01  5.614015E+01
  1.421200E+01  1.118848E+02
  1.422400E+01  1.401301E+02
  1.423600E+01  1.357219E+02
  1.424800E+01  1.363669E+02
  1.426000E+01  1.375373E+02
  1.427200E+01  1.377753E+02
  1.428410E+01  1.373710E+02
  1.430820E+01  1.365966E+02
  1.435650E+01  1.358817E+02
  1.440500E+01  1.345323E+02
  1.460070E+01  1.299624E+02
  1.500000E+01  1.209269E+02
  1.678200E+01  8.930040E+01
  1.678200E+01  1.151579E+02
  1.679280E+01  1.252038E+02
  1.680370E+01  1.228289E+02
  1.681450E+01  1.228544E+02
  1.682540E+01  1.233216E+02
  1.683630E+01  1.234696E+02
  1.684710E+01  1.232958E+02
  1.686890E+01  1.227543E+02
  1.695630E+01  1.213689E+02
  1.713230E+01  1.181221E+02
  1.749000E+01  1.118845E+02
  1.749000E+01  1.269575E+02
  1.750000E+01  1.287602E+02
  1.750910E+01  1.292862E+02
  1.751830E+01  1.293082E+02
  1.753660E+01  1.287725E+02
  1.757320E+01  1.280613E+02
  1.764670E+01  1.267596E+02
  1.779460E+01  1.241097E+02
  1.809410E+01  1.189925E+02
  1.870830E+01  1.093296E+02
  2.000000E+01  9.226003E+01
  2.200000E+01  7.224579E+01
  2.500000E+01  5.187850E+01
  3.000000E+01  3.217858E+01
  3.500000E+01  2.139716E+01
  4.000000E+01  1.498496E+01
  4.500000E+01  1.092424E+01
  5.000000E+01  8.223083E+00
  5.500000E+01  6.353809E+00
  6.000000E+01  5.017356E+00
  7.000000E+01  3.297355E+00
  8.000000E+01  2.289384E+00
  9.000000E+01  1.658302E+00
  9.572900E+01  1.400154E+00
  9.572900E+01  5.724170E+00
  9.579430E+01  6.380280E+00
  9.585970E+01  6.399093E+00
  9.599050E+01  6.377641E+00
  9.625270E+01  6.337032E+00
  9.677930E+01  6.247727E+00
  9.784120E+01  6.077548E+00
  1.000000E+02  5.751701E+00
  1.100000E+02  4.506045E+00
  1.250000E+02  3.238650E+00
  1.400000E+02  2.410996E+00
  1.500000E+02  2.012968E+00
  1.750000E+02  1.343588E+00
  2.000000E+02  9.464466E-01
  2.200000E+02  7.374969E-01
  2.500000E+02  5.287193E-01
  2.738610E+02  4.173458E-01
  3.000000E+02  3.307536E-01
  3.500000E+02  2.240636E-01
  3.741660E+02  1.897169E-01
  4.000000E+02  1.609878E-01
  4.500000E+02  1.209909E-01
  5.000000E+02  9.420243E-02
  5.500000E+02  7.545607E-02
  6.000000E+02  6.185810E-02
  6.480740E+02  5.201330E-02
  7.000000E+02  4.390728E-02
  7.483310E+02  3.798916E-02
  8.000000E+02  3.294372E-02
  9.000000E+02  2.575846E-02
  1.000000E+03  2.078854E-02
  1.100000E+03  1.720228E-02
  1.172600E+03  1.518459E-02
  1.250000E+03  1.343239E-02
  1.400000E+03  1.085375E-02
  1.500000E+03  9.559105E-03
  1.620190E+03  8.312130E-03
  1.750000E+03  7.250303E-03
  2.000000E+03  5.752046E-03
  2.200000E+03  4.896763E-03
  2.500000E+03  3.967833E-03
  2.738610E+03  3.426839E-03
  3.000000E+03  2.970849E-03
  3.240370E+03  2.638294E-03
  3.500000E+03  2.347992E-03
  4.000000E+03  1.927772E-03
  4.500000E+03  1.627900E-03
  5.000000E+03  1.404551E-03
  5.500000E+03  1.232499E-03
  6.000000E+03  1.096410E-03
  7.000000E+03  8.955851E-04
  8.000000E+03  7.552003E-04
  9.000000E+03  6.519400E-04
  1.000000E+04  5.729906E-04
  1.100000E+04  5.086386E-04
  1.250000E+04  4.345186E-04
  1.400000E+04  3.786785E-04
  1.500000E+04  3.485802E-04
  1.750000E+04  2.903855E-04
  2.000000E+04  2.485130E-04
  2.200000E+04  2.226669E-04
  2.500000E+04  1.924836E-04
  3.000000E+04  1.568392E-04
  3.500000E+04  1.322289E-04
  4.000000E+04  1.142422E-04
  4.500000E+04  1.005338E-04
  5.000000E+04  8.974607E-05
  5.500000E+04  8.103866E-05
  6.000000E+04  7.386498E-05
  7.000000E+04  6.274369E-05
  8.000000E+04  5.452526E-05
  9.000000E+04  4.820650E-05
  1.000000E+05  4.319748E-05
  1.100000E+05  3.913028E-05
  1.250000E+05  3.428588E-05
  1.400000E+05  3.050805E-05
  1.500000E+05  2.841976E-05
  1.750000E+05  2.426649E-05
  2.000000E+05  2.117177E-05
  2.200000E+05  1.921150E-05
  2.500000E+05  1.686849E-05
  3.000000E+05  1.401869E-05
  3.500000E+05  1.199246E-05
  4.000000E+05  1.047791E-05
  4.500000E+05  9.303006E-06
  5.000000E+05  8.364985E-06
  5.500000E+05  7.598777E-06
  6.000000E+05  6.961137E-06
  7.000000E+05  5.960769E-06
  8.000000E+05  5.211797E-06
  9.000000E+05  4.630022E-06
  1.000000E+06  4.165084E-06
EndElement
Element    Rn   86   222.018000
Range      1.000000E+00 1.000000E+06
Npoints    232
Data
  1.000000E+00  5.403213E+03
  1.096000E+00  4.569838E+03
  1.096000E+00  4.647875E+03
  1.097000E+00  4.642531E+03
  1.098000E+00  4.636944E+03
  1.100000E+00  4.624900E+03
  1.135720E+00  4.369441E+03
  1.172600E+00  4.114253E+03
  1.250000E+00  3.641418E+03
  1.400000E+00  2.915511E+03
  1.500000E+00  2.538102E+03
  1.750000E+00  1.847210E+03
  2.000000E+00  1.391940E+03
  2.200000E+00  1.132982E+03
  2.500000E+00  8.555982E+02
  2.890000E+00  6.184780E+02
  2.890000E+00  6.383684E+02
  2.891690E+00  6.027728E+02
  2.893380E+00  6.425483E+02
  2.895060E+00  8.333452E+02
  2.896760E+00  1.251080E+03
  2.898450E+00  1.976287E+03
  2.900140E+00  2.688540E+03
  2.901830E+00  2.826081E+03
  2.903530E+00  2.616972E+03
  2.905220E+00  2.381564E+03
  2.906920E+00  2.202533E+03
  2.908620E+00  2.077172E+03
  2.910310E+00  1.990262E+03
  2.912010E+00  1.929191E+03
  2.913710E+00  1.885165E+03
  2.915410E+00  1.852266E+03
  2.917120E+00  1.826533E+03
  2.920520E+00  1.786885E+03
  2.923930E+00  1.754292E+03
  2.930770E+00  1.695771E+03
  2.937620E+00  1.644793E+03
  2.944490E+00  1.604776E+03
  2.951370E+00  1.576045E+03
  2.958270E+00  1.556109E+03
  2.972110E+00  1.529725E+03
  3.000000E+00  1.482734E+03
  3.019000E+00  1.452800E+03
  3.019000E+00  1.467553E+03
  3.020740E+00  1.480223E+03
  3.022490E+00  1.522477E+03
  3.024230E+00  1.644285E+03
  3.025980E+00  1.957042E+03
  3.027730E+00  2.523154E+03
  3.029480E+00  2.924597E+03
  3.031230E+00  2.874254E+03
  3.032980E+00  2.683859E+03
  3.034730E+00  2.524591E+03
  3.036480E+00  2.413912E+03
  3.038240E+00  2.338978E+03
  3.039990E+00  2.287509E+03
  3.041750E+00  2.251113E+03
  3.043510E+00  2.224339E+03
  3.047020E+00  2.186801E+03
  3.061130E+00  2.090856E+03
  3.068210E+00  2.052912E+03
  3.075310E+00  2.022969E+03
  3.089550E+00  1.982922E+03
  3.103860E+00  1.954802E+03
  3.132670E+00  1.900569E+03
  3.250620E+00  1.729804E+03
  3.500000E+00  1.435725E+03
  3.542000E+00  1.392491E+03
  3.542000E+00  1.582102E+03
  3.545370E+00  1.645370E+03
  3.548740E+00  1.643144E+03
  3.555490E+00  1.620112E+03
  3.562250E+00  1.601741E+03
  3.569020E+00  1.592163E+03
  3.596250E+00  1.569625E+03
  3.651330E+00  1.512677E+03
  3.764040E+00  1.404963E+03
  4.000000E+00  1.209102E+03
  4.162000E+00  1.095005E+03
  4.162000E+00  1.155742E+03
  4.164420E+00  1.170186E+03
  4.166830E+00  1.169584E+03
  4.171670E+00  1.163207E+03
  4.181370E+00  1.149642E+03
  4.200830E+00  1.136918E+03
  4.240030E+00  1.112443E+03
  4.319520E+00  1.063787E+03
  4.483000E+00  9.717672E+02
  4.483000E+00  1.007241E+03
  4.487240E+00  1.008630E+03
  4.491490E+00  1.008404E+03
  4.500000E+00  1.006039E+03
  5.000000E+00  7.806150E+02
  5.500000E+00  6.188794E+02
  6.000000E+00  4.996941E+02
  7.000000E+00  3.406872E+02
  8.000000E+00  2.435848E+02
  9.000000E+00  1.807383E+02
  1.000000E+01  1.381503E+02
  1.100000E+01  1.081953E+02
  1.250000E+01  7.781060E+01
  1.400000E+01  5.799611E+01
  1.461500E+01  5.185972E+01
  1.461500E+01  1.121690E+02
  1.462690E+01  1.308828E+02
  1.463880E+01  1.248782E+02
  1.465070E+01  1.253052E+02
  1.466260E+01  1.263533E+02
  1.467450E+01  1.265708E+02
  1.468640E+01  1.261989E+02
  1.471030E+01  1.254671E+02
  1.475820E+01  1.249241E+02
  1.480620E+01  1.237151E+02
  1.500000E+01  1.196963E+02
  1.733400E+01  8.107314E+01
  1.733400E+01  1.098333E+02
  1.734430E+01  1.151166E+02
  1.735470E+01  1.118660E+02
  1.736500E+01  1.116797E+02
  1.737540E+01  1.120754E+02
  1.739610E+01  1.121527E+02
  1.741680E+01  1.116843E+02
  1.750000E+01  1.104824E+02
  1.805500E+01  1.018484E+02
  1.805500E+01  1.150879E+02
  1.806940E+01  1.175212E+02
  1.808390E+01  1.177173E+02
  1.811280E+01  1.169592E+02
  1.817080E+01  1.161240E+02
  1.828740E+01  1.142524E+02
  1.852280E+01  1.106150E+02
  1.900260E+01  1.036633E+02
  2.000000E+01  9.106501E+01
  2.200000E+01  7.137964E+01
  2.500000E+01  5.131424E+01
  3.000000E+01  3.187407E+01
  3.500000E+01  2.121832E+01
  4.000000E+01  1.487321E+01
  4.500000E+01  1.085104E+01
  5.000000E+01  8.173308E+00
  5.500000E+01  6.318938E+00
  6.000000E+01  4.992357E+00
  7.000000E+01  3.283781E+00
  8.000000E+01  2.281634E+00
  9.000000E+01  1.653741E+00
  9.840400E+01  1.295347E+00
  9.840400E+01  5.106117E+00
  9.845350E+01  5.867639E+00
  9.850300E+01  5.860479E+00
  9.860210E+01  5.846482E+00
  9.880060E+01  5.820388E+00
  9.919880E+01  5.763291E+00
  1.000000E+02  5.645381E+00
  1.100000E+02  4.430119E+00
  1.250000E+02  3.187895E+00
  1.400000E+02  2.375596E+00
  1.500000E+02  1.984585E+00
  1.750000E+02  1.326329E+00
  2.000000E+02  9.352657E-01
  2.200000E+02  7.293171E-01
  2.500000E+02  5.233494E-01
  2.738610E+02  4.133837E-01
  3.000000E+02  3.278247E-01
  3.500000E+02  2.223159E-01
  4.000000E+02  1.598730E-01
  4.500000E+02  1.202413E-01
  5.000000E+02  9.367630E-02
  5.500000E+02  7.507292E-02
  6.000000E+02  6.157004E-02
  6.480740E+02  5.178865E-02
  7.000000E+02  4.373076E-02
  8.000000E+02  3.282533E-02
  9.000000E+02  2.567294E-02
  1.000000E+03  2.072295E-02
  1.100000E+03  1.714948E-02
  1.250000E+03  1.339156E-02
  1.400000E+03  1.082026E-02
  1.500000E+03  9.529102E-03
  1.750000E+03  7.226227E-03
  2.000000E+03  5.731800E-03
  2.200000E+03  4.878651E-03
  2.500000E+03  3.952130E-03
  2.738610E+03  3.412677E-03
  3.000000E+03  2.958042E-03
  3.500000E+03  2.337215E-03
  4.000000E+03  1.918499E-03
  4.500000E+03  1.619787E-03
  5.000000E+03  1.397354E-03
  5.500000E+03  1.226049E-03
  6.000000E+03  1.090573E-03
  7.000000E+03  8.906919E-04
  8.000000E+03  7.509978E-04
  9.000000E+03  6.482607E-04
  1.000000E+04  5.697216E-04
  1.100000E+04  5.056316E-04
  1.250000E+04  4.318311E-04
  1.400000E+04  3.762502E-04
  1.500000E+04  3.462993E-04
  1.750000E+04  2.884019E-04
  2.000000E+04  2.467554E-04
  2.200000E+04  2.210570E-04
  2.500000E+04  1.910532E-04
  3.000000E+04  1.556331E-04
  3.500000E+04  1.311863E-04
  4.000000E+04  1.133234E-04
  4.500000E+04  9.971314E-05
  5.000000E+04  8.900436E-05
  5.500000E+04  8.036194E-05
  6.000000E+04  7.324255E-05
  7.000000E+04  6.220774E-05
  8.000000E+04  5.405464E-05
  9.000000E+04  4.778697E-05
  1.000000E+05  4.281910E-05
  1.100000E+05  3.878568E-05
  1.250000E+05  3.398192E-05
  1.400000E+05  3.023602E-05
  1.500000E+05  2.816587E-05
  1.750000E+05  2.404837E-05
  2.000000E+05  2.098063E-05
  2.200000E+05  1.903756E-05
  2.500000E+05  1.671527E-05
  3.000000E+05  1.389081E-05
  3.500000E+05  1.188273E-05
  4.000000E+05  1.038184E-05
  4.500000E+05  9.217550E-06
  5.000000E+05  8.288018E-06
  5.500000E+05  7.528802E-06
  6.000000E+05  6.896989E-06
  7.000000E+05  5.905749E-06
  8.000000E+05  5.163621E-06
  9.000000E+05  4.587170E-06
  1.000000E+06  4.126514E-06
EndElement
Element    Fr   87   223.020000
Range      1.000000E+00 1.000000E+06
Npoints    229
Data
  1.000000E+00  5.537766E+03
  1.003000E+00  5.508117E+03
  1.003000E+00  5.618937E+03
  1.003720E+00  5.603977E+03
  1.004450E+00  5.591286E+03
  1.005900E+00  5.570008E+03
  1.008800E+00  5.534580E+03
  1.014640E+00  5.472528E+03
  1.026420E+00  5.359954E+03
  1.050380E+00  5.142069E+03
  1.100000E+00  4.725606E+03
  1.153000E+00  4.328451E+03
  1.153000E+00  4.409108E+03
  1.153730E+00  4.406030E+03
  1.154460E+00  4.402708E+03
  1.155910E+00  4.395336E+03
  1.158840E+00  4.378379E+03
  1.164700E+00  4.339360E+03
  1.176520E+00  4.256300E+03
  1.200520E+00  4.096660E+03
  1.250000E+00  3.793338E+03
  1.400000E+00  3.040989E+03
  1.500000E+00  2.649110E+03
  1.750000E+00  1.930439E+03
  2.000000E+00  1.456045E+03
  2.200000E+00  1.185823E+03
  2.500000E+00  8.962005E+02
  2.998000E+00  5.968135E+02
  2.998000E+00  6.500223E+02
  3.000000E+00  1.093628E+03
  3.002050E+00  5.040890E+03
  3.004100E+00  4.319945E+03
  3.006150E+00  2.710395E+03
  3.008200E+00  2.196877E+03
  3.010260E+00  1.989626E+03
  3.012320E+00  1.891136E+03
  3.014370E+00  1.837088E+03
  3.016430E+00  1.801539E+03
  3.024680E+00  1.696558E+03
  3.032950E+00  1.611910E+03
  3.041250E+00  1.559827E+03
  3.049570E+00  1.530540E+03
  3.066270E+00  1.490503E+03
  3.083060E+00  1.454146E+03
  3.099950E+00  1.426555E+03
  3.134000E+00  1.383875E+03
  3.134000E+00  1.424997E+03
  3.136710E+00  2.331972E+03
  3.139410E+00  4.328505E+03
  3.142120E+00  2.656973E+03
  3.144840E+00  2.310861E+03
  3.147550E+00  2.198532E+03
  3.150270E+00  2.149695E+03
  3.155710E+00  2.095614E+03
  3.166620E+00  2.008080E+03
  3.177570E+00  1.953820E+03
  3.221750E+00  1.853568E+03
  3.311950E+00  1.720768E+03
  3.500000E+00  1.498520E+03
  3.666000E+00  1.331419E+03
  3.666000E+00  1.717088E+03
  3.668500E+00  1.618906E+03
  3.671000E+00  1.589983E+03
  3.673500E+00  1.560837E+03
  3.676000E+00  1.547330E+03
  3.686030E+00  1.532090E+03
  3.706170E+00  1.516922E+03
  3.746790E+00  1.477528E+03
  3.829360E+00  1.401677E+03
  4.000000E+00  1.259246E+03
  4.324000E+00  1.037160E+03
  4.324000E+00  1.148268E+03
  4.326700E+00  1.117066E+03
  4.329390E+00  1.109662E+03
  4.332090E+00  1.099339E+03
  4.334800E+00  1.094932E+03
  4.345620E+00  1.087917E+03
  4.367340E+00  1.075733E+03
  4.411120E+00  1.050254E+03
  4.500000E+00  1.000693E+03
  4.652000E+00  9.227225E+02
  4.652000E+00  9.592680E+02
  4.654620E+00  9.605344E+02
  4.657250E+00  9.608747E+02
  4.662500E+00  9.595245E+02
  4.673020E+00  9.540052E+02
  4.694140E+00  9.431771E+02
  4.736660E+00  9.231276E+02
  4.822860E+00  8.840277E+02
  5.000000E+00  8.104291E+02
  5.500000E+00  6.429692E+02
  6.000000E+00  5.194481E+02
  7.000000E+00  3.544941E+02
  8.000000E+00  2.536536E+02
  9.000000E+00  1.883292E+02
  1.000000E+01  1.440321E+02
  1.100000E+01  1.128569E+02
  1.250000E+01  8.121600E+01
  1.400000E+01  6.056839E+01
  1.500000E+01  5.062681E+01
  1.502800E+01  5.038136E+01
  1.502800E+01  1.782613E+02
  1.503690E+01  1.240215E+02
  1.504590E+01  1.208686E+02
  1.505480E+01  1.220732E+02
  1.506380E+01  1.225396E+02
  1.509970E+01  1.217001E+02
  1.517170E+01  1.206089E+02
  1.531680E+01  1.177801E+02
  1.561120E+01  1.119815E+02
  1.621700E+01  1.011167E+02
  1.750000E+01  8.234660E+01
  1.790300E+01  7.741645E+01
  1.790300E+01  1.320494E+02
  1.791420E+01  1.072312E+02
  1.792550E+01  1.072380E+02
  1.793680E+01  1.075666E+02
  1.794800E+01  1.073281E+02
  1.799310E+01  1.068378E+02
  1.808370E+01  1.055303E+02
  1.826630E+01  1.028047E+02
  1.863700E+01  9.750268E+01
  1.863700E+01  1.112333E+02
  1.864730E+01  1.129960E+02
  1.865760E+01  1.127695E+02
  1.867820E+01  1.122243E+02
  1.871940E+01  1.116823E+02
  1.880220E+01  1.104518E+02
  1.896880E+01  1.080316E+02
  1.930650E+01  1.033301E+02
  2.000000E+01  9.451294E+01
  2.200000E+01  7.415777E+01
  2.500000E+01  5.337487E+01
  3.000000E+01  3.320332E+01
  3.500000E+01  2.212895E+01
  4.000000E+01  1.552617E+01
  4.500000E+01  1.133638E+01
  5.000000E+01  8.544652E+00
  5.500000E+01  6.609935E+00
  6.000000E+01  5.225021E+00
  7.000000E+01  3.439900E+00
  8.000000E+01  2.391920E+00
  9.000000E+01  1.734815E+00
  1.000000E+02  1.301106E+00
  1.011340E+02  1.261644E+00
  1.011340E+02  5.141556E+00
  1.012000E+02  5.663059E+00
  1.012670E+02  5.649072E+00
  1.014000E+02  5.632114E+00
  1.016670E+02  5.595201E+00
  1.022020E+02  5.520674E+00
  1.032810E+02  5.375075E+00
  1.054740E+02  5.098136E+00
  1.100000E+02  4.580926E+00
  1.250000E+02  3.300188E+00
  1.400000E+02  2.461852E+00
  1.500000E+02  2.057865E+00
  1.750000E+02  1.377086E+00
  2.000000E+02  9.720997E-01
  2.200000E+02  7.586002E-01
  2.500000E+02  5.448873E-01
  3.000000E+02  3.417731E-01
  3.500000E+02  2.320279E-01
  4.000000E+02  1.670082E-01
  4.500000E+02  1.257021E-01
  5.000000E+02  9.799223E-02
  5.500000E+02  7.857298E-02
  6.000000E+02  6.446839E-02
  7.000000E+02  4.581952E-02
  8.000000E+02  3.440845E-02
  9.000000E+02  2.691871E-02
  1.000000E+03  2.173234E-02
  1.100000E+03  1.798649E-02
  1.250000E+03  1.404572E-02
  1.400000E+03  1.134840E-02
  1.500000E+03  9.993697E-03
  1.750000E+03  7.577253E-03
  2.000000E+03  6.009071E-03
  2.200000E+03  5.113716E-03
  2.500000E+03  4.141538E-03
  3.000000E+03  3.098694E-03
  3.500000E+03  2.447657E-03
  4.000000E+03  2.008712E-03
  4.500000E+03  1.695658E-03
  5.000000E+03  1.462604E-03
  5.500000E+03  1.283154E-03
  6.000000E+03  1.141255E-03
  7.000000E+03  9.319575E-04
  8.000000E+03  7.857055E-04
  9.000000E+03  6.781699E-04
  1.000000E+04  5.959684E-04
  1.100000E+04  5.312024E-04
  1.250000E+04  4.535480E-04
  1.400000E+04  3.950818E-04
  1.500000E+04  3.635805E-04
  1.750000E+04  3.027056E-04
  2.000000E+04  2.589318E-04
  2.200000E+04  2.319280E-04
  2.500000E+04  2.004083E-04
  3.000000E+04  1.632108E-04
  3.500000E+04  1.375460E-04
  4.000000E+04  1.187989E-04
  4.500000E+04  1.045177E-04
  5.000000E+04  9.328323E-05
  5.500000E+04  8.421816E-05
  6.000000E+04  7.675138E-05
  7.000000E+04  6.518018E-05
  8.000000E+04  5.663248E-05
  9.000000E+04  5.006219E-05
  1.000000E+05  4.485525E-05
  1.100000E+05  4.062771E-05
  1.250000E+05  3.559387E-05
  1.400000E+05  3.166876E-05
  1.500000E+05  2.949963E-05
  1.750000E+05  2.518590E-05
  2.000000E+05  2.197220E-05
  2.200000E+05  1.993679E-05
  2.500000E+05  1.750423E-05
  3.000000E+05  1.454589E-05
  3.500000E+05  1.244279E-05
  4.000000E+05  1.087093E-05
  4.500000E+05  9.651627E-06
  5.000000E+05  8.678207E-06
  5.500000E+05  7.883167E-06
  6.000000E+05  7.221547E-06
  7.000000E+05  6.183563E-06
  8.000000E+05  5.406480E-06
  9.000000E+05  4.802888E-06
  1.000000E+06  4.320539E-06
EndElement
Element    Ra   88   226.025000
Range      1.000000E+00 1.000000E+06
Npoints    220
Data
  1.000000E+00  5.714806E+03
  1.060000E+00  5.147082E+03
  1.060000E+00  5.225841E+03
  1.060610E+00  5.218434E+03
  1.061230E+00  5.211826E+03
  1.062460E+00  5.199517E+03
  1.064920E+00  5.176656E+03
  1.069860E+00  5.133627E+03
  1.079810E+00  5.048554E+03
  1.100000E+00  4.880085E+03
  1.214000E+00  4.058181E+03
  1.214000E+00  4.148343E+03
  1.215110E+00  4.140377E+03
  1.216220E+00  4.132437E+03
  1.218440E+00  4.116770E+03
  1.222900E+00  4.086556E+03
  1.231870E+00  4.030018E+03
  1.250000E+00  3.920699E+03
  1.400000E+00  3.146540E+03
  1.500000E+00  2.742755E+03
  1.620190E+00  2.345820E+03
  1.750000E+00  2.000968E+03
  2.000000E+00  1.510503E+03
  2.200000E+00  1.230835E+03
  2.500000E+00  9.307894E+02
  2.738610E+00  7.602458E+02
  3.000000E+00  6.194605E+02
  3.111000E+00  5.705187E+02
  3.111000E+00  2.662312E+04
  3.113190E+00  1.990335E+03
  3.115370E+00  1.641353E+03
  3.117560E+00  1.595398E+03
  3.119750E+00  1.597686E+03
  3.121940E+00  1.600444E+03
  3.124130E+00  1.594079E+03
  3.128530E+00  1.564326E+03
  3.132920E+00  1.534994E+03
  3.137330E+00  1.515331E+03
  3.146150E+00  1.490792E+03
  3.163870E+00  1.436727E+03
  3.172770E+00  1.415180E+03
  3.181700E+00  1.399401E+03
  3.217650E+00  1.346109E+03
  3.254000E+00  1.305237E+03
  3.254000E+00  4.535423E+03
  3.255850E+00  2.078312E+03
  3.257710E+00  1.933123E+03
  3.259560E+00  1.914770E+03
  3.261420E+00  1.921999E+03
  3.263280E+00  1.930999E+03
  3.265140E+00  1.934692E+03
  3.268860E+00  1.925950E+03
  3.276310E+00  1.892160E+03
  3.283780E+00  1.870707E+03
  3.313830E+00  1.797248E+03
  3.344160E+00  1.746310E+03
  3.374760E+00  1.701839E+03
  3.500000E+00  1.551065E+03
  3.793000E+00  1.264384E+03
  3.793000E+00  1.577816E+03
  3.796150E+00  1.481368E+03
  3.799300E+00  1.473500E+03
  3.805620E+00  1.469059E+03
  3.818280E+00  1.454985E+03
  3.843720E+00  1.432290E+03
  3.895130E+00  1.387382E+03
  4.000000E+00  1.300353E+03
  4.491000E+00  9.749567E+02
  4.491000E+00  1.046975E+03
  4.493250E+00  1.035616E+03
  4.495500E+00  1.033112E+03
  4.500000E+00  1.030999E+03
  4.827000E+00  8.690746E+02
  4.827000E+00  9.096050E+02
  4.829660E+00  9.076920E+02
  4.832310E+00  9.058882E+02
  4.837630E+00  9.027736E+02
  4.848290E+00  8.981056E+02
  4.869680E+00  8.889562E+02
  4.912740E+00  8.702976E+02
  5.000000E+00  8.342167E+02
  5.500000E+00  6.621997E+02
  6.000000E+00  5.352452E+02
  7.000000E+00  3.655755E+02
  8.000000E+00  2.617570E+02
  9.000000E+00  1.944555E+02
  1.000000E+01  1.487906E+02
  1.100000E+01  1.166370E+02
  1.250000E+01  8.398598E+01
  1.400000E+01  6.266730E+01
  1.500000E+01  5.239775E+01
  1.544900E+01  4.852163E+01
  1.544900E+01  1.470100E+02
  1.546410E+01  1.183603E+02
  1.547910E+01  1.168774E+02
  1.550930E+01  1.170231E+02
  1.556980E+01  1.160716E+02
  1.569160E+01  1.138530E+02
  1.593800E+01  1.092807E+02
  1.644260E+01  1.005578E+02
  1.750000E+01  8.502216E+01
  1.848800E+01  7.327948E+01
  1.848800E+01  1.057701E+02
  1.849950E+01  1.024338E+02
  1.851100E+01  1.020027E+02
  1.852240E+01  1.016555E+02
  1.853390E+01  1.017099E+02
  1.858000E+01  1.012042E+02
  1.867250E+01  1.000537E+02
  1.885880E+01  9.750979E+01
  1.923700E+01  9.255059E+01
  1.923700E+01  1.078819E+02
  1.924870E+01  1.068665E+02
  1.926040E+01  1.067826E+02
  1.928380E+01  1.065223E+02
  1.933080E+01  1.058778E+02
  1.942500E+01  1.045869E+02
  1.961480E+01  1.020643E+02
  2.000000E+01  9.717568E+01
  2.200000E+01  7.631553E+01
  2.500000E+01  5.499605E+01
  3.000000E+01  3.426326E+01
  3.500000E+01  2.286199E+01
  4.000000E+01  1.605570E+01
  4.500000E+01  1.173231E+01
  5.000000E+01  8.849117E+00
  5.500000E+01  6.849507E+00
  6.000000E+01  5.417249E+00
  7.000000E+01  3.569695E+00
  8.000000E+01  2.484064E+00
  9.000000E+01  1.802824E+00
  1.000000E+02  1.352900E+00
  1.039190E+02  1.218262E+00
  1.039190E+02  5.499338E+00
  1.040110E+02  5.404620E+00
  1.041040E+02  5.390819E+00
  1.042890E+02  5.367931E+00
  1.046600E+02  5.320932E+00
  1.054070E+02  5.224668E+00
  1.069160E+02  5.041013E+00
  1.100000E+02  4.691501E+00
  1.250000E+02  3.383856E+00
  1.400000E+02  2.526888E+00
  1.500000E+02  2.113500E+00
  1.750000E+02  1.416158E+00
  2.000000E+02  1.000756E+00
  2.200000E+02  7.815448E-01
  2.500000E+02  5.619182E-01
  2.738610E+02  4.444594E-01
  3.000000E+02  3.529303E-01
  3.500000E+02  2.398668E-01
  4.000000E+02  1.728081E-01
  4.500000E+02  1.301667E-01
  5.000000E+02  1.015372E-01
  5.500000E+02  8.145856E-02
  6.000000E+02  6.686555E-02
  6.480740E+02  5.628267E-02
  7.000000E+02  4.755473E-02
  8.000000E+02  3.572733E-02
  9.000000E+02  2.795883E-02
  1.000000E+03  2.257603E-02
  1.100000E+03  1.868655E-02
  1.250000E+03  1.459304E-02
  1.400000E+03  1.179018E-02
  1.500000E+03  1.038225E-02
  1.620190E+03  9.025791E-03
  1.750000E+03  7.870520E-03
  2.000000E+03  6.240433E-03
  2.200000E+03  5.309662E-03
  2.500000E+03  4.299173E-03
  2.738610E+03  3.711014E-03
  3.000000E+03  3.215521E-03
  3.500000E+03  2.539237E-03
  4.000000E+03  2.083420E-03
  4.500000E+03  1.758425E-03
  5.000000E+03  1.516540E-03
  5.500000E+03  1.330330E-03
  6.000000E+03  1.183108E-03
  7.000000E+03  9.660018E-04
  8.000000E+03  8.143218E-04
  9.000000E+03  7.028127E-04
  1.000000E+04  6.175875E-04
  1.100000E+04  5.504454E-04
  1.250000E+04  4.698482E-04
  1.400000E+04  4.091832E-04
  1.500000E+04  3.765047E-04
  1.750000E+04  3.133725E-04
  2.000000E+04  2.679929E-04
  2.200000E+04  2.400043E-04
  2.500000E+04  2.073441E-04
  3.000000E+04  1.688139E-04
  3.500000E+04  1.422392E-04
  4.000000E+04  1.228328E-04
  4.500000E+04  1.080527E-04
  5.000000E+04  9.642805E-05
  5.500000E+04  8.704948E-05
  6.000000E+04  7.932600E-05
  7.000000E+04  6.735845E-05
  8.000000E+04  5.851941E-05
  9.000000E+04  5.172633E-05
  1.000000E+05  4.634351E-05
  1.100000E+05  4.197394E-05
  1.250000E+05  3.677096E-05
  1.400000E+05  3.271446E-05
  1.500000E+05  3.047292E-05
  1.750000E+05  2.601541E-05
  2.000000E+05  2.269491E-05
  2.200000E+05  2.059200E-05
  2.500000E+05  1.807892E-05
  3.000000E+05  1.502289E-05
  3.500000E+05  1.285044E-05
  4.000000E+05  1.122683E-05
  4.500000E+05  9.967433E-06
  5.000000E+05  8.962059E-06
  5.500000E+05  8.140901E-06
  6.000000E+05  7.457596E-06
  7.000000E+05  6.385614E-06
  8.000000E+05  5.583053E-06
  9.000000E+05  4.959723E-06
  1.000000E+06  4.461566E-06
EndElement
Element    Ac   89   227.028000
Range      1.000000E+00 1.000000E+06
Npoints    238
Data
  1.000000E+00  5.936515E+03
  1.048810E+00  5.457084E+03
  1.100000E+00  5.005055E+03
  1.116000E+00  4.873486E+03
  1.116000E+00  4.939403E+03
  1.116990E+00  4.931764E+03
  1.117980E+00  4.924124E+03
  1.119960E+00  4.908925E+03
  1.123940E+00  4.878712E+03
  1.131930E+00  4.816906E+03
  1.148090E+00  4.691730E+03
  1.181100E+00  4.450742E+03
  1.250000E+00  3.997917E+03
  1.274000E+00  3.854570E+03
  1.274000E+00  3.943432E+03
  1.274940E+00  3.936005E+03
  1.275880E+00  3.928869E+03
  1.277760E+00  3.915421E+03
  1.281530E+00  3.890805E+03
  1.289110E+00  3.846427E+03
  1.304390E+00  3.762101E+03
  1.335510E+00  3.594456E+03
  1.400000E+00  3.279115E+03
  1.500000E+00  2.860270E+03
  1.620190E+00  2.447995E+03
  1.750000E+00  2.089478E+03
  2.000000E+00  1.578736E+03
  2.200000E+00  1.287202E+03
  2.500000E+00  9.741269E+02
  2.738610E+00  7.960288E+02
  3.000000E+00  6.488998E+02
  3.223000E+00  5.516317E+02
  3.223000E+00  7.432554E+02
  3.225310E+00  9.483702E+02
  3.227610E+00  1.125978E+03
  3.229920E+00  1.264642E+03
  3.232240E+00  1.352578E+03
  3.234550E+00  1.396293E+03
  3.236860E+00  1.412010E+03
  3.239180E+00  1.414219E+03
  3.241500E+00  1.411970E+03
  3.260100E+00  1.401689E+03
  3.278820E+00  1.359870E+03
  3.288210E+00  1.344217E+03
  3.297640E+00  1.331896E+03
  3.335600E+00  1.282783E+03
  3.374000E+00  1.244803E+03
  3.374000E+00  1.349963E+03
  3.375930E+00  1.454873E+03
  3.377870E+00  1.553494E+03
  3.379800E+00  1.638584E+03
  3.381740E+00  1.702016E+03
  3.383680E+00  1.741982E+03
  3.385620E+00  1.762906E+03
  3.387560E+00  1.771410E+03
  3.389500E+00  1.773185E+03
  3.405070E+00  1.762431E+03
  3.412880E+00  1.752206E+03
  3.420710E+00  1.735903E+03
  3.436420E+00  1.705960E+03
  3.468070E+00  1.660251E+03
  3.500000E+00  1.619157E+03
  3.921000E+00  1.212383E+03
  3.921000E+00  1.406572E+03
  3.923440E+00  1.408174E+03
  3.925890E+00  1.409829E+03
  3.930790E+00  1.412408E+03
  3.935690E+00  1.409885E+03
  3.940600E+00  1.404092E+03
  3.950440E+00  1.392288E+03
  3.960300E+00  1.383985E+03
  4.000000E+00  1.352695E+03
  4.242640E+00  1.170438E+03
  4.500000E+00  1.010746E+03
  4.661000E+00  9.252873E+02
  4.661000E+00  9.759678E+02
  4.663560E+00  9.776867E+02
  4.666120E+00  9.785621E+02
  4.671240E+00  9.784904E+02
  4.681500E+00  9.730340E+02
  4.702080E+00  9.621796E+02
  4.743530E+00  9.421048E+02
  4.827530E+00  9.028675E+02
  5.000000E+00  8.285391E+02
  5.005000E+00  8.265072E+02
  5.005000E+00  8.664898E+02
  5.008690E+00  8.627417E+02
  5.012380E+00  8.600970E+02
  5.019770E+00  8.566062E+02
  5.034590E+00  8.512665E+02
  5.064350E+00  8.390911E+02
  5.124410E+00  8.157191E+02
  5.246670E+00  7.705135E+02
  5.500000E+00  6.873731E+02
  6.000000E+00  5.558785E+02
  7.000000E+00  3.800006E+02
  8.000000E+00  2.722786E+02
  9.000000E+00  2.023909E+02
  1.000000E+01  1.549406E+02
  1.100000E+01  1.215131E+02
  1.250000E+01  8.755006E+01
  1.400000E+01  6.536135E+01
  1.500000E+01  5.466793E+01
  1.587400E+01  4.717566E+01
  1.587400E+01  1.099393E+02
  1.588610E+01  1.151968E+02
  1.589820E+01  1.137776E+02
  1.591030E+01  1.130681E+02
  1.592240E+01  1.133522E+02
  1.597100E+01  1.126829E+02
  1.606870E+01  1.110932E+02
  1.626580E+01  1.076244E+02
  1.666720E+01  1.008820E+02
  1.750000E+01  8.850527E+01
  1.908600E+01  6.999915E+01
  1.908600E+01  9.455929E+01
  1.909770E+01  9.830529E+01
  1.910940E+01  9.764161E+01
  1.912110E+01  9.729571E+01
  1.913290E+01  9.736574E+01
  1.917990E+01  9.684531E+01
  1.922700E+01  9.639967E+01
  1.927420E+01  9.575243E+01
  1.946430E+01  9.331125E+01
  1.985000E+01  8.864638E+01
  1.985000E+01  1.036858E+02
  1.986870E+01  1.022131E+02
  1.988740E+01  1.021932E+02
  1.992490E+01  1.016733E+02
  2.000000E+01  1.007292E+02
  2.200000E+01  7.917157E+01
  2.500000E+01  5.712848E+01
  3.000000E+01  3.564694E+01
  3.500000E+01  2.381362E+01
  4.000000E+01  1.674026E+01
  4.500000E+01  1.224246E+01
  5.000000E+01  9.240299E+00
  5.500000E+01  7.156630E+00
  6.000000E+01  5.663191E+00
  7.000000E+01  3.735203E+00
  8.000000E+01  2.601231E+00
  9.000000E+01  1.889114E+00
  1.000000E+02  1.418488E+00
  1.067590E+02  1.187226E+00
  1.067590E+02  5.484088E+00
  1.068590E+02  5.214080E+00
  1.069590E+02  5.193628E+00
  1.071590E+02  5.172752E+00
  1.075600E+02  5.125642E+00
  1.083670E+02  5.028530E+00
  1.100000E+02  4.842875E+00
  1.250000E+02  3.498273E+00
  1.400000E+02  2.615101E+00
  1.500000E+02  2.188611E+00
  1.750000E+02  1.468407E+00
  2.000000E+02  1.038808E+00
  2.200000E+02  8.118728E-01
  2.500000E+02  5.843011E-01
  2.738610E+02  4.624858E-01
  3.000000E+02  3.674909E-01
  3.240370E+02  3.028365E-01
  3.500000E+02  2.500405E-01
  3.741660E+02  2.121023E-01
  4.000000E+02  1.803045E-01
  4.500000E+02  1.359186E-01
  5.000000E+02  1.060925E-01
  5.500000E+02  8.515901E-02
  6.000000E+02  6.993443E-02
  6.480740E+02  5.888715E-02
  7.000000E+02  4.977123E-02
  7.483310E+02  4.310340E-02
  8.000000E+02  3.740959E-02
  8.485280E+02  3.306835E-02
  9.000000E+02  2.928389E-02
  1.000000E+03  2.365027E-02
  1.100000E+03  1.957771E-02
  1.172600E+03  1.728367E-02
  1.250000E+03  1.528971E-02
  1.400000E+03  1.235267E-02
  1.500000E+03  1.087706E-02
  1.620190E+03  9.455239E-03
  1.750000E+03  8.244275E-03
  1.870830E+03  7.333744E-03
  2.000000E+03  6.535551E-03
  2.200000E+03  5.559793E-03
  2.500000E+03  4.500584E-03
  2.738610E+03  3.884226E-03
  3.000000E+03  3.365006E-03
  3.240370E+03  2.986640E-03
  3.500000E+03  2.656577E-03
  4.000000E+03  2.179226E-03
  4.500000E+03  1.838983E-03
  5.000000E+03  1.585808E-03
  5.500000E+03  1.390943E-03
  6.000000E+03  1.236904E-03
  6.480740E+03  1.116569E-03
  7.000000E+03  1.009786E-03
  8.000000E+03  8.511524E-04
  9.000000E+03  7.345416E-04
  1.000000E+04  6.454276E-04
  1.100000E+04  5.752292E-04
  1.250000E+04  4.908659E-04
  1.400000E+04  4.273866E-04
  1.500000E+04  3.931999E-04
  1.750000E+04  3.271688E-04
  2.000000E+04  2.797218E-04
  2.200000E+04  2.504679E-04
  2.500000E+04  2.163388E-04
  3.000000E+04  1.760890E-04
  3.500000E+04  1.483386E-04
  4.000000E+04  1.280791E-04
  4.500000E+04  1.126529E-04
  5.000000E+04  1.005226E-04
  5.500000E+04  9.073769E-05
  6.000000E+04  8.268043E-05
  7.000000E+04  7.019809E-05
  8.000000E+04  6.098085E-05
  9.000000E+04  5.389788E-05
  1.000000E+05  4.828631E-05
  1.100000E+05  4.373100E-05
  1.250000E+05  3.830803E-05
  1.400000E+05  3.408032E-05
  1.500000E+05  3.174417E-05
  1.750000E+05  2.709921E-05
  2.000000E+05  2.363948E-05
  2.200000E+05  2.144846E-05
  2.500000E+05  1.883024E-05
  3.000000E+05  1.564656E-05
  3.500000E+05  1.338355E-05
  4.000000E+05  1.169233E-05
  4.500000E+05  1.038055E-05
  5.000000E+05  9.333379E-06
  5.500000E+05  8.478102E-06
  6.000000E+05  7.766410E-06
  7.000000E+05  6.649931E-06
  8.000000E+05  5.814097E-06
  9.000000E+05  5.164927E-06
  1.000000E+06  4.646132E-06
EndElement
Element    Th   90   232.038000
Range      1.000000E+00 1.000000E+06
Npoints    230
Data
  1.000000E+00  6.095796E+03
  1.048810E+00  5.609095E+03
  1.100000E+00  5.147957E+03
  1.171000E+00  4.585602E+03
  1.171000E+00  4.646800E+03
  1.171600E+00  4.642622E+03
  1.172200E+00  4.638443E+03
  1.173390E+00  4.630086E+03
  1.175790E+00  4.613424E+03
  1.180600E+00  4.580126E+03
  1.190270E+00  4.511713E+03
  1.209860E+00  4.374966E+03
  1.250000E+00  4.113175E+03
  1.333000E+00  3.634104E+03
  1.333000E+00  3.717310E+03
  1.334020E+00  3.709888E+03
  1.335040E+00  3.702802E+03
  1.337090E+00  3.689514E+03
  1.341200E+00  3.665248E+03
  1.349440E+00  3.621491E+03
  1.366090E+00  3.537895E+03
  1.400000E+00  3.372288E+03
  1.500000E+00  2.942528E+03
  1.620190E+00  2.519269E+03
  1.750000E+00  2.150730E+03
  2.000000E+00  1.625437E+03
  2.200000E+00  1.325425E+03
  2.500000E+00  1.003176E+03
  2.738610E+00  8.198451E+02
  3.000000E+00  6.683741E+02
  3.335000E+00  5.256831E+02
  3.335000E+00  6.459998E+02
  3.337430E+00  8.256897E+02
  3.339860E+00  1.000996E+03
  3.342290E+00  1.143871E+03
  3.344720E+00  1.237015E+03
  3.347160E+00  1.285683E+03
  3.349590E+00  1.306139E+03
  3.352030E+00  1.312804E+03
  3.354470E+00  1.314397E+03
  3.364250E+00  1.319121E+03
  3.369150E+00  1.320112E+03
  3.374060E+00  1.316432E+03
  3.393760E+00  1.279428E+03
  3.413570E+00  1.254474E+03
  3.453550E+00  1.208459E+03
  3.494000E+00  1.171522E+03
  3.494000E+00  1.240524E+03
  3.497000E+00  1.372330E+03
  3.500000E+00  1.501819E+03
  3.501830E+00  1.562269E+03
  3.503650E+00  1.604142E+03
  3.505480E+00  1.629587E+03
  3.507310E+00  1.643178E+03
  3.509140E+00  1.649430E+03
  3.510970E+00  1.651709E+03
  3.514640E+00  1.652332E+03
  3.529330E+00  1.648649E+03
  3.558910E+00  1.601484E+03
  3.618810E+00  1.528366E+03
  3.741660E+00  1.403160E+03
  4.000000E+00  1.183606E+03
  4.049000E+00  1.147017E+03
  4.049000E+00  1.330826E+03
  4.052340E+00  1.332443E+03
  4.055690E+00  1.335137E+03
  4.062380E+00  1.335598E+03
  4.075810E+00  1.321220E+03
  4.102800E+00  1.300520E+03
  4.157320E+00  1.259540E+03
  4.268550E+00  1.180626E+03
  4.500000E+00  1.035665E+03
  4.833000E+00  8.656759E+02
  4.833000E+00  9.126228E+02
  4.835570E+00  9.143590E+02
  4.838130E+00  9.152440E+02
  4.843270E+00  9.153816E+02
  4.853570E+00  9.106477E+02
  4.874220E+00  9.006194E+02
  4.915790E+00  8.824002E+02
  5.000000E+00  8.466885E+02
  5.185000E+00  7.744476E+02
  5.185000E+00  8.118930E+02
  5.189780E+00  8.076341E+02
  5.194570E+00  8.048597E+02
  5.204150E+00  8.012703E+02
  5.223370E+00  7.947223E+02
  5.262020E+00  7.805934E+02
  5.340180E+00  7.533554E+02
  5.500000E+00  7.014515E+02
  6.000000E+00  5.674886E+02
  7.000000E+00  3.881880E+02
  8.000000E+00  2.782941E+02
  9.000000E+00  2.069582E+02
  1.000000E+01  1.585012E+02
  1.100000E+01  1.243511E+02
  1.250000E+01  8.963916E+01
  1.400000E+01  6.695135E+01
  1.500000E+01  5.601361E+01
  1.630300E+01  4.511039E+01
  1.630300E+01  1.045890E+02
  1.631200E+01  1.089232E+02
  1.632110E+01  1.094529E+02
  1.633010E+01  1.081244E+02
  1.633910E+01  1.076515E+02
  1.635720E+01  1.079196E+02
  1.637540E+01  1.075612E+02
  1.641170E+01  1.069175E+02
  1.644800E+01  1.065407E+02
  1.659430E+01  1.042454E+02
  1.689090E+01  9.949309E+01
  1.750000E+01  9.050678E+01
  1.969600E+01  6.576710E+01
  1.969600E+01  8.880217E+01
  1.971490E+01  9.230196E+01
  1.973370E+01  9.156878E+01
  1.975260E+01  9.159240E+01
  1.977160E+01  9.131911E+01
  1.984740E+01  9.062486E+01
  2.000000E+01  8.879438E+01
  2.047500E+01  8.351731E+01
  2.047500E+01  9.768545E+01
  2.048650E+01  9.633666E+01
  2.049800E+01  9.630447E+01
  2.052100E+01  9.613915E+01
  2.056710E+01  9.560218E+01
  2.065970E+01  9.452071E+01
  2.084600E+01  9.241512E+01
  2.122380E+01  8.833008E+01
  2.200000E+01  8.067205E+01
  2.500000E+01  5.828477E+01
  3.000000E+01  3.642487E+01
  3.500000E+01  2.436221E+01
  4.000000E+01  1.714238E+01
  4.500000E+01  1.254663E+01
  5.000000E+01  9.476415E+00
  5.500000E+01  7.343940E+00
  6.000000E+01  5.814514E+00
  7.000000E+01  3.838512E+00
  8.000000E+01  2.675235E+00
  9.000000E+01  1.944150E+00
  1.000000E+02  1.460665E+00
  1.096540E+02  1.137279E+00
  1.096540E+02  5.199319E+00
  1.097400E+02  4.938359E+00
  1.098270E+02  4.929898E+00
  1.100000E+02  4.907163E+00
  1.250000E+02  3.551806E+00
  1.400000E+02  2.657898E+00
  1.500000E+02  2.225782E+00
  1.750000E+02  1.495304E+00
  2.000000E+02  1.058989E+00
  2.200000E+02  8.282721E-01
  2.500000E+02  5.966938E-01
  2.738610E+02  4.726243E-01
  3.000000E+02  3.758005E-01
  3.500000E+02  2.559824E-01
  3.741660E+02  2.172456E-01
  4.000000E+02  1.847617E-01
  4.500000E+02  1.393874E-01
  5.000000E+02  1.088713E-01
  5.500000E+02  8.743703E-02
  6.000000E+02  7.183783E-02
  6.480740E+02  6.051183E-02
  7.000000E+02  5.116087E-02
  7.483310E+02  4.431777E-02
  8.000000E+02  3.847180E-02
  9.000000E+02  3.012446E-02
  1.000000E+03  2.433354E-02
  1.100000E+03  2.014538E-02
  1.172600E+03  1.778545E-02
  1.250000E+03  1.573380E-02
  1.400000E+03  1.271107E-02
  1.500000E+03  1.119213E-02
  1.620190E+03  9.728447E-03
  1.750000E+03  8.481730E-03
  2.000000E+03  6.722567E-03
  2.200000E+03  5.718176E-03
  2.500000E+03  4.627672E-03
  2.738610E+03  3.993167E-03
  3.000000E+03  3.458868E-03
  3.240370E+03  3.069517E-03
  3.500000E+03  2.729945E-03
  4.000000E+03  2.238953E-03
  4.500000E+03  1.889080E-03
  5.000000E+03  1.628800E-03
  5.500000E+03  1.428509E-03
  6.000000E+03  1.270204E-03
  7.000000E+03  1.036835E-03
  8.000000E+03  8.738693E-04
  9.000000E+03  7.540847E-04
  1.000000E+04  6.625631E-04
  1.100000E+04  5.904728E-04
  1.250000E+04  5.072329E-04
  1.400000E+04  4.415297E-04
  1.500000E+04  4.061554E-04
  1.750000E+04  3.378464E-04
  2.000000E+04  2.887792E-04
  2.200000E+04  2.585359E-04
  2.500000E+04  2.232605E-04
  3.000000E+04  1.816733E-04
  3.500000E+04  1.530108E-04
  4.000000E+04  1.320917E-04
  4.500000E+04  1.161668E-04
  5.000000E+04  1.036467E-04
  5.500000E+04  9.354928E-05
  6.000000E+04  8.523593E-05
  7.000000E+04  7.235871E-05
  8.000000E+04  6.285177E-05
  9.000000E+04  5.554723E-05
  1.000000E+05  4.976069E-05
  1.100000E+05  4.506419E-05
  1.250000E+05  3.947334E-05
  1.400000E+05  3.511527E-05
  1.500000E+05  3.270733E-05
  1.750000E+05  2.791999E-05
  2.000000E+05  2.435430E-05
  2.200000E+05  2.209644E-05
  2.500000E+05  1.939850E-05
  3.000000E+05  1.611809E-05
  3.500000E+05  1.378647E-05
  4.000000E+05  1.204407E-05
  4.500000E+05  1.069264E-05
  5.000000E+05  9.613837E-06
  5.500000E+05  8.732776E-06
  6.000000E+05  7.999623E-06
  7.000000E+05  6.849531E-06
  8.000000E+05  5.988531E-06
  9.000000E+05  5.319820E-06
  1.000000E+06  4.785442E-06
EndElement
Element    Pa   91   231.036000
Range      1.000000E+00 1.000000E+06
Npoints    241
Data
  1.000000E+00  5.997326E+03
  1.011000E+00  5.882923E+03
  1.011000E+00  6.278759E+03
  1.011670E+00  6.271825E+03
  1.012330E+00  6.264918E+03
  1.013670E+00  6.251598E+03
  1.016350E+00  6.227852E+03
  1.021720E+00  6.181794E+03
  1.032550E+00  6.071666E+03
  1.054560E+00  5.845910E+03
  1.100000E+00  5.422940E+03
  1.160820E+00  4.915126E+03
  1.225000E+00  4.441745E+03
  1.225000E+00  4.500236E+03
  1.225770E+00  4.495153E+03
  1.226550E+00  4.490071E+03
  1.228100E+00  4.479905E+03
  1.231200E+00  4.459678E+03
  1.237440E+00  4.418937E+03
  1.250000E+00  4.335344E+03
  1.390000E+00  3.531109E+03
  1.390000E+00  3.610949E+03
  1.391250E+00  3.602425E+03
  1.392490E+00  3.594423E+03
  1.394990E+00  3.579435E+03
  1.400000E+00  3.552301E+03
  1.500000E+00  3.101545E+03
  1.620190E+00  2.656002E+03
  1.750000E+00  2.268062E+03
  2.000000E+00  1.714591E+03
  2.200000E+00  1.398308E+03
  2.500000E+00  1.058514E+03
  2.738610E+00  8.651503E+02
  3.000000E+00  7.053747E+02
  3.446000E+00  5.148441E+02
  3.446000E+00  6.022506E+02
  3.449350E+00  8.139519E+02
  3.452700E+00  1.025244E+03
  3.456060E+00  1.166002E+03
  3.459420E+00  1.230525E+03
  3.462780E+00  1.252950E+03
  3.466150E+00  1.260261E+03
  3.472900E+00  1.268375E+03
  3.479650E+00  1.274206E+03
  3.486420E+00  1.272129E+03
  3.493200E+00  1.262458E+03
  3.500000E+00  1.250140E+03
  3.513930E+00  1.229840E+03
  3.527910E+00  1.215266E+03
  3.556050E+00  1.184167E+03
  3.613000E+00  1.134004E+03
  3.613000E+00  1.185817E+03
  3.615870E+00  1.290224E+03
  3.618750E+00  1.406913E+03
  3.621630E+00  1.499152E+03
  3.624510E+00  1.552222E+03
  3.627390E+00  1.575827E+03
  3.630270E+00  1.584473E+03
  3.636050E+00  1.588883E+03
  3.647630E+00  1.590877E+03
  3.653440E+00  1.586342E+03
  3.659250E+00  1.578222E+03
  3.670900E+00  1.559408E+03
  3.682600E+00  1.544037E+03
  3.706090E+00  1.517069E+03
  3.801580E+00  1.418319E+03
  4.000000E+00  1.245685E+03
  4.178000E+00  1.113610E+03
  4.178000E+00  1.293764E+03
  4.180420E+00  1.294413E+03
  4.182850E+00  1.295473E+03
  4.187700E+00  1.298090E+03
  4.192570E+00  1.296818E+03
  4.197430E+00  1.292379E+03
  4.216950E+00  1.273867E+03
  4.256270E+00  1.246464E+03
  4.336010E+00  1.191380E+03
  4.500000E+00  1.087082E+03
  5.000000E+00  8.346090E+02
  5.008000E+00  8.312361E+02
  5.008000E+00  8.762335E+02
  5.010720E+00  8.779122E+02
  5.013430E+00  8.787411E+02
  5.018880E+00  8.788140E+02
  5.029780E+00  8.740857E+02
  5.051650E+00  8.642928E+02
  5.095670E+00  8.463204E+02
  5.184880E+00  8.113505E+02
  5.368000E+00  7.449583E+02
  5.368000E+00  7.809135E+02
  5.372080E+00  7.773998E+02
  5.376160E+00  7.749600E+02
  5.384330E+00  7.717435E+02
  5.400700E+00  7.667337E+02
  5.433600E+00  7.554107E+02
  5.500000E+00  7.337083E+02
  6.000000E+00  5.937844E+02
  7.000000E+00  4.064807E+02
  8.000000E+00  2.915904E+02
  9.000000E+00  2.169580E+02
  1.000000E+01  1.662342E+02
  1.100000E+01  1.304706E+02
  1.250000E+01  9.410175E+01
  1.400000E+01  7.031852E+01
  1.500000E+01  5.884826E+01
  1.673500E+01  4.430354E+01
  1.673500E+01  1.026943E+02
  1.674670E+01  1.071195E+02
  1.675840E+01  1.063668E+02
  1.677010E+01  1.053041E+02
  1.678180E+01  1.053989E+02
  1.679350E+01  1.054902E+02
  1.680530E+01  1.052631E+02
  1.682880E+01  1.048591E+02
  1.692310E+01  1.036207E+02
  1.711320E+01  1.006766E+02
  1.750000E+01  9.489050E+01
  2.000000E+01  6.621159E+01
  2.031800E+01  6.343767E+01
  2.031800E+01  8.580292E+01
  2.033020E+01  8.940078E+01
  2.034240E+01  8.886904E+01
  2.035450E+01  8.847701E+01
  2.036670E+01  8.851923E+01
  2.041560E+01  8.804718E+01
  2.051370E+01  8.706815E+01
  2.071120E+01  8.494196E+01
  2.111200E+01  8.077873E+01
  2.111200E+01  9.446276E+01
  2.112560E+01  9.312402E+01
  2.113920E+01  9.314383E+01
  2.116640E+01  9.286206E+01
  2.122100E+01  9.228261E+01
  2.133060E+01  9.110262E+01
  2.155140E+01  8.878328E+01
  2.200000E+01  8.429475E+01
  2.500000E+01  6.097654E+01
  3.000000E+01  3.817051E+01
  3.500000E+01  2.556128E+01
  4.000000E+01  1.800418E+01
  4.500000E+01  1.318847E+01
  5.000000E+01  9.968348E+00
  5.500000E+01  7.729999E+00
  6.000000E+01  6.123563E+00
  7.000000E+01  4.046378E+00
  8.000000E+01  2.822328E+00
  9.000000E+01  2.052448E+00
  1.000000E+02  1.542953E+00
  1.100000E+02  1.191752E+00
  1.126040E+02  1.118427E+00
  1.126040E+02  5.054682E+00
  1.126960E+02  4.806092E+00
  1.127880E+02  4.793268E+00
  1.129720E+02  4.775830E+00
  1.133410E+02  4.737592E+00
  1.140840E+02  4.659420E+00
  1.155830E+02  4.508812E+00
  1.186400E+02  4.222375E+00
  1.250000E+02  3.698999E+00
  1.400000E+02  2.770874E+00
  1.500000E+02  2.321854E+00
  1.750000E+02  1.561915E+00
  2.000000E+02  1.107390E+00
  2.200000E+02  8.667951E-01
  2.500000E+02  6.250790E-01
  2.738610E+02  4.954615E-01
  3.000000E+02  3.942298E-01
  3.500000E+02  2.688428E-01
  3.741660E+02  2.282719E-01
  4.000000E+02  1.942304E-01
  4.500000E+02  1.466476E-01
  5.000000E+02  1.146184E-01
  5.500000E+02  9.210433E-02
  6.000000E+02  7.570737E-02
  6.480740E+02  6.379555E-02
  7.000000E+02  5.395467E-02
  7.483310E+02  4.674982E-02
  8.000000E+02  4.059203E-02
  9.000000E+02  3.179429E-02
  1.000000E+03  2.568741E-02
  1.100000E+03  2.126853E-02
  1.172600E+03  1.877778E-02
  1.250000E+03  1.661192E-02
  1.400000E+03  1.342019E-02
  1.500000E+03  1.181600E-02
  1.620190E+03  1.027009E-02
  1.750000E+03  8.953137E-03
  2.000000E+03  7.094958E-03
  2.200000E+03  6.035122E-03
  2.500000E+03  4.883013E-03
  2.738610E+03  4.212652E-03
  3.000000E+03  3.648484E-03
  3.240370E+03  3.237400E-03
  3.500000E+03  2.878838E-03
  4.000000E+03  2.360595E-03
  4.500000E+03  1.991397E-03
  5.000000E+03  1.716804E-03
  5.500000E+03  1.505535E-03
  6.000000E+03  1.338581E-03
  7.000000E+03  1.092507E-03
  8.000000E+03  9.206992E-04
  9.000000E+03  7.944364E-04
  1.000000E+04  6.979694E-04
  1.100000E+04  6.219954E-04
  1.250000E+04  5.342787E-04
  1.400000E+04  4.649593E-04
  1.500000E+04  4.276461E-04
  1.750000E+04  3.556132E-04
  2.000000E+04  3.038909E-04
  2.200000E+04  2.720176E-04
  2.500000E+04  2.348514E-04
  3.000000E+04  1.910515E-04
  3.500000E+04  1.608751E-04
  4.000000E+04  1.388575E-04
  4.500000E+04  1.221006E-04
  5.000000E+04  1.089288E-04
  5.500000E+04  9.830747E-05
  6.000000E+04  8.956395E-05
  7.000000E+04  7.602328E-05
  8.000000E+04  6.602835E-05
  9.000000E+04  5.835014E-05
  1.000000E+05  5.226847E-05
  1.100000E+05  4.733264E-05
  1.250000E+05  4.145767E-05
  1.400000E+05  3.687869E-05
  1.500000E+05  3.434900E-05
  1.750000E+05  2.931961E-05
  2.000000E+05  2.557400E-05
  2.200000E+05  2.320240E-05
  2.500000E+05  2.036871E-05
  3.000000E+05  1.692354E-05
  3.500000E+05  1.447497E-05
  4.000000E+05  1.264525E-05
  4.500000E+05  1.122618E-05
  5.000000E+05  1.009341E-05
  5.500000E+05  9.168284E-06
  6.000000E+05  8.398482E-06
  7.000000E+05  7.190932E-06
  8.000000E+05  6.286969E-06
  9.000000E+05  5.584861E-06
  1.000000E+06  5.023846E-06
EndElement
Element    U    92   238.051000
Range      1.000000E+00 1.000000E+06
Npoints    240
Data
  1.000000E+00  6.094087E+03
  1.050000E+00  5.591119E+03
  1.050000E+00  5.969420E+03
  1.050760E+00  5.962438E+03
  1.051530E+00  5.955456E+03
  1.053060E+00  5.941593E+03
  1.056120E+00  5.914524E+03
  1.062280E+00  5.862968E+03
  1.074710E+00  5.743284E+03
  1.100000E+00  5.507333E+03
  1.172600E+00  4.903148E+03
  1.250000E+00  4.348268E+03
  1.278000E+00  4.167491E+03
  1.278000E+00  4.221552E+03
  1.278910E+00  4.216088E+03
  1.279820E+00  4.210624E+03
  1.281650E+00  4.199720E+03
  1.285300E+00  4.177964E+03
  1.292650E+00  4.134048E+03
  1.307470E+00  4.044443E+03
  1.337610E+00  3.870471E+03
  1.400000E+00  3.541399E+03
  1.446000E+00  3.322219E+03
  1.446000E+00  3.396240E+03
  1.446830E+00  3.391004E+03
  1.447660E+00  3.385970E+03
  1.449320E+00  3.376458E+03
  1.452640E+00  3.358876E+03
  1.459310E+00  3.327203E+03
  1.472750E+00  3.268538E+03
  1.500000E+00  3.151915E+03
  1.620190E+00  2.700276E+03
  1.750000E+00  2.306522E+03
  2.000000E+00  1.744200E+03
  2.200000E+00  1.422687E+03
  2.500000E+00  1.077133E+03
  2.738610E+00  8.804811E+02
  3.000000E+00  7.179687E+02
  3.500000E+00  5.058046E+02
  3.557000E+00  4.873954E+02
  3.557000E+00  5.528988E+02
  3.559690E+00  6.881301E+02
  3.562370E+00  8.448594E+02
  3.565060E+00  9.826787E+02
  3.567750E+00  1.076391E+03
  3.570450E+00  1.128138E+03
  3.573140E+00  1.153114E+03
  3.575840E+00  1.164868E+03
  3.578540E+00  1.171372E+03
  3.589360E+00  1.187840E+03
  3.594780E+00  1.190679E+03
  3.600210E+00  1.188015E+03
  3.622010E+00  1.157956E+03
  3.643940E+00  1.137167E+03
  3.688200E+00  1.095770E+03
  3.733000E+00  1.061428E+03
  3.733000E+00  1.101386E+03
  3.735020E+00  1.156674E+03
  3.737030E+00  1.226146E+03
  3.739050E+00  1.298111E+03
  3.741070E+00  1.360851E+03
  3.743090E+00  1.407634E+03
  3.745110E+00  1.438288E+03
  3.747130E+00  1.456517E+03
  3.749150E+00  1.466707E+03
  3.753200E+00  1.475599E+03
  3.757260E+00  1.479571E+03
  3.765380E+00  1.484203E+03
  3.773510E+00  1.481888E+03
  3.781670E+00  1.472561E+03
  3.798030E+00  1.450552E+03
  3.864190E+00  1.382299E+03
  4.000000E+00  1.264578E+03
  4.308000E+00  1.045331E+03
  4.308000E+00  1.216902E+03
  4.310940E+00  1.216257E+03
  4.313870E+00  1.217426E+03
  4.319760E+00  1.219111E+03
  4.331540E+00  1.210107E+03
  4.343370E+00  1.199429E+03
  4.355220E+00  1.191916E+03
  4.402950E+00  1.161134E+03
  4.500000E+00  1.100887E+03
  5.000000E+00  8.462584E+02
  5.187000E+00  7.711318E+02
  5.187000E+00  8.130046E+02
  5.191750E+00  8.149803E+02
  5.196510E+00  8.154154E+02
  5.206030E+00  8.124607E+02
  5.225130E+00  8.042212E+02
  5.263540E+00  7.902290E+02
  5.341210E+00  7.624775E+02
  5.500000E+00  7.095851E+02
  5.553000E+00  6.930050E+02
  5.553000E+00  7.263498E+02
  5.556360E+00  7.236354E+02
  5.559720E+00  7.216344E+02
  5.566450E+00  7.188668E+02
  5.579940E+00  7.150696E+02
  5.607000E+00  7.068150E+02
  5.661530E+00  6.904752E+02
  5.772170E+00  6.588379E+02
  6.000000E+00  5.996742E+02
  7.000000E+00  4.108295E+02
  8.000000E+00  2.949002E+02
  9.000000E+00  2.195422E+02
  1.000000E+01  1.682944E+02
  1.100000E+01  1.321433E+02
  1.250000E+01  9.536243E+01
  1.400000E+01  7.129674E+01
  1.500000E+01  5.968535E+01
  1.717100E+01  4.206450E+01
  1.717100E+01  9.778089E+01
  1.718120E+01  1.009155E+02
  1.719140E+01  1.011005E+02
  1.720160E+01  9.984594E+01
  1.721180E+01  9.950973E+01
  1.723220E+01  9.969567E+01
  1.725270E+01  9.928332E+01
  1.729360E+01  9.889703E+01
  1.733470E+01  9.824712E+01
  1.750000E+01  9.596705E+01
  2.000000E+01  6.708417E+01
  2.095300E+01  5.913437E+01
  2.095300E+01  8.023062E+01
  2.096540E+01  8.349529E+01
  2.097780E+01  8.302146E+01
  2.099020E+01  8.262454E+01
  2.100270E+01  8.264680E+01
  2.105250E+01  8.220460E+01
  2.115240E+01  8.128831E+01
  2.135370E+01  7.935608E+01
  2.176200E+01  7.551766E+01
  2.176200E+01  8.828312E+01
  2.177680E+01  8.703215E+01
  2.179160E+01  8.705948E+01
  2.182130E+01  8.675490E+01
  2.188070E+01  8.618392E+01
  2.200000E+01  8.502453E+01
  2.500000E+01  6.158571E+01
  3.000000E+01  3.861920E+01
  3.500000E+01  2.589522E+01
  4.000000E+01  1.825828E+01
  4.500000E+01  1.338622E+01
  5.000000E+01  1.012530E+01
  5.500000E+01  7.856780E+00
  6.000000E+01  6.227533E+00
  7.000000E+01  4.119097E+00
  8.000000E+01  2.875386E+00
  9.000000E+01  2.092483E+00
  1.000000E+02  1.574010E+00
  1.100000E+02  1.216402E+00
  1.156110E+02  1.063039E+00
  1.156110E+02  4.746859E+00
  1.156820E+02  4.508302E+00
  1.157520E+02  4.506075E+00
  1.158930E+02  4.499574E+00
  1.161770E+02  4.472531E+00
  1.167450E+02  4.418444E+00
  1.178900E+02  4.310474E+00
  1.202140E+02  4.104955E+00
  1.250000E+02  3.719950E+00
  1.400000E+02  2.789374E+00
  1.500000E+02  2.338840E+00
  1.750000E+02  1.575449E+00
  2.000000E+02  1.118231E+00
  2.200000E+02  8.759604E-01
  2.500000E+02  6.323310E-01
  2.738610E+02  5.015748E-01
  3.000000E+02  3.993721E-01
  3.500000E+02  2.726661E-01
  4.000000E+02  1.971816E-01
  4.500000E+02  1.489961E-01
  5.000000E+02  1.165328E-01
  5.500000E+02  9.369557E-02
  6.000000E+02  7.705171E-02
  6.480740E+02  6.495283E-02
  7.000000E+02  5.495165E-02
  8.000000E+02  4.136173E-02
  9.000000E+02  3.240735E-02
  1.000000E+03  2.618792E-02
  1.100000E+03  2.168518E-02
  1.250000E+03  1.693830E-02
  1.400000E+03  1.368355E-02
  1.500000E+03  1.204737E-02
  1.620190E+03  1.047049E-02
  1.750000E+03  9.127078E-03
  2.000000E+03  7.231548E-03
  2.200000E+03  6.150425E-03
  2.500000E+03  4.975145E-03
  2.738610E+03  4.291399E-03
  3.000000E+03  3.716104E-03
  3.500000E+03  2.931446E-03
  4.000000E+03  2.403271E-03
  4.500000E+03  2.027089E-03
  5.000000E+03  1.747367E-03
  5.500000E+03  1.532193E-03
  6.000000E+03  1.362167E-03
  7.000000E+03  1.111621E-03
  8.000000E+03  9.367255E-04
  9.000000E+03  8.082081E-04
  1.000000E+04  7.100278E-04
  1.100000E+04  6.327105E-04
  1.250000E+04  5.434450E-04
  1.400000E+04  4.728214E-04
  1.500000E+04  4.348116E-04
  1.750000E+04  3.614610E-04
  2.000000E+04  3.088064E-04
  2.200000E+04  2.763697E-04
  2.500000E+04  2.385585E-04
  3.000000E+04  1.940120E-04
  3.500000E+04  1.633325E-04
  4.000000E+04  1.409544E-04
  4.500000E+04  1.239273E-04
  5.000000E+04  1.105461E-04
  5.500000E+04  9.975766E-05
  6.000000E+04  9.087791E-05
  7.000000E+04  7.712836E-05
  8.000000E+04  6.698146E-05
  9.000000E+04  5.918774E-05
  1.000000E+05  5.301536E-05
  1.100000E+05  4.800642E-05
  1.250000E+05  4.204527E-05
  1.400000E+05  3.739935E-05
  1.500000E+05  3.483265E-05
  1.750000E+05  2.973061E-05
  2.000000E+05  2.593165E-05
  2.200000E+05  2.352612E-05
  2.500000E+05  2.065220E-05
  3.000000E+05  1.715834E-05
  3.500000E+05  1.467534E-05
  4.000000E+05  1.282001E-05
  4.500000E+05  1.138110E-05
  5.000000E+05  1.023256E-05
  5.500000E+05  9.294574E-06
  6.000000E+05  8.514090E-06
  7.000000E+05  7.289808E-06
  8.000000E+05  6.373323E-06
  9.000000E+05  5.661547E-06
  1.000000E+06  5.092754E-06
EndElement
End
